id,name,settlement_type,megye,jaras,terulet_hektar,population,lakasok_szama,latitude,longitude,climate_zone,data_source,created_at,updated_at,region_priority
1,Aba,"város","Fejér","Székesfehérvári",8805.0,4396,1562,47.4979,19.0402,"Átmeneti",JSON_2024,"2025-07-24 14:34:07","2025-07-24 14:34:07",6
2,"Abádszalók","város","Jász-Nagykun-Szolnok",Kunhegyesi,13223.0,3799,2017,47.4979,19.0402,"Átmeneti",JSON_2024,"2025-07-24 14:34:07","2025-07-24 14:34:07",6
3,Abaliget,"község",Baranya,"Pécsi",1609.0,615,284,47.4979,19.0402,"Átmeneti",JSON_2024,"2025-07-24 14:34:07","2025-07-24 14:34:07",5
4,"Abasár","község",Heves,"Gyöngyösi",2082.0,2470,1176,47.4979,19.0402,"Átmeneti",JSON_2024,"2025-07-24 14:34:07","2025-07-24 14:34:07",6
5,"Abaújalpár","község","Borsod-Abaúj-Zemplén","Gönci",848.0,67,54,47.4979,19.0402,"Átmeneti",JSON_2024,"2025-07-24 14:34:07","2025-07-24 14:34:07",5
6,"Abaújkér","község","Borsod-Abaúj-Zemplén","Gönci",1727.0,556,278,47.4979,19.0402,"Átmeneti",JSON_2024,"2025-07-24 14:34:07","2025-07-24 14:34:07",5
7,"Abaújlak","község","Borsod-Abaúj-Zemplén","Szikszói",706.0,76,75,47.4979,19.0402,"Átmeneti",JSON_2024,"2025-07-24 14:34:07","2025-07-24 14:34:07",5
8,"Abaújszántó","város","Borsod-Abaúj-Zemplén","Gönci",4739.0,2697,1162,47.4979,19.0402,"Átmeneti",JSON_2024,"2025-07-24 14:34:07","2025-07-24 14:34:07",6
9,"Abaújszolnok","község","Borsod-Abaúj-Zemplén","Szikszói",867.0,227,50,47.4979,19.0402,"Átmeneti",JSON_2024,"2025-07-24 14:34:07","2025-07-24 14:34:07",5
10,"Abaújvár","község","Borsod-Abaúj-Zemplén","Gönci",735.0,253,139,47.4979,19.0402,"Átmeneti",JSON_2024,"2025-07-24 14:34:07","2025-07-24 14:34:07",5
11,Abda,"község","Győr-Moson-Sopron","Győri",1902.0,3217,1222,47.4979,19.0402,"Átmeneti",JSON_2024,"2025-07-24 14:34:07","2025-07-24 14:34:07",6
12,Abod,"község","Borsod-Abaúj-Zemplén","Edelényi",3116.0,147,128,47.4979,19.0402,"Átmeneti",JSON_2024,"2025-07-24 14:34:07","2025-07-24 14:34:07",5
13,Abony,"város",Pest,"Ceglédi",12797.0,14624,5959,47.4979,19.0402,"Átmeneti",JSON_2024,"2025-07-24 14:34:07","2025-07-24 14:34:07",7
14,"Ábrahámhegy","község","Veszprém",Tapolcai,1488.0,582,392,47.4979,19.0402,"Átmeneti",JSON_2024,"2025-07-24 14:34:07","2025-07-24 14:34:07",5
15,"Ács","város","Komárom-Esztergom","Komáromi",10385.0,6974,2790,47.4979,19.0402,"Átmeneti",JSON_2024,"2025-07-24 14:34:07","2025-07-24 14:34:07",6
16,Acsa,"község",Pest,"Váci",2694.0,1291,475,47.4979,19.0402,"Átmeneti",JSON_2024,"2025-07-24 14:34:07","2025-07-24 14:34:07",6
17,"Acsád","község",Vas,Szombathelyi,1434.0,603,189,47.4979,19.0402,"Átmeneti",JSON_2024,"2025-07-24 14:34:07","2025-07-24 14:34:07",5
18,Acsalag,"község","Győr-Moson-Sopron",Csornai,1042.0,471,223,47.4979,19.0402,"Átmeneti",JSON_2024,"2025-07-24 14:34:07","2025-07-24 14:34:07",5
19,"Ácsteszér","község","Komárom-Esztergom","Kisbéri",1771.0,667,239,47.4979,19.0402,"Átmeneti",JSON_2024,"2025-07-24 14:34:07","2025-07-24 14:34:07",5
20,"Adács","község",Heves,"Gyöngyösi",3794.0,2542,1193,47.4979,19.0402,"Átmeneti",JSON_2024,"2025-07-24 14:34:07","2025-07-24 14:34:07",6
21,"Ádánd","község",Somogy,"Siófoki",2952.0,2083,834,47.4979,19.0402,"Átmeneti",JSON_2024,"2025-07-24 14:34:07","2025-07-24 14:34:07",6
22,"Adásztevel","község","Veszprém","Pápai",837.0,760,320,47.4979,19.0402,"Átmeneti",JSON_2024,"2025-07-24 14:34:07","2025-07-24 14:34:07",5
23,Adony,"város","Fejér","Dunaújvárosi",6105.0,4031,1681,47.4979,19.0402,"Átmeneti",JSON_2024,"2025-07-24 14:34:07","2025-07-24 14:34:07",6
24,"Adorjánháza","község","Veszprém",Devecseri,1143.0,329,197,47.4979,19.0402,"Átmeneti",JSON_2024,"2025-07-24 14:34:07","2025-07-24 14:34:07",5
25,"Adorjás","község",Baranya,Sellyei,810.0,165,59,47.4979,19.0402,"Átmeneti",JSON_2024,"2025-07-24 14:34:07","2025-07-24 14:34:07",5
26,"Ág","község",Baranya,"Hegyháti",1203.0,156,66,47.4979,19.0402,"Átmeneti",JSON_2024,"2025-07-24 14:34:07","2025-07-24 14:34:07",5
27,"Ágasegyháza","község","Bács-Kiskun","Kecskeméti",5587.0,1875,891,47.4979,19.0402,"Átmeneti",JSON_2024,"2025-07-24 14:34:07","2025-07-24 14:34:07",6
28,"Ágfalva","község","Győr-Moson-Sopron",Soproni,1307.0,2404,865,47.4979,19.0402,"Átmeneti",JSON_2024,"2025-07-24 14:34:07","2025-07-24 14:34:07",6
29,Aggtelek,"község","Borsod-Abaúj-Zemplén",Putnoki,4382.0,451,241,47.4979,19.0402,"Átmeneti",JSON_2024,"2025-07-24 14:34:07","2025-07-24 14:34:07",5
30,"Agyagosszergény","község","Győr-Moson-Sopron","Kapuvári",1988.0,938,388,47.4979,19.0402,"Átmeneti",JSON_2024,"2025-07-24 14:34:07","2025-07-24 14:34:07",5
31,Ajak,"város","Szabolcs-Szatmár-Bereg","Kisvárdai",2476.0,3237,1288,47.4979,19.0402,"Átmeneti",JSON_2024,"2025-07-24 14:34:07","2025-07-24 14:34:07",6
32,Ajka,"város","Veszprém",Ajkai,9504.0,26408,12895,47.4979,19.0402,"Átmeneti",JSON_2024,"2025-07-24 14:34:07","2025-07-24 14:34:07",7
33,Aka,"község","Komárom-Esztergom","Kisbéri",1809.0,242,125,47.4979,19.0402,"Átmeneti",JSON_2024,"2025-07-24 14:34:07","2025-07-24 14:34:07",5
34,"Akasztó","község","Bács-Kiskun","Kiskőrösi",6488.0,3146,1533,47.4979,19.0402,"Átmeneti",JSON_2024,"2025-07-24 14:34:07","2025-07-24 14:34:07",6
35,Alacska,"község","Borsod-Abaúj-Zemplén",Kazincbarcikai,856.0,635,267,47.4979,19.0402,"Átmeneti",JSON_2024,"2025-07-24 14:34:07","2025-07-24 14:34:07",5
36,Alap,"község","Fejér","Sárbogárdi",4829.0,1860,848,47.4979,19.0402,"Átmeneti",JSON_2024,"2025-07-24 14:34:07","2025-07-24 14:34:07",6
37,"Alattyán","község","Jász-Nagykun-Szolnok","Jászapáti",3429.0,2096,884,47.4979,19.0402,"Átmeneti",JSON_2024,"2025-07-24 14:34:07","2025-07-24 14:34:07",6
38,Albertirsa,"város",Pest,"Ceglédi",7300.0,13724,5261,47.4979,19.0402,"Átmeneti",JSON_2024,"2025-07-24 14:34:07","2025-07-24 14:34:07",7
39,"Alcsútdoboz","község","Fejér",Bicskei,5071.0,1533,576,47.4979,19.0402,"Átmeneti",JSON_2024,"2025-07-24 14:34:07","2025-07-24 14:34:07",6
40,"Aldebrő","község",Heves,"Füzesabonyi",2178.0,680,347,47.4979,19.0402,"Átmeneti",JSON_2024,"2025-07-24 14:34:07","2025-07-24 14:34:07",5
41,"Algyő","nagyközség","Csongrád-Csanád",Szegedi,7577.0,5416,2089,47.4979,19.0402,"Átmeneti",JSON_2024,"2025-07-24 14:34:07","2025-07-24 14:34:07",6
42,"Alibánfa","község",Zala,Zalaegerszegi,584.0,436,171,47.4979,19.0402,"Átmeneti",JSON_2024,"2025-07-24 14:34:07","2025-07-24 14:34:07",5
43,"Almamellék","község",Baranya,"Szigetvári",4433.0,399,170,47.4979,19.0402,"Átmeneti",JSON_2024,"2025-07-24 14:34:07","2025-07-24 14:34:07",5
44,"Almásfüzitő","község","Komárom-Esztergom","Komáromi",818.0,2104,1119,47.4979,19.0402,"Átmeneti",JSON_2024,"2025-07-24 14:34:07","2025-07-24 14:34:07",6
45,"Almásháza","község",Zala,Zalaegerszegi,498.0,78,40,47.4979,19.0402,"Átmeneti",JSON_2024,"2025-07-24 14:34:07","2025-07-24 14:34:07",5
46,"Almáskamarás","község","Békés","Mezőkovácsházai",1471.0,668,422,47.4979,19.0402,"Átmeneti",JSON_2024,"2025-07-24 14:34:07","2025-07-24 14:34:07",5
47,"Almáskeresztúr","község",Baranya,"Szigetvári",1303.0,86,51,47.4979,19.0402,"Átmeneti",JSON_2024,"2025-07-24 14:34:07","2025-07-24 14:34:07",5
48,"Álmosd","község","Hajdú-Bihar","Nyíradonyi",3413.0,1610,675,47.4979,19.0402,"Átmeneti",JSON_2024,"2025-07-24 14:34:07","2025-07-24 14:34:07",6
49,"Alsóberecki","község","Borsod-Abaúj-Zemplén","Sátoraljaújhelyi",686.0,650,280,47.4979,19.0402,"Átmeneti",JSON_2024,"2025-07-24 14:34:07","2025-07-24 14:34:07",5
50,"Alsóbogát","község",Somogy,"Kaposvári",1201.0,227,98,47.4979,19.0402,"Átmeneti",JSON_2024,"2025-07-24 14:34:07","2025-07-24 14:34:07",5
51,"Alsódobsza","község","Borsod-Abaúj-Zemplén",Szerencsi,1068.0,287,137,47.4979,19.0402,"Átmeneti",JSON_2024,"2025-07-24 14:34:07","2025-07-24 14:34:07",5
52,"Alsógagy","község","Borsod-Abaúj-Zemplén",Encsi,628.0,89,51,47.4979,19.0402,"Átmeneti",JSON_2024,"2025-07-24 14:34:07","2025-07-24 14:34:07",5
53,"Alsómocsolád","község",Baranya,"Hegyháti",1300.0,257,134,47.4979,19.0402,"Átmeneti",JSON_2024,"2025-07-24 14:34:07","2025-07-24 14:34:07",5
54,"Alsónána","község",Tolna,"Szekszárdi",1314.0,648,281,47.4979,19.0402,"Átmeneti",JSON_2024,"2025-07-24 14:34:07","2025-07-24 14:34:07",5
55,"Alsónémedi","nagyközség",Pest,"Gyáli",4907.0,5582,2183,47.4979,19.0402,"Átmeneti",JSON_2024,"2025-07-24 14:34:07","2025-07-24 14:34:07",6
56,"Alsónemesapáti","község",Zala,Zalaegerszegi,1451.0,665,274,47.4979,19.0402,"Átmeneti",JSON_2024,"2025-07-24 14:34:07","2025-07-24 14:34:07",5
57,"Alsónyék","község",Tolna,"Szekszárdi",3201.0,652,301,47.4979,19.0402,"Átmeneti",JSON_2024,"2025-07-24 14:34:07","2025-07-24 14:34:07",5
58,"Alsóörs","község","Veszprém","Balatonfüredi",3334.0,1903,1018,47.4979,19.0402,"Átmeneti",JSON_2024,"2025-07-24 14:34:07","2025-07-24 14:34:07",6
59,"Alsópáhok","község",Zala,Keszthelyi,1802.0,1443,852,47.4979,19.0402,"Átmeneti",JSON_2024,"2025-07-24 14:34:07","2025-07-24 14:34:07",6
60,"Alsópetény","község","Nógrád","Rétsági",1968.0,564,304,47.4979,19.0402,"Átmeneti",JSON_2024,"2025-07-24 14:34:07","2025-07-24 14:34:07",5
61,"Alsórajk","község",Zala,Nagykanizsai,845.0,326,165,47.4979,19.0402,"Átmeneti",JSON_2024,"2025-07-24 14:34:07","2025-07-24 14:34:07",5
62,"Alsóregmec","község","Borsod-Abaúj-Zemplén","Sátoraljaújhelyi",1540.0,194,88,47.4979,19.0402,"Átmeneti",JSON_2024,"2025-07-24 14:34:07","2025-07-24 14:34:07",5
63,"Alsószenterzsébet","község",Zala,Lenti,963.0,48,39,47.4979,19.0402,"Átmeneti",JSON_2024,"2025-07-24 14:34:07","2025-07-24 14:34:07",5
64,"Alsószentiván","község","Fejér","Sárbogárdi",3965.0,533,281,47.4979,19.0402,"Átmeneti",JSON_2024,"2025-07-24 14:34:07","2025-07-24 14:34:07",5
65,"Alsószentmárton","község",Baranya,"Siklósi",1361.0,1198,293,47.4979,19.0402,"Átmeneti",JSON_2024,"2025-07-24 14:34:07","2025-07-24 14:34:07",6
66,"Alsószölnök","község",Vas,"Szentgotthárdi",1002.0,342,172,47.4979,19.0402,"Átmeneti",JSON_2024,"2025-07-24 14:34:07","2025-07-24 14:34:07",5
67,"Alsószuha","község","Borsod-Abaúj-Zemplén",Putnoki,2242.0,379,165,47.4979,19.0402,"Átmeneti",JSON_2024,"2025-07-24 14:34:07","2025-07-24 14:34:07",5
68,"Alsótelekes","község","Borsod-Abaúj-Zemplén",Kazincbarcikai,644.0,113,93,47.4979,19.0402,"Átmeneti",JSON_2024,"2025-07-24 14:34:07","2025-07-24 14:34:07",5
69,"Alsótold","község","Nógrád","Pásztói",786.0,232,114,47.4979,19.0402,"Átmeneti",JSON_2024,"2025-07-24 14:34:07","2025-07-24 14:34:07",5
70,"Alsóújlak","község",Vas,"Vasvári",2102.0,538,283,47.4979,19.0402,"Átmeneti",JSON_2024,"2025-07-24 14:34:07","2025-07-24 14:34:07",5
71,"Alsóvadász","község","Borsod-Abaúj-Zemplén","Szikszói",2290.0,1543,439,47.4979,19.0402,"Átmeneti",JSON_2024,"2025-07-24 14:34:07","2025-07-24 14:34:07",6
72,"Alsózsolca","város","Borsod-Abaúj-Zemplén",Miskolci,2602.0,5502,1877,47.4979,19.0402,"Átmeneti",JSON_2024,"2025-07-24 14:34:07","2025-07-24 14:34:07",6
73,"Ambrózfalva","község","Csongrád-Csanád","Makói",1122.0,415,241,47.4979,19.0402,"Átmeneti",JSON_2024,"2025-07-24 14:34:07","2025-07-24 14:34:07",5
74,Anarcs,"község","Szabolcs-Szatmár-Bereg","Kisvárdai",1706.0,1811,639,47.4979,19.0402,"Átmeneti",JSON_2024,"2025-07-24 14:34:07","2025-07-24 14:34:07",6
75,Andocs,"község",Somogy,Tabi,4327.0,948,457,47.4979,19.0402,"Átmeneti",JSON_2024,"2025-07-24 14:34:07","2025-07-24 14:34:07",5
76,"Andornaktálya","község",Heves,Egri,1675.0,2603,1053,47.4979,19.0402,"Átmeneti",JSON_2024,"2025-07-24 14:34:07","2025-07-24 14:34:07",6
77,"Andrásfa","község",Vas,"Vasvári",823.0,223,133,47.4979,19.0402,"Átmeneti",JSON_2024,"2025-07-24 14:34:07","2025-07-24 14:34:07",5
78,"Annavölgy","község","Komárom-Esztergom",Esztergomi,483.0,863,393,47.4979,19.0402,"Átmeneti",JSON_2024,"2025-07-24 14:34:07","2025-07-24 14:34:07",5
79,"Apácatorna","község","Veszprém",Devecseri,729.0,141,80,47.4979,19.0402,"Átmeneti",JSON_2024,"2025-07-24 14:34:07","2025-07-24 14:34:07",5
80,Apagy,"község","Szabolcs-Szatmár-Bereg","Nyíregyházi",3199.0,2192,853,47.4979,19.0402,"Átmeneti",JSON_2024,"2025-07-24 14:34:07","2025-07-24 14:34:07",6
81,Apaj,"község",Pest,"Ráckevei",7104.0,1095,428,47.4979,19.0402,"Átmeneti",JSON_2024,"2025-07-24 14:34:07","2025-07-24 14:34:07",6
82,Aparhant,"község",Tolna,"Bonyhádi",1797.0,910,385,47.4979,19.0402,"Átmeneti",JSON_2024,"2025-07-24 14:34:07","2025-07-24 14:34:07",5
83,"Apátfalva","község","Csongrád-Csanád","Makói",5384.0,2777,1509,47.4979,19.0402,"Átmeneti",JSON_2024,"2025-07-24 14:34:07","2025-07-24 14:34:07",6
84,"Apátistvánfalva","község",Vas,"Szentgotthárdi",1286.0,385,161,47.4979,19.0402,"Átmeneti",JSON_2024,"2025-07-24 14:34:07","2025-07-24 14:34:07",5
85,"Apátvarasd","község",Baranya,"Pécsváradi",814.0,116,40,47.4979,19.0402,"Átmeneti",JSON_2024,"2025-07-24 14:34:07","2025-07-24 14:34:07",5
86,Apc,"község",Heves,Hatvani,2046.0,2381,1087,47.4979,19.0402,"Átmeneti",JSON_2024,"2025-07-24 14:34:07","2025-07-24 14:34:07",6
87,"Áporka","község",Pest,"Ráckevei",1747.0,1260,530,47.4979,19.0402,"Átmeneti",JSON_2024,"2025-07-24 14:34:07","2025-07-24 14:34:07",6
88,Apostag,"község","Bács-Kiskun","Kunszentmiklósi",3194.0,2043,979,47.4979,19.0402,"Átmeneti",JSON_2024,"2025-07-24 14:34:07","2025-07-24 14:34:07",6
89,"Aranyosapáti","község","Szabolcs-Szatmár-Bereg","Vásárosnaményi",2112.0,2024,640,47.4979,19.0402,"Átmeneti",JSON_2024,"2025-07-24 14:34:07","2025-07-24 14:34:07",6
90,"Aranyosgadány","község",Baranya,"Pécsi",826.0,321,137,47.4979,19.0402,"Átmeneti",JSON_2024,"2025-07-24 14:34:07","2025-07-24 14:34:07",5
91,Arka,"község","Borsod-Abaúj-Zemplén","Gönci",949.0,51,72,47.4979,19.0402,"Átmeneti",JSON_2024,"2025-07-24 14:34:07","2025-07-24 14:34:07",5
92,"Arló","nagyközség","Borsod-Abaúj-Zemplén","Ózdi",4687.0,3514,1120,47.4979,19.0402,"Átmeneti",JSON_2024,"2025-07-24 14:34:07","2025-07-24 14:34:07",6
93,"Arnót","község","Borsod-Abaúj-Zemplén",Miskolci,1754.0,2244,819,47.4979,19.0402,"Átmeneti",JSON_2024,"2025-07-24 14:34:07","2025-07-24 14:34:07",6
94,"Ároktő","község","Borsod-Abaúj-Zemplén","Mezőcsáti",4641.0,1017,452,47.4979,19.0402,"Átmeneti",JSON_2024,"2025-07-24 14:34:07","2025-07-24 14:34:07",6
95,"Árpádhalom","község","Csongrád-Csanád",Szentesi,4520.0,384,227,47.4979,19.0402,"Átmeneti",JSON_2024,"2025-07-24 14:34:07","2025-07-24 14:34:07",5
96,"Árpás","község","Győr-Moson-Sopron","Téti",1425.0,269,143,47.4979,19.0402,"Átmeneti",JSON_2024,"2025-07-24 14:34:07","2025-07-24 14:34:07",5
97,"Ártánd","község","Hajdú-Bihar","Berettyóújfalui",1981.0,500,234,47.4979,19.0402,"Átmeneti",JSON_2024,"2025-07-24 14:34:07","2025-07-24 14:34:07",5
98,"Ásotthalom","nagyközség","Csongrád-Csanád","Mórahalmi",12254.0,3682,1900,47.4979,19.0402,"Átmeneti",JSON_2024,"2025-07-24 14:34:07","2025-07-24 14:34:07",6
99,"Ásványráró","község","Győr-Moson-Sopron","Mosonmagyaróvári",3911.0,2165,895,47.4979,19.0402,"Átmeneti",JSON_2024,"2025-07-24 14:34:07","2025-07-24 14:34:07",6
100,"Aszaló","község","Borsod-Abaúj-Zemplén","Szikszói",2536.0,1872,620,47.4979,19.0402,"Átmeneti",JSON_2024,"2025-07-24 14:34:07","2025-07-24 14:34:07",6
101,"Ászár","község","Komárom-Esztergom","Kisbéri",1868.0,1401,673,47.4979,19.0402,"Átmeneti",JSON_2024,"2025-07-24 14:34:07","2025-07-24 14:34:07",6
102,"Aszód","város",Pest,"Aszódi",1620.0,6129,2645,47.4979,19.0402,"Átmeneti",JSON_2024,"2025-07-24 14:34:07","2025-07-24 14:34:07",6
103,"Aszófő","község","Veszprém","Balatonfüredi",832.0,482,202,47.4979,19.0402,"Átmeneti",JSON_2024,"2025-07-24 14:34:07","2025-07-24 14:34:07",5
104,"Áta","község",Baranya,"Pécsi",809.0,159,87,47.4979,19.0402,"Átmeneti",JSON_2024,"2025-07-24 14:34:07","2025-07-24 14:34:07",5
105,"Átány","község",Heves,Hevesi,5044.0,1440,517,47.4979,19.0402,"Átmeneti",JSON_2024,"2025-07-24 14:34:07","2025-07-24 14:34:07",6
106,"Atkár","község",Heves,"Gyöngyösi",3376.0,1748,741,47.4979,19.0402,"Átmeneti",JSON_2024,"2025-07-24 14:34:07","2025-07-24 14:34:07",6
107,Attala,"község",Tolna,"Dombóvári",2064.0,702,346,47.4979,19.0402,"Átmeneti",JSON_2024,"2025-07-24 14:34:07","2025-07-24 14:34:07",5
108,Babarc,"község",Baranya,"Bólyi",1885.0,661,310,47.4979,19.0402,"Átmeneti",JSON_2024,"2025-07-24 14:34:07","2025-07-24 14:34:07",5
109,"Babarcszőlős","község",Baranya,"Siklósi",425.0,92,60,47.4979,19.0402,"Átmeneti",JSON_2024,"2025-07-24 14:34:07","2025-07-24 14:34:07",5
110,"Babócsa","község",Somogy,Barcsi,3099.0,1344,685,47.4979,19.0402,"Átmeneti",JSON_2024,"2025-07-24 14:34:07","2025-07-24 14:34:07",6
111,"Bábolna","város","Komárom-Esztergom","Komáromi",3354.0,3397,1388,47.4979,19.0402,"Átmeneti",JSON_2024,"2025-07-24 14:34:07","2025-07-24 14:34:07",6
112,"Bábonymegyer","község",Somogy,Tabi,2193.0,779,341,47.4979,19.0402,"Átmeneti",JSON_2024,"2025-07-24 14:34:07","2025-07-24 14:34:07",5
113,"Babosdöbréte","község",Zala,Zalaegerszegi,1252.0,507,240,47.4979,19.0402,"Átmeneti",JSON_2024,"2025-07-24 14:34:07","2025-07-24 14:34:07",5
114,"Babót","község","Győr-Moson-Sopron","Kapuvári",2167.0,1066,490,47.4979,19.0402,"Átmeneti",JSON_2024,"2025-07-24 14:34:07","2025-07-24 14:34:07",6
115,"Bácsalmás","város","Bács-Kiskun","Bácsalmási",10829.0,6042,3109,47.4979,19.0402,"Átmeneti",JSON_2024,"2025-07-24 14:34:07","2025-07-24 14:34:07",6
116,"Bácsbokod","nagyközség","Bács-Kiskun","Bácsalmási",6393.0,2258,1176,47.4979,19.0402,"Átmeneti",JSON_2024,"2025-07-24 14:34:07","2025-07-24 14:34:07",6
117,"Bácsborsód","község","Bács-Kiskun","Bácsalmási",7752.0,1028,419,47.4979,19.0402,"Átmeneti",JSON_2024,"2025-07-24 14:34:07","2025-07-24 14:34:07",6
118,"Bácsszentgyörgy","község","Bács-Kiskun",Bajai,1474.0,125,86,47.4979,19.0402,"Átmeneti",JSON_2024,"2025-07-24 14:34:07","2025-07-24 14:34:07",5
119,"Bácsszőlős","község","Bács-Kiskun","Bácsalmási",3883.0,297,211,47.4979,19.0402,"Átmeneti",JSON_2024,"2025-07-24 14:34:07","2025-07-24 14:34:07",5
120,Badacsonytomaj,"város","Veszprém",Tapolcai,3270.0,2149,1179,47.4979,19.0402,"Átmeneti",JSON_2024,"2025-07-24 14:34:07","2025-07-24 14:34:07",6
121,"Badacsonytördemic","község","Veszprém",Tapolcai,1025.0,873,503,47.4979,19.0402,"Átmeneti",JSON_2024,"2025-07-24 14:34:07","2025-07-24 14:34:07",5
122,Bag,"nagyközség",Pest,"Aszódi",2355.0,3682,1340,47.4979,19.0402,"Átmeneti",JSON_2024,"2025-07-24 14:34:07","2025-07-24 14:34:07",6
123,"Bagamér","nagyközség","Hajdú-Bihar","Nyíradonyi",4702.0,2350,936,47.4979,19.0402,"Átmeneti",JSON_2024,"2025-07-24 14:34:07","2025-07-24 14:34:07",6
124,Baglad,"község",Zala,Lenti,486.0,43,38,47.4979,19.0402,"Átmeneti",JSON_2024,"2025-07-24 14:34:07","2025-07-24 14:34:07",5
125,Bagod,"község",Zala,Zalaegerszegi,1637.0,1197,471,47.4979,19.0402,"Átmeneti",JSON_2024,"2025-07-24 14:34:07","2025-07-24 14:34:07",6
126,"Bágyogszovát","község","Győr-Moson-Sopron",Csornai,2406.0,1272,553,47.4979,19.0402,"Átmeneti",JSON_2024,"2025-07-24 14:34:07","2025-07-24 14:34:07",6
127,Baj,"község","Komárom-Esztergom",Tatai,2112.0,2892,1672,47.4979,19.0402,"Átmeneti",JSON_2024,"2025-07-24 14:34:07","2025-07-24 14:34:07",6
128,Baja,"megyei jogú város","Bács-Kiskun",Bajai,17789.0,32759,17296,47.4979,19.0402,"Átmeneti",JSON_2024,"2025-07-24 14:34:07","2025-07-24 14:34:07",8
129,"Bajánsenye","község",Vas,"Körmendi",2185.0,472,244,47.4979,19.0402,"Átmeneti",JSON_2024,"2025-07-24 14:34:07","2025-07-24 14:34:07",5
130,Bajna,"község","Komárom-Esztergom",Esztergomi,3726.0,1833,782,47.4979,19.0402,"Átmeneti",JSON_2024,"2025-07-24 14:34:07","2025-07-24 14:34:07",6
131,"Bajót","község","Komárom-Esztergom",Esztergomi,1643.0,1617,551,47.4979,19.0402,"Átmeneti",JSON_2024,"2025-07-24 14:34:07","2025-07-24 14:34:07",6
132,Bak,"község",Zala,Zalaegerszegi,2305.0,1515,579,47.4979,19.0402,"Átmeneti",JSON_2024,"2025-07-24 14:34:07","2025-07-24 14:34:07",6
133,"Bakháza","község",Somogy,"Nagyatádi",592.0,160,80,47.4979,19.0402,"Átmeneti",JSON_2024,"2025-07-24 14:34:07","2025-07-24 14:34:07",5
134,"Bakóca","község",Baranya,"Hegyháti",1065.0,262,134,47.4979,19.0402,"Átmeneti",JSON_2024,"2025-07-24 14:34:07","2025-07-24 14:34:07",5
135,Bakonszeg,"község","Hajdú-Bihar","Berettyóújfalui",3503.0,1082,596,47.4979,19.0402,"Átmeneti",JSON_2024,"2025-07-24 14:34:07","2025-07-24 14:34:07",6
136,Bakonya,"község",Baranya,"Pécsi",1507.0,342,138,47.4979,19.0402,"Átmeneti",JSON_2024,"2025-07-24 14:34:07","2025-07-24 14:34:07",5
137,"Bakonybánk","község","Komárom-Esztergom","Kisbéri",1506.0,380,202,47.4979,19.0402,"Átmeneti",JSON_2024,"2025-07-24 14:34:07","2025-07-24 14:34:07",5
138,"Bakonybél","község","Veszprém",Zirci,2436.0,1108,571,47.4979,19.0402,"Átmeneti",JSON_2024,"2025-07-24 14:34:07","2025-07-24 14:34:07",6
139,Bakonycsernye,"nagyközség","Fejér","Móri",3813.0,2946,1213,47.4979,19.0402,"Átmeneti",JSON_2024,"2025-07-24 14:34:07","2025-07-24 14:34:07",6
140,"Bakonygyirót","község","Győr-Moson-Sopron",Pannonhalmi,685.0,160,112,47.4979,19.0402,"Átmeneti",JSON_2024,"2025-07-24 14:34:07","2025-07-24 14:34:07",5
141,"Bakonyjákó","község","Veszprém","Pápai",4716.0,665,280,47.4979,19.0402,"Átmeneti",JSON_2024,"2025-07-24 14:34:07","2025-07-24 14:34:07",5
142,"Bakonykoppány","község","Veszprém","Pápai",683.0,175,117,47.4979,19.0402,"Átmeneti",JSON_2024,"2025-07-24 14:34:07","2025-07-24 14:34:07",5
143,"Bakonykúti","község","Fejér","Székesfehérvári",1245.0,154,90,47.4979,19.0402,"Átmeneti",JSON_2024,"2025-07-24 14:34:07","2025-07-24 14:34:07",5
144,"Bakonynána","község","Veszprém",Zirci,1493.0,916,368,47.4979,19.0402,"Átmeneti",JSON_2024,"2025-07-24 14:34:07","2025-07-24 14:34:07",5
145,Bakonyoszlop,"község","Veszprém",Zirci,1420.0,439,208,47.4979,19.0402,"Átmeneti",JSON_2024,"2025-07-24 14:34:07","2025-07-24 14:34:07",5
146,"Bakonypéterd","község","Győr-Moson-Sopron",Pannonhalmi,1002.0,287,129,47.4979,19.0402,"Átmeneti",JSON_2024,"2025-07-24 14:34:07","2025-07-24 14:34:07",5
147,"Bakonypölöske","község","Veszprém","Pápai",1104.0,390,160,47.4979,19.0402,"Átmeneti",JSON_2024,"2025-07-24 14:34:07","2025-07-24 14:34:07",5
148,"Bakonyság","község","Veszprém","Pápai",857.0,55,56,47.4979,19.0402,"Átmeneti",JSON_2024,"2025-07-24 14:34:07","2025-07-24 14:34:07",5
149,"Bakonysárkány","község","Komárom-Esztergom","Kisbéri",1412.0,949,390,47.4979,19.0402,"Átmeneti",JSON_2024,"2025-07-24 14:34:07","2025-07-24 14:34:07",5
150,"Bakonyszentiván","község","Veszprém","Pápai",914.0,215,99,47.4979,19.0402,"Átmeneti",JSON_2024,"2025-07-24 14:34:07","2025-07-24 14:34:07",5
151,"Bakonyszentkirály","község","Veszprém",Zirci,2790.0,772,384,47.4979,19.0402,"Átmeneti",JSON_2024,"2025-07-24 14:34:07","2025-07-24 14:34:07",5
152,"Bakonyszentlászló","község","Győr-Moson-Sopron",Pannonhalmi,3851.0,1583,775,47.4979,19.0402,"Átmeneti",JSON_2024,"2025-07-24 14:34:07","2025-07-24 14:34:07",6
153,Bakonyszombathely,"község","Komárom-Esztergom","Kisbéri",3652.0,1292,602,47.4979,19.0402,"Átmeneti",JSON_2024,"2025-07-24 14:34:07","2025-07-24 14:34:07",6
154,"Bakonyszücs","község","Veszprém","Pápai",3520.0,255,149,47.4979,19.0402,"Átmeneti",JSON_2024,"2025-07-24 14:34:07","2025-07-24 14:34:07",5
155,"Bakonytamási","község","Veszprém","Pápai",2049.0,565,287,47.4979,19.0402,"Átmeneti",JSON_2024,"2025-07-24 14:34:07","2025-07-24 14:34:07",5
156,Baks,"község","Csongrád-Csanád",Kisteleki,6192.0,1893,870,47.4979,19.0402,"Átmeneti",JSON_2024,"2025-07-24 14:34:07","2025-07-24 14:34:07",6
157,Baksa,"község",Baranya,Sellyei,1382.0,781,282,47.4979,19.0402,"Átmeneti",JSON_2024,"2025-07-24 14:34:07","2025-07-24 14:34:07",5
158,"Baktakék","község","Borsod-Abaúj-Zemplén",Encsi,1879.0,790,267,47.4979,19.0402,"Átmeneti",JSON_2024,"2025-07-24 14:34:07","2025-07-24 14:34:07",5
159,"Baktalórántháza","város","Szabolcs-Szatmár-Bereg","Baktalórántházai",3524.0,3554,1127,47.4979,19.0402,"Átmeneti",JSON_2024,"2025-07-24 14:34:07","2025-07-24 14:34:07",6
160,"Baktüttös","község",Zala,Zalaegerszegi,971.0,330,142,47.4979,19.0402,"Átmeneti",JSON_2024,"2025-07-24 14:34:07","2025-07-24 14:34:07",5
161,Balajt,"község","Borsod-Abaúj-Zemplén","Edelényi",903.0,508,143,47.4979,19.0402,"Átmeneti",JSON_2024,"2025-07-24 14:34:07","2025-07-24 14:34:07",5
162,Balassagyarmat,"város","Nógrád",Balassagyarmati,2333.0,13917,6747,47.4979,19.0402,"Átmeneti",JSON_2024,"2025-07-24 14:34:07","2025-07-24 14:34:07",7
163,"Balástya","község","Csongrád-Csanád",Kisteleki,11000.0,3233,1817,47.4979,19.0402,"Átmeneti",JSON_2024,"2025-07-24 14:34:07","2025-07-24 14:34:07",6
164,Balaton,"község",Heves,"Bélapátfalvai",1320.0,922,439,47.4979,19.0402,"Átmeneti",JSON_2024,"2025-07-24 14:34:07","2025-07-24 14:34:07",5
165,Balatonakali,"község","Veszprém","Balatonfüredi",3620.0,686,549,47.4979,19.0402,"Átmeneti",JSON_2024,"2025-07-24 14:34:07","2025-07-24 14:34:07",5
166,Balatonakarattya,"község","Veszprém","Balatonalmádi",2139.0,1128,569,47.4979,19.0402,"Átmeneti",JSON_2024,"2025-07-24 14:34:07","2025-07-24 14:34:07",6
167,"Balatonalmádi","város","Veszprém","Balatonalmádi",4988.0,10000,5068,47.4979,19.0402,"Átmeneti",JSON_2024,"2025-07-24 14:34:07","2025-07-24 14:34:07",7
168,"Balatonberény","község",Somogy,Marcali,2609.0,1187,890,47.4979,19.0402,"Átmeneti",JSON_2024,"2025-07-24 14:34:07","2025-07-24 14:34:07",6
169,"Balatonboglár","város",Somogy,"Fonyódi",3204.0,5390,3036,47.4979,19.0402,"Átmeneti",JSON_2024,"2025-07-24 14:34:07","2025-07-24 14:34:07",6
170,"Balatoncsicsó","község","Veszprém","Balatonfüredi",1318.0,297,109,47.4979,19.0402,"Átmeneti",JSON_2024,"2025-07-24 14:34:07","2025-07-24 14:34:07",5
171,Balatonederics,"község","Veszprém",Tapolcai,1858.0,1040,518,47.4979,19.0402,"Átmeneti",JSON_2024,"2025-07-24 14:34:07","2025-07-24 14:34:07",6
172,"Balatonendréd","község",Somogy,"Siófoki",4002.0,1318,612,47.4979,19.0402,"Átmeneti",JSON_2024,"2025-07-24 14:34:07","2025-07-24 14:34:07",6
173,Balatonfenyves,"község",Somogy,"Fonyódi",5193.0,2019,1351,47.4979,19.0402,"Átmeneti",JSON_2024,"2025-07-24 14:34:07","2025-07-24 14:34:07",6
174,"Balatonfőkajár","község","Veszprém","Balatonalmádi",2192.0,1312,620,47.4979,19.0402,"Átmeneti",JSON_2024,"2025-07-24 14:34:07","2025-07-24 14:34:07",6
175,"Balatonföldvár","város",Somogy,"Siófoki",1533.0,2251,1408,47.4979,19.0402,"Átmeneti",JSON_2024,"2025-07-24 14:34:07","2025-07-24 14:34:07",6
176,"Balatonfüred","város","Veszprém","Balatonfüredi",4645.0,12925,7086,47.4979,19.0402,"Átmeneti",JSON_2024,"2025-07-24 14:34:07","2025-07-24 14:34:07",7
177,"Balatonfűzfő","város","Veszprém","Balatonalmádi",925.0,4537,2150,47.4979,19.0402,"Átmeneti",JSON_2024,"2025-07-24 14:34:07","2025-07-24 14:34:07",6
178,"Balatongyörök","község",Zala,Keszthelyi,3759.0,1283,684,47.4979,19.0402,"Átmeneti",JSON_2024,"2025-07-24 14:34:07","2025-07-24 14:34:07",6
179,Balatonhenye,"község","Veszprém",Tapolcai,1173.0,125,55,47.4979,19.0402,"Átmeneti",JSON_2024,"2025-07-24 14:34:07","2025-07-24 14:34:07",5
180,Balatonkenese,"város","Veszprém","Balatonalmádi",4418.0,2559,1437,47.4979,19.0402,"Átmeneti",JSON_2024,"2025-07-24 14:34:07","2025-07-24 14:34:07",6
181,"Balatonkeresztúr","község",Somogy,Marcali,2106.0,1645,867,47.4979,19.0402,"Átmeneti",JSON_2024,"2025-07-24 14:34:07","2025-07-24 14:34:07",6
182,Balatonlelle,"város",Somogy,"Fonyódi",4323.0,4904,3356,47.4979,19.0402,"Átmeneti",JSON_2024,"2025-07-24 14:34:07","2025-07-24 14:34:07",6
183,"Balatonmagyaród","község",Zala,Nagykanizsai,3153.0,389,256,47.4979,19.0402,"Átmeneti",JSON_2024,"2025-07-24 14:34:07","2025-07-24 14:34:07",5
184,"Balatonmáriafürdő","község",Somogy,Marcali,2677.0,835,476,47.4979,19.0402,"Átmeneti",JSON_2024,"2025-07-24 14:34:07","2025-07-24 14:34:07",5
185,"Balatonőszöd","község",Somogy,"Siófoki",1508.0,592,586,47.4979,19.0402,"Átmeneti",JSON_2024,"2025-07-24 14:34:07","2025-07-24 14:34:07",5
186,Balatonrendes,"község","Veszprém",Tapolcai,675.0,180,104,47.4979,19.0402,"Átmeneti",JSON_2024,"2025-07-24 14:34:07","2025-07-24 14:34:07",5
187,Balatonszabadi,"község",Somogy,"Siófoki",4134.0,2900,1238,47.4979,19.0402,"Átmeneti",JSON_2024,"2025-07-24 14:34:07","2025-07-24 14:34:07",6
188,"Balatonszárszó","nagyközség",Somogy,"Siófoki",3012.0,2041,1056,47.4979,19.0402,"Átmeneti",JSON_2024,"2025-07-24 14:34:07","2025-07-24 14:34:07",6
189,Balatonszemes,"község",Somogy,"Siófoki",3602.0,1663,985,47.4979,19.0402,"Átmeneti",JSON_2024,"2025-07-24 14:34:07","2025-07-24 14:34:07",6
190,"Balatonszentgyörgy","község",Somogy,Marcali,2368.0,1446,733,47.4979,19.0402,"Átmeneti",JSON_2024,"2025-07-24 14:34:07","2025-07-24 14:34:07",6
191,Balatonszepezd,"község","Veszprém","Balatonfüredi",2505.0,450,262,47.4979,19.0402,"Átmeneti",JSON_2024,"2025-07-24 14:34:07","2025-07-24 14:34:07",5
192,"Balatonszőlős","község","Veszprém","Balatonfüredi",1282.0,648,254,47.4979,19.0402,"Átmeneti",JSON_2024,"2025-07-24 14:34:07","2025-07-24 14:34:07",5
193,Balatonudvari,"község","Veszprém","Balatonfüredi",1879.0,348,215,47.4979,19.0402,"Átmeneti",JSON_2024,"2025-07-24 14:34:07","2025-07-24 14:34:07",5
194,"Balatonújlak","község",Somogy,Marcali,1081.0,450,263,47.4979,19.0402,"Átmeneti",JSON_2024,"2025-07-24 14:34:07","2025-07-24 14:34:07",5
195,"Balatonvilágos","község",Somogy,"Siófoki",2921.0,1342,844,47.4979,19.0402,"Átmeneti",JSON_2024,"2025-07-24 14:34:07","2025-07-24 14:34:07",6
196,Balinka,"község","Fejér","Móri",1862.0,887,385,47.4979,19.0402,"Átmeneti",JSON_2024,"2025-07-24 14:34:07","2025-07-24 14:34:07",5
197,"Balkány","város","Szabolcs-Szatmár-Bereg","Nagykállói",9001.0,5840,2368,47.4979,19.0402,"Átmeneti",JSON_2024,"2025-07-24 14:34:07","2025-07-24 14:34:07",6
198,"Ballószög","község","Bács-Kiskun","Kecskeméti",3500.0,4304,1463,47.4979,19.0402,"Átmeneti",JSON_2024,"2025-07-24 14:34:07","2025-07-24 14:34:07",6
199,"Balmazújváros","város","Hajdú-Bihar","Balmazújvárosi",20544.0,16948,6903,47.4979,19.0402,"Átmeneti",JSON_2024,"2025-07-24 14:34:07","2025-07-24 14:34:07",7
200,Balogunyom,"község",Vas,Szombathelyi,1212.0,1069,419,47.4979,19.0402,"Átmeneti",JSON_2024,"2025-07-24 14:34:07","2025-07-24 14:34:07",6
201,"Balotaszállás","község","Bács-Kiskun",Kiskunhalasi,10494.0,1441,726,47.4979,19.0402,"Átmeneti",JSON_2024,"2025-07-24 14:34:07","2025-07-24 14:34:07",6
202,Balsa,"község","Szabolcs-Szatmár-Bereg","Ibrányi",2252.0,646,401,47.4979,19.0402,"Átmeneti",JSON_2024,"2025-07-24 14:34:07","2025-07-24 14:34:07",5
203,"Bálványos","község",Somogy,"Siófoki",2369.0,550,288,47.4979,19.0402,"Átmeneti",JSON_2024,"2025-07-24 14:34:07","2025-07-24 14:34:07",5
204,Bana,"község","Komárom-Esztergom","Komáromi",2511.0,1503,578,47.4979,19.0402,"Átmeneti",JSON_2024,"2025-07-24 14:34:07","2025-07-24 14:34:07",6
205,"Bánd","község","Veszprém","Veszprémi",984.0,686,267,47.4979,19.0402,"Átmeneti",JSON_2024,"2025-07-24 14:34:07","2025-07-24 14:34:07",5
206,"Bánfa","község",Baranya,"Szigetvári",1206.0,189,74,47.4979,19.0402,"Átmeneti",JSON_2024,"2025-07-24 14:34:07","2025-07-24 14:34:07",5
207,"Bánhorváti","község","Borsod-Abaúj-Zemplén",Kazincbarcikai,2848.0,1250,567,47.4979,19.0402,"Átmeneti",JSON_2024,"2025-07-24 14:34:07","2025-07-24 14:34:07",6
208,"Bánk","község","Nógrád","Rétsági",990.0,739,406,47.4979,19.0402,"Átmeneti",JSON_2024,"2025-07-24 14:34:07","2025-07-24 14:34:07",5
209,"Bánokszentgyörgy","község",Zala,Letenyei,3254.0,548,280,47.4979,19.0402,"Átmeneti",JSON_2024,"2025-07-24 14:34:07","2025-07-24 14:34:07",5
210,"Bánréve","község","Borsod-Abaúj-Zemplén",Putnoki,662.0,1128,530,47.4979,19.0402,"Átmeneti",JSON_2024,"2025-07-24 14:34:07","2025-07-24 14:34:07",6
211,"Bár","község",Baranya,"Mohácsi",900.0,553,265,47.4979,19.0402,"Átmeneti",JSON_2024,"2025-07-24 14:34:07","2025-07-24 14:34:07",5
212,"Barabás","község","Szabolcs-Szatmár-Bereg","Vásárosnaményi",3818.0,788,377,47.4979,19.0402,"Átmeneti",JSON_2024,"2025-07-24 14:34:07","2025-07-24 14:34:07",5
213,Baracs,"község","Fejér","Dunaújvárosi",5518.0,3458,1451,47.4979,19.0402,"Átmeneti",JSON_2024,"2025-07-24 14:34:07","2025-07-24 14:34:07",6
214,Baracska,"község","Fejér","Martonvásári",3968.0,3037,1153,47.4979,19.0402,"Átmeneti",JSON_2024,"2025-07-24 14:34:07","2025-07-24 14:34:07",6
215,"Báránd","község","Hajdú-Bihar","Püspökladányi",4257.0,2234,1135,47.4979,19.0402,"Átmeneti",JSON_2024,"2025-07-24 14:34:07","2025-07-24 14:34:07",6
216,"Baranyahídvég","község",Baranya,Sellyei,849.0,174,68,47.4979,19.0402,"Átmeneti",JSON_2024,"2025-07-24 14:34:07","2025-07-24 14:34:07",5
217,"Baranyajenő","község",Baranya,"Hegyháti",1555.0,392,155,47.4979,19.0402,"Átmeneti",JSON_2024,"2025-07-24 14:34:07","2025-07-24 14:34:07",5
218,"Baranyaszentgyörgy","község",Baranya,"Hegyháti",727.0,110,72,47.4979,19.0402,"Átmeneti",JSON_2024,"2025-07-24 14:34:07","2025-07-24 14:34:07",5
219,Barbacs,"község","Győr-Moson-Sopron",Csornai,1365.0,756,312,47.4979,19.0402,"Átmeneti",JSON_2024,"2025-07-24 14:34:07","2025-07-24 14:34:07",5
220,Barcs,"város",Somogy,Barcsi,12290.0,9672,4509,47.4979,19.0402,"Átmeneti",JSON_2024,"2025-07-24 14:34:07","2025-07-24 14:34:07",6
221,"Bárdudvarnok","község",Somogy,"Kaposvári",4856.0,1136,528,47.4979,19.0402,"Átmeneti",JSON_2024,"2025-07-24 14:34:07","2025-07-24 14:34:07",6
222,Barlahida,"község",Zala,Lenti,610.0,119,86,47.4979,19.0402,"Átmeneti",JSON_2024,"2025-07-24 14:34:07","2025-07-24 14:34:07",5
223,"Bárna","község","Nógrád","Salgótarjáni",1539.0,915,453,47.4979,19.0402,"Átmeneti",JSON_2024,"2025-07-24 14:34:07","2025-07-24 14:34:07",5
224,Barnag,"község","Veszprém","Veszprémi",1201.0,98,68,47.4979,19.0402,"Átmeneti",JSON_2024,"2025-07-24 14:34:07","2025-07-24 14:34:07",5
225,"Bársonyos","község","Komárom-Esztergom","Kisbéri",1687.0,696,306,47.4979,19.0402,"Átmeneti",JSON_2024,"2025-07-24 14:34:07","2025-07-24 14:34:07",5
226,Basal,"község",Baranya,"Szigetvári",404.0,191,79,47.4979,19.0402,"Átmeneti",JSON_2024,"2025-07-24 14:34:07","2025-07-24 14:34:07",5
227,"Baskó","község","Borsod-Abaúj-Zemplén","Gönci",2964.0,155,103,47.4979,19.0402,"Átmeneti",JSON_2024,"2025-07-24 14:34:07","2025-07-24 14:34:07",5
228,"Báta","község",Tolna,"Szekszárdi",6616.0,1401,735,47.4979,19.0402,"Átmeneti",JSON_2024,"2025-07-24 14:34:07","2025-07-24 14:34:07",6
229,"Bátaapáti","község",Tolna,"Bonyhádi",2044.0,351,146,47.4979,19.0402,"Átmeneti",JSON_2024,"2025-07-24 14:34:07","2025-07-24 14:34:07",5
230,"Bátaszék","város",Tolna,"Szekszárdi",6357.0,5851,2518,47.4979,19.0402,"Átmeneti",JSON_2024,"2025-07-24 14:34:07","2025-07-24 14:34:07",6
231,"Baté","község",Somogy,"Kaposvári",1028.0,771,298,47.4979,19.0402,"Átmeneti",JSON_2024,"2025-07-24 14:34:07","2025-07-24 14:34:07",5
232,"Bátmonostor","község","Bács-Kiskun",Bajai,3795.0,1395,700,47.4979,19.0402,"Átmeneti",JSON_2024,"2025-07-24 14:34:07","2025-07-24 14:34:07",6
233,"Bátonyterenye","város","Nógrád","Bátonyterenyei",7892.0,11118,5739,47.4979,19.0402,"Átmeneti",JSON_2024,"2025-07-24 14:34:07","2025-07-24 14:34:07",7
234,"Bátor","község",Heves,Egri,2732.0,361,202,47.4979,19.0402,"Átmeneti",JSON_2024,"2025-07-24 14:34:07","2025-07-24 14:34:07",5
235,"Bátorliget","község","Szabolcs-Szatmár-Bereg","Nyírbátori",3330.0,564,326,47.4979,19.0402,"Átmeneti",JSON_2024,"2025-07-24 14:34:07","2025-07-24 14:34:07",5
236,Battonya,"város","Békés","Mezőkovácsházai",14571.0,4860,2882,47.4979,19.0402,"Átmeneti",JSON_2024,"2025-07-24 14:34:07","2025-07-24 14:34:07",6
237,"Bátya","község","Bács-Kiskun",Kalocsai,3386.0,1799,922,47.4979,19.0402,"Átmeneti",JSON_2024,"2025-07-24 14:34:07","2025-07-24 14:34:07",6
238,Batyk,"község",Zala,"Zalaszentgróti",808.0,355,188,47.4979,19.0402,"Átmeneti",JSON_2024,"2025-07-24 14:34:07","2025-07-24 14:34:07",5
239,"Bázakerettye","község",Zala,Letenyei,803.0,715,393,47.4979,19.0402,"Átmeneti",JSON_2024,"2025-07-24 14:34:07","2025-07-24 14:34:07",5
240,Bazsi,"község","Veszprém","Sümegi",910.0,412,195,47.4979,19.0402,"Átmeneti",JSON_2024,"2025-07-24 14:34:07","2025-07-24 14:34:07",5
241,"Béb","község","Veszprém","Pápai",703.0,251,110,47.4979,19.0402,"Átmeneti",JSON_2024,"2025-07-24 14:34:07","2025-07-24 14:34:07",5
242,Becsehely,"község",Zala,Letenyei,3608.0,1868,754,47.4979,19.0402,"Átmeneti",JSON_2024,"2025-07-24 14:34:07","2025-07-24 14:34:07",6
243,Becske,"község","Nógrád",Balassagyarmati,1566.0,483,282,47.4979,19.0402,"Átmeneti",JSON_2024,"2025-07-24 14:34:07","2025-07-24 14:34:07",5
244,"Becskeháza","község","Borsod-Abaúj-Zemplén","Edelényi",500.0,42,29,47.4979,19.0402,"Átmeneti",JSON_2024,"2025-07-24 14:34:07","2025-07-24 14:34:07",5
245,"Becsvölgye","község",Zala,Zalaegerszegi,2140.0,700,322,47.4979,19.0402,"Átmeneti",JSON_2024,"2025-07-24 14:34:07","2025-07-24 14:34:07",5
246,"Bedegkér","község",Somogy,Tabi,2600.0,379,183,47.4979,19.0402,"Átmeneti",JSON_2024,"2025-07-24 14:34:07","2025-07-24 14:34:07",5
247,"Bedő","község","Hajdú-Bihar","Berettyóújfalui",1020.0,283,133,47.4979,19.0402,"Átmeneti",JSON_2024,"2025-07-24 14:34:07","2025-07-24 14:34:07",5
248,"Bejcgyertyános","község",Vas,"Sárvári",3143.0,416,256,47.4979,19.0402,"Átmeneti",JSON_2024,"2025-07-24 14:34:07","2025-07-24 14:34:07",5
249,"Békás","község","Veszprém","Pápai",652.0,204,90,47.4979,19.0402,"Átmeneti",JSON_2024,"2025-07-24 14:34:07","2025-07-24 14:34:07",5
250,Bekecs,"község","Borsod-Abaúj-Zemplén",Szerencsi,2572.0,2206,952,47.4979,19.0402,"Átmeneti",JSON_2024,"2025-07-24 14:34:07","2025-07-24 14:34:07",6
251,"Békés","város","Békés","Békési",12723.0,17526,8254,47.4979,19.0402,"Átmeneti",JSON_2024,"2025-07-24 14:34:07","2025-07-24 14:34:07",7
252,"Békéscsaba","megyeszékhely, megyei jogú város","Békés","Békéscsabai",19393.0,54460,30019,47.4979,19.0402,"Átmeneti",JSON_2024,"2025-07-24 14:34:07","2025-07-24 14:34:07",9
253,"Békéssámson","község","Békés","Orosházi",7121.0,2155,1086,47.4979,19.0402,"Átmeneti",JSON_2024,"2025-07-24 14:34:07","2025-07-24 14:34:07",6
254,"Békésszentandrás","nagyközség","Békés",Szarvasi,7745.0,3303,1837,47.4979,19.0402,"Átmeneti",JSON_2024,"2025-07-24 14:34:07","2025-07-24 14:34:07",6
255,"Bekölce","község",Heves,"Bélapátfalvai",1377.0,590,342,47.4979,19.0402,"Átmeneti",JSON_2024,"2025-07-24 14:34:07","2025-07-24 14:34:07",5
256,"Bélapátfalva","város",Heves,"Bélapátfalvai",3663.0,2763,1298,47.4979,19.0402,"Átmeneti",JSON_2024,"2025-07-24 14:34:07","2025-07-24 14:34:07",6
257,"Bélavár","község",Somogy,Barcsi,2278.0,292,206,47.4979,19.0402,"Átmeneti",JSON_2024,"2025-07-24 14:34:07","2025-07-24 14:34:07",5
258,Belecska,"község",Tolna,"Tamási",1441.0,308,147,47.4979,19.0402,"Átmeneti",JSON_2024,"2025-07-24 14:34:07","2025-07-24 14:34:07",5
259,Beled,"város","Győr-Moson-Sopron","Kapuvári",2647.0,2417,1105,47.4979,19.0402,"Átmeneti",JSON_2024,"2025-07-24 14:34:07","2025-07-24 14:34:07",6
260,Beleg,"község",Somogy,"Nagyatádi",1799.0,570,224,47.4979,19.0402,"Átmeneti",JSON_2024,"2025-07-24 14:34:07","2025-07-24 14:34:07",5
261,Belezna,"község",Zala,Nagykanizsai,3093.0,596,286,47.4979,19.0402,"Átmeneti",JSON_2024,"2025-07-24 14:34:07","2025-07-24 14:34:07",5
262,"Bélmegyer","község","Békés","Békési",6305.0,786,502,47.4979,19.0402,"Átmeneti",JSON_2024,"2025-07-24 14:34:07","2025-07-24 14:34:07",5
263,Beloiannisz,"község","Fejér","Dunaújvárosi",454.0,979,443,47.4979,19.0402,"Átmeneti",JSON_2024,"2025-07-24 14:34:07","2025-07-24 14:34:07",5
264,"Belsősárd","község",Zala,Lenti,979.0,86,43,47.4979,19.0402,"Átmeneti",JSON_2024,"2025-07-24 14:34:07","2025-07-24 14:34:07",5
265,"Belvárdgyula","község",Baranya,"Bólyi",1723.0,344,167,47.4979,19.0402,"Átmeneti",JSON_2024,"2025-07-24 14:34:07","2025-07-24 14:34:07",5
266,Benk,"község","Szabolcs-Szatmár-Bereg","Záhonyi",850.0,414,169,47.4979,19.0402,"Átmeneti",JSON_2024,"2025-07-24 14:34:07","2025-07-24 14:34:07",5
267,"Bénye","község",Pest,Monori,1652.0,1205,520,47.4979,19.0402,"Átmeneti",JSON_2024,"2025-07-24 14:34:07","2025-07-24 14:34:07",6
268,"Bér","község","Nógrád","Pásztói",2549.0,369,203,47.4979,19.0402,"Átmeneti",JSON_2024,"2025-07-24 14:34:07","2025-07-24 14:34:07",5
269,"Bérbaltavár","község",Vas,"Vasvári",2567.0,482,241,47.4979,19.0402,"Átmeneti",JSON_2024,"2025-07-24 14:34:07","2025-07-24 14:34:07",5
270,Bercel,"község","Nógrád",Balassagyarmati,3590.0,1746,711,47.4979,19.0402,"Átmeneti",JSON_2024,"2025-07-24 14:34:07","2025-07-24 14:34:07",6
271,"Beregdaróc","község","Szabolcs-Szatmár-Bereg","Vásárosnaményi",2383.0,840,343,47.4979,19.0402,"Átmeneti",JSON_2024,"2025-07-24 14:34:07","2025-07-24 14:34:07",5
272,"Beregsurány","község","Szabolcs-Szatmár-Bereg","Vásárosnaményi",1601.0,614,228,47.4979,19.0402,"Átmeneti",JSON_2024,"2025-07-24 14:34:07","2025-07-24 14:34:07",5
273,"Berekböszörmény","község","Hajdú-Bihar","Berettyóújfalui",4284.0,1686,723,47.4979,19.0402,"Átmeneti",JSON_2024,"2025-07-24 14:34:07","2025-07-24 14:34:07",6
274,"Berekfürdő","község","Jász-Nagykun-Szolnok",Karcagi,1857.0,1065,594,47.4979,19.0402,"Átmeneti",JSON_2024,"2025-07-24 14:34:07","2025-07-24 14:34:07",6
275,Beremend,"nagyközség",Baranya,"Siklósi",4826.0,2110,996,47.4979,19.0402,"Átmeneti",JSON_2024,"2025-07-24 14:34:07","2025-07-24 14:34:07",6
276,Berente,"község","Borsod-Abaúj-Zemplén",Kazincbarcikai,922.0,1020,385,47.4979,19.0402,"Átmeneti",JSON_2024,"2025-07-24 14:34:07","2025-07-24 14:34:07",6
277,Beret,"község","Borsod-Abaúj-Zemplén",Encsi,677.0,322,91,47.4979,19.0402,"Átmeneti",JSON_2024,"2025-07-24 14:34:07","2025-07-24 14:34:07",5
278,"Berettyóújfalu","város","Hajdú-Bihar","Berettyóújfalui",17101.0,13999,6490,47.4979,19.0402,"Átmeneti",JSON_2024,"2025-07-24 14:34:07","2025-07-24 14:34:07",7
279,Berhida,"város","Veszprém","Várpalotai",4272.0,5747,2042,47.4979,19.0402,"Átmeneti",JSON_2024,"2025-07-24 14:34:07","2025-07-24 14:34:07",6
280,Berkenye,"község","Nógrád","Rétsági",1346.0,774,307,47.4979,19.0402,"Átmeneti",JSON_2024,"2025-07-24 14:34:07","2025-07-24 14:34:07",5
281,Berkesd,"község",Baranya,"Pécsi",1904.0,768,296,47.4979,19.0402,"Átmeneti",JSON_2024,"2025-07-24 14:34:07","2025-07-24 14:34:07",5
282,Berkesz,"község","Szabolcs-Szatmár-Bereg",Kemecsei,1318.0,777,294,47.4979,19.0402,"Átmeneti",JSON_2024,"2025-07-24 14:34:07","2025-07-24 14:34:07",5
283,"Bernecebaráti","község",Pest,Szobi,3769.0,796,469,47.4979,19.0402,"Átmeneti",JSON_2024,"2025-07-24 14:34:07","2025-07-24 14:34:07",5
284,"Berzék","község","Borsod-Abaúj-Zemplén",Miskolci,1059.0,1005,340,47.4979,19.0402,"Átmeneti",JSON_2024,"2025-07-24 14:34:07","2025-07-24 14:34:07",6
285,Berzence,"nagyközség",Somogy,"Csurgói",5376.0,2262,955,47.4979,19.0402,"Átmeneti",JSON_2024,"2025-07-24 14:34:07","2025-07-24 14:34:07",6
286,Besence,"község",Baranya,Sellyei,958.0,108,36,47.4979,19.0402,"Átmeneti",JSON_2024,"2025-07-24 14:34:07","2025-07-24 14:34:07",5
287,"Besenyőd","község","Szabolcs-Szatmár-Bereg","Baktalórántházai",945.0,688,250,47.4979,19.0402,"Átmeneti",JSON_2024,"2025-07-24 14:34:07","2025-07-24 14:34:07",5
288,"Besenyőtelek","község",Heves,"Füzesabonyi",4910.0,2435,1054,47.4979,19.0402,"Átmeneti",JSON_2024,"2025-07-24 14:34:07","2025-07-24 14:34:07",6
289,"Besenyszög","város","Jász-Nagykun-Szolnok",Szolnoki,13808.0,3107,1387,47.4979,19.0402,"Átmeneti",JSON_2024,"2025-07-24 14:34:07","2025-07-24 14:34:07",6
290,"Besnyő","község","Fejér","Dunaújvárosi",4464.0,1745,705,47.4979,19.0402,"Átmeneti",JSON_2024,"2025-07-24 14:34:07","2025-07-24 14:34:07",6
291,Beszterec,"község","Szabolcs-Szatmár-Bereg",Kemecsei,1159.0,884,334,47.4979,19.0402,"Átmeneti",JSON_2024,"2025-07-24 14:34:07","2025-07-24 14:34:07",5
292,Bezedek,"község",Baranya,"Mohácsi",1136.0,182,97,47.4979,19.0402,"Átmeneti",JSON_2024,"2025-07-24 14:34:07","2025-07-24 14:34:07",5
293,Bezenye,"község","Győr-Moson-Sopron","Mosonmagyaróvári",3003.0,1349,558,47.4979,19.0402,"Átmeneti",JSON_2024,"2025-07-24 14:34:07","2025-07-24 14:34:07",6
294,"Bezeréd","község",Zala,Zalaegerszegi,1214.0,138,141,47.4979,19.0402,"Átmeneti",JSON_2024,"2025-07-24 14:34:07","2025-07-24 14:34:07",5
295,Bezi,"község","Győr-Moson-Sopron","Győri",1119.0,476,201,47.4979,19.0402,"Átmeneti",JSON_2024,"2025-07-24 14:34:07","2025-07-24 14:34:07",5
296,"Biatorbágy","város",Pest,Budakeszi,4412.0,15338,5835,47.4979,19.0402,"Átmeneti",JSON_2024,"2025-07-24 14:34:07","2025-07-24 14:34:07",7
297,"Bicsérd","község",Baranya,"Szentlőrinci",1975.0,978,375,47.4979,19.0402,"Átmeneti",JSON_2024,"2025-07-24 14:34:07","2025-07-24 14:34:07",5
298,Bicske,"város","Fejér",Bicskei,7708.0,11248,4427,47.4979,19.0402,"Átmeneti",JSON_2024,"2025-07-24 14:34:07","2025-07-24 14:34:07",7
299,"Bihardancsháza","község","Hajdú-Bihar","Püspökladányi",831.0,147,100,47.4979,19.0402,"Átmeneti",JSON_2024,"2025-07-24 14:34:07","2025-07-24 14:34:07",5
300,Biharkeresztes,"város","Hajdú-Bihar","Berettyóújfalui",4926.0,3853,1637,47.4979,19.0402,"Átmeneti",JSON_2024,"2025-07-24 14:34:07","2025-07-24 14:34:07",6
301,Biharnagybajom,"község","Hajdú-Bihar","Püspökladányi",6135.0,2355,1078,47.4979,19.0402,"Átmeneti",JSON_2024,"2025-07-24 14:34:07","2025-07-24 14:34:07",6
302,Bihartorda,"község","Hajdú-Bihar","Püspökladányi",2238.0,831,398,47.4979,19.0402,"Átmeneti",JSON_2024,"2025-07-24 14:34:07","2025-07-24 14:34:07",5
303,Biharugra,"község","Békés",Sarkadi,5284.0,722,527,47.4979,19.0402,"Átmeneti",JSON_2024,"2025-07-24 14:34:07","2025-07-24 14:34:07",5
304,"Bikács","község",Tolna,Paksi,3467.0,396,194,47.4979,19.0402,"Átmeneti",JSON_2024,"2025-07-24 14:34:07","2025-07-24 14:34:07",5
305,Bikal,"község",Baranya,"Komlói",1703.0,597,324,47.4979,19.0402,"Átmeneti",JSON_2024,"2025-07-24 14:34:07","2025-07-24 14:34:07",5
306,Biri,"község","Szabolcs-Szatmár-Bereg","Nagykállói",2259.0,1238,526,47.4979,19.0402,"Átmeneti",JSON_2024,"2025-07-24 14:34:07","2025-07-24 14:34:07",6
307,"Birján","község",Baranya,"Pécsi",907.0,520,199,47.4979,19.0402,"Átmeneti",JSON_2024,"2025-07-24 14:34:07","2025-07-24 14:34:07",5
308,Bisse,"község",Baranya,"Siklósi",1380.0,217,117,47.4979,19.0402,"Átmeneti",JSON_2024,"2025-07-24 14:34:07","2025-07-24 14:34:07",5
309,Boba,"község",Vas,"Celldömölki",1095.0,730,332,47.4979,19.0402,"Átmeneti",JSON_2024,"2025-07-24 14:34:07","2025-07-24 14:34:07",5
310,"Bocfölde","község",Zala,Zalaegerszegi,868.0,1140,439,47.4979,19.0402,"Átmeneti",JSON_2024,"2025-07-24 14:34:07","2025-07-24 14:34:07",6
311,"Boconád","község",Heves,Hevesi,2956.0,1225,626,47.4979,19.0402,"Átmeneti",JSON_2024,"2025-07-24 14:34:07","2025-07-24 14:34:07",6
312,"Bócsa","község","Bács-Kiskun","Kiskőrösi",9704.0,1777,920,47.4979,19.0402,"Átmeneti",JSON_2024,"2025-07-24 14:34:07","2025-07-24 14:34:07",6
313,Bocska,"község",Zala,Nagykanizsai,738.0,281,128,47.4979,19.0402,"Átmeneti",JSON_2024,"2025-07-24 14:34:07","2025-07-24 14:34:07",5
314,Bocskaikert,"község","Hajdú-Bihar","Hajdúhadházi",1089.0,4118,1636,47.4979,19.0402,"Átmeneti",JSON_2024,"2025-07-24 14:34:07","2025-07-24 14:34:07",6
315,Boda,"község",Baranya,"Szentlőrinci",1542.0,417,169,47.4979,19.0402,"Átmeneti",JSON_2024,"2025-07-24 14:34:07","2025-07-24 14:34:07",5
316,Bodajk,"város","Fejér","Móri",2898.0,3828,1551,47.4979,19.0402,"Átmeneti",JSON_2024,"2025-07-24 14:34:07","2025-07-24 14:34:07",6
317,"Bodmér","község","Fejér",Bicskei,717.0,237,118,47.4979,19.0402,"Átmeneti",JSON_2024,"2025-07-24 14:34:07","2025-07-24 14:34:07",5
318,"Bodolyabér","község",Baranya,"Komlói",909.0,186,113,47.4979,19.0402,"Átmeneti",JSON_2024,"2025-07-24 14:34:07","2025-07-24 14:34:07",5
319,Bodonhely,"község","Győr-Moson-Sopron",Csornai,1110.0,360,182,47.4979,19.0402,"Átmeneti",JSON_2024,"2025-07-24 14:34:07","2025-07-24 14:34:07",5
320,Bodony,"község",Heves,"Pétervásárai",2896.0,683,449,47.4979,19.0402,"Átmeneti",JSON_2024,"2025-07-24 14:34:07","2025-07-24 14:34:07",5
321,Bodorfa,"község","Veszprém","Sümegi",222.0,84,49,47.4979,19.0402,"Átmeneti",JSON_2024,"2025-07-24 14:34:07","2025-07-24 14:34:07",5
322,Bodrog,"község",Somogy,"Kaposvári",1478.0,387,190,47.4979,19.0402,"Átmeneti",JSON_2024,"2025-07-24 14:34:07","2025-07-24 14:34:07",5
323,Bodroghalom,"község","Borsod-Abaúj-Zemplén","Cigándi",2686.0,1158,492,47.4979,19.0402,"Átmeneti",JSON_2024,"2025-07-24 14:34:07","2025-07-24 14:34:07",6
324,"Bodrogkeresztúr","község","Borsod-Abaúj-Zemplén",Tokaji,2988.0,838,509,47.4979,19.0402,"Átmeneti",JSON_2024,"2025-07-24 14:34:07","2025-07-24 14:34:07",5
325,Bodrogkisfalud,"község","Borsod-Abaúj-Zemplén",Tokaji,1467.0,770,419,47.4979,19.0402,"Átmeneti",JSON_2024,"2025-07-24 14:34:07","2025-07-24 14:34:07",5
326,Bodrogolaszi,"község","Borsod-Abaúj-Zemplén","Sárospataki",2061.0,807,391,47.4979,19.0402,"Átmeneti",JSON_2024,"2025-07-24 14:34:07","2025-07-24 14:34:07",5
327,"Bódvalenke","község","Borsod-Abaúj-Zemplén","Edelényi",663.0,290,56,47.4979,19.0402,"Átmeneti",JSON_2024,"2025-07-24 14:34:07","2025-07-24 14:34:07",5
328,"Bódvarákó","község","Borsod-Abaúj-Zemplén","Edelényi",922.0,78,79,47.4979,19.0402,"Átmeneti",JSON_2024,"2025-07-24 14:34:07","2025-07-24 14:34:07",5
329,"Bódvaszilas","község","Borsod-Abaúj-Zemplén","Edelényi",1922.0,913,445,47.4979,19.0402,"Átmeneti",JSON_2024,"2025-07-24 14:34:07","2025-07-24 14:34:07",5
330,"Bogács","község","Borsod-Abaúj-Zemplén","Mezőkövesdi",2469.0,1941,1193,47.4979,19.0402,"Átmeneti",JSON_2024,"2025-07-24 14:34:07","2025-07-24 14:34:07",6
331,"Bogád","község",Baranya,"Pécsi",784.0,1055,495,47.4979,19.0402,"Átmeneti",JSON_2024,"2025-07-24 14:34:07","2025-07-24 14:34:07",6
332,"Bogádmindszent","község",Baranya,Sellyei,1158.0,361,137,47.4979,19.0402,"Átmeneti",JSON_2024,"2025-07-24 14:34:07","2025-07-24 14:34:07",5
333,"Bogdása","község",Baranya,Sellyei,2099.0,222,120,47.4979,19.0402,"Átmeneti",JSON_2024,"2025-07-24 14:34:07","2025-07-24 14:34:07",5
334,"Bogyiszló","község",Tolna,Tolnai,5593.0,1973,901,47.4979,19.0402,"Átmeneti",JSON_2024,"2025-07-24 14:34:07","2025-07-24 14:34:07",6
335,"Bogyoszló","község","Győr-Moson-Sopron",Csornai,2622.0,597,307,47.4979,19.0402,"Átmeneti",JSON_2024,"2025-07-24 14:34:07","2025-07-24 14:34:07",5
336,Bojt,"község","Hajdú-Bihar","Berettyóújfalui",2688.0,466,200,47.4979,19.0402,"Átmeneti",JSON_2024,"2025-07-24 14:34:07","2025-07-24 14:34:07",5
337,"Bókaháza","község",Zala,Keszthelyi,670.0,244,138,47.4979,19.0402,"Átmeneti",JSON_2024,"2025-07-24 14:34:07","2025-07-24 14:34:07",5
338,Bokod,"község","Komárom-Esztergom","Oroszlányi",2993.0,2138,811,47.4979,19.0402,"Átmeneti",JSON_2024,"2025-07-24 14:34:07","2025-07-24 14:34:07",6
339,Bokor,"község","Nógrád","Pásztói",675.0,91,66,47.4979,19.0402,"Átmeneti",JSON_2024,"2025-07-24 14:34:07","2025-07-24 14:34:07",5
340,Boldog,"község",Heves,Hatvani,2674.0,2890,1159,47.4979,19.0402,"Átmeneti",JSON_2024,"2025-07-24 14:34:07","2025-07-24 14:34:07",6
341,Boldogasszonyfa,"község",Baranya,"Szigetvári",1722.0,385,207,47.4979,19.0402,"Átmeneti",JSON_2024,"2025-07-24 14:34:07","2025-07-24 14:34:07",5
342,"Boldogkőújfalu","község","Borsod-Abaúj-Zemplén","Gönci",1098.0,642,203,47.4979,19.0402,"Átmeneti",JSON_2024,"2025-07-24 14:34:07","2025-07-24 14:34:07",5
343,"Boldogkőváralja","község","Borsod-Abaúj-Zemplén","Gönci",2199.0,1007,426,47.4979,19.0402,"Átmeneti",JSON_2024,"2025-07-24 14:34:07","2025-07-24 14:34:07",6
344,Boldva,"község","Borsod-Abaúj-Zemplén","Edelényi",2834.0,2407,797,47.4979,19.0402,"Átmeneti",JSON_2024,"2025-07-24 14:34:07","2025-07-24 14:34:07",6
345,"Bolhás","község",Somogy,"Nagyatádi",3143.0,378,183,47.4979,19.0402,"Átmeneti",JSON_2024,"2025-07-24 14:34:07","2025-07-24 14:34:07",5
346,"Bolhó","község",Somogy,Barcsi,2507.0,631,376,47.4979,19.0402,"Átmeneti",JSON_2024,"2025-07-24 14:34:07","2025-07-24 14:34:07",5
347,"Bóly","város",Baranya,"Bólyi",2544.0,3707,1585,47.4979,19.0402,"Átmeneti",JSON_2024,"2025-07-24 14:34:07","2025-07-24 14:34:07",6
348,"Boncodfölde","község",Zala,Zalaegerszegi,590.0,399,139,47.4979,19.0402,"Átmeneti",JSON_2024,"2025-07-24 14:34:07","2025-07-24 14:34:07",5
349,"Bonyhád","város",Tolna,"Bonyhádi",7214.0,12031,5550,47.4979,19.0402,"Átmeneti",JSON_2024,"2025-07-24 14:34:07","2025-07-24 14:34:07",7
350,"Bonyhádvarasd","község",Tolna,"Bonyhádi",1045.0,376,159,47.4979,19.0402,"Átmeneti",JSON_2024,"2025-07-24 14:34:07","2025-07-24 14:34:07",5
351,Bonnya,"község",Somogy,Tabi,1462.0,221,144,47.4979,19.0402,"Átmeneti",JSON_2024,"2025-07-24 14:34:07","2025-07-24 14:34:07",5
352,"Bordány","nagyközség","Csongrád-Csanád","Mórahalmi",3648.0,3223,1527,47.4979,19.0402,"Átmeneti",JSON_2024,"2025-07-24 14:34:07","2025-07-24 14:34:07",6
353,"Borgáta","község",Vas,"Celldömölki",621.0,228,137,47.4979,19.0402,"Átmeneti",JSON_2024,"2025-07-24 14:34:07","2025-07-24 14:34:07",5
354,"Borjád","község",Baranya,"Bólyi",1559.0,370,155,47.4979,19.0402,"Átmeneti",JSON_2024,"2025-07-24 14:34:07","2025-07-24 14:34:07",5
355,Borota,"község","Bács-Kiskun","Jánoshalmai",8180.0,1102,758,47.4979,19.0402,"Átmeneti",JSON_2024,"2025-07-24 14:34:07","2025-07-24 14:34:07",6
356,Borsfa,"község",Zala,Letenyei,1183.0,673,289,47.4979,19.0402,"Átmeneti",JSON_2024,"2025-07-24 14:34:07","2025-07-24 14:34:07",5
357,"Borsodbóta","község","Borsod-Abaúj-Zemplén","Ózdi",813.0,782,324,47.4979,19.0402,"Átmeneti",JSON_2024,"2025-07-24 14:34:07","2025-07-24 14:34:07",5
358,Borsodgeszt,"község","Borsod-Abaúj-Zemplén","Mezőkövesdi",1506.0,272,164,47.4979,19.0402,"Átmeneti",JSON_2024,"2025-07-24 14:34:07","2025-07-24 14:34:07",5
359,"Borsodivánka","község","Borsod-Abaúj-Zemplén","Mezőkövesdi",1589.0,648,248,47.4979,19.0402,"Átmeneti",JSON_2024,"2025-07-24 14:34:07","2025-07-24 14:34:07",5
360,"Borsodnádasd","város","Borsod-Abaúj-Zemplén","Ózdi",2808.0,2808,1333,47.4979,19.0402,"Átmeneti",JSON_2024,"2025-07-24 14:34:07","2025-07-24 14:34:07",6
361,"Borsodszentgyörgy","község","Borsod-Abaúj-Zemplén","Ózdi",2152.0,1029,467,47.4979,19.0402,"Átmeneti",JSON_2024,"2025-07-24 14:34:07","2025-07-24 14:34:07",6
362,"Borsodszirák","község","Borsod-Abaúj-Zemplén","Edelényi",1101.0,1204,379,47.4979,19.0402,"Átmeneti",JSON_2024,"2025-07-24 14:34:07","2025-07-24 14:34:07",6
363,"Borsosberény","község","Nógrád","Rétsági",2026.0,857,381,47.4979,19.0402,"Átmeneti",JSON_2024,"2025-07-24 14:34:07","2025-07-24 14:34:07",5
364,"Borszörcsök","község","Veszprém",Devecseri,1180.0,368,161,47.4979,19.0402,"Átmeneti",JSON_2024,"2025-07-24 14:34:07","2025-07-24 14:34:07",5
365,"Borzavár","község","Veszprém",Zirci,1300.0,740,334,47.4979,19.0402,"Átmeneti",JSON_2024,"2025-07-24 14:34:07","2025-07-24 14:34:07",5
366,Bosta,"község",Baranya,"Pécsi",595.0,121,50,47.4979,19.0402,"Átmeneti",JSON_2024,"2025-07-24 14:34:07","2025-07-24 14:34:07",5
367,"Botpalád","község","Szabolcs-Szatmár-Bereg","Fehérgyarmati",1650.0,606,231,47.4979,19.0402,"Átmeneti",JSON_2024,"2025-07-24 14:34:07","2025-07-24 14:34:07",5
368,Botykapeterd,"község",Baranya,"Szigetvári",1743.0,319,131,47.4979,19.0402,"Átmeneti",JSON_2024,"2025-07-24 14:34:07","2025-07-24 14:34:07",5
369,Bozzai,"község",Vas,Szombathelyi,443.0,301,119,47.4979,19.0402,"Átmeneti",JSON_2024,"2025-07-24 14:34:07","2025-07-24 14:34:07",5
370,Bozsok,"község",Vas,"Kőszegi",2091.0,357,150,47.4979,19.0402,"Átmeneti",JSON_2024,"2025-07-24 14:34:07","2025-07-24 14:34:07",5
371,"Bózsva","község","Borsod-Abaúj-Zemplén","Sátoraljaújhelyi",1639.0,191,113,47.4979,19.0402,"Átmeneti",JSON_2024,"2025-07-24 14:34:07","2025-07-24 14:34:07",5
372,"Bő","község",Vas,"Sárvári",1065.0,698,316,47.4979,19.0402,"Átmeneti",JSON_2024,"2025-07-24 14:34:07","2025-07-24 14:34:07",5
373,"Bőcs","község","Borsod-Abaúj-Zemplén",Miskolci,2432.0,2589,934,47.4979,19.0402,"Átmeneti",JSON_2024,"2025-07-24 14:34:07","2025-07-24 14:34:07",6
374,"Böde","község",Zala,Zalaegerszegi,917.0,269,112,47.4979,19.0402,"Átmeneti",JSON_2024,"2025-07-24 14:34:07","2025-07-24 14:34:07",5
375,"Bödeháza","község",Zala,Lenti,667.0,52,56,47.4979,19.0402,"Átmeneti",JSON_2024,"2025-07-24 14:34:07","2025-07-24 14:34:07",5
376,"Bögöt","község",Vas,"Sárvári",499.0,379,178,47.4979,19.0402,"Átmeneti",JSON_2024,"2025-07-24 14:34:07","2025-07-24 14:34:07",5
377,"Bögöte","község",Vas,"Sárvári",2074.0,298,163,47.4979,19.0402,"Átmeneti",JSON_2024,"2025-07-24 14:34:07","2025-07-24 14:34:07",5
378,"Böhönye","község",Somogy,Marcali,6417.0,2137,940,47.4979,19.0402,"Átmeneti",JSON_2024,"2025-07-24 14:34:07","2025-07-24 14:34:07",6
379,"Bököny","község","Szabolcs-Szatmár-Bereg","Nagykállói",3548.0,2837,1167,47.4979,19.0402,"Átmeneti",JSON_2024,"2025-07-24 14:34:07","2025-07-24 14:34:07",6
380,"Bölcske","község",Tolna,Paksi,5878.0,2610,1241,47.4979,19.0402,"Átmeneti",JSON_2024,"2025-07-24 14:34:07","2025-07-24 14:34:07",6
381,"Bőny","község","Győr-Moson-Sopron","Győri",5042.0,2216,870,47.4979,19.0402,"Átmeneti",JSON_2024,"2025-07-24 14:34:07","2025-07-24 14:34:07",6
382,"Börcs","község","Győr-Moson-Sopron","Győri",1276.0,1425,508,47.4979,19.0402,"Átmeneti",JSON_2024,"2025-07-24 14:34:07","2025-07-24 14:34:07",6
383,"Börzönce","község",Zala,Nagykanizsai,560.0,42,35,47.4979,19.0402,"Átmeneti",JSON_2024,"2025-07-24 14:34:07","2025-07-24 14:34:07",5
384,"Bősárkány","nagyközség","Győr-Moson-Sopron",Csornai,2332.0,2201,834,47.4979,19.0402,"Átmeneti",JSON_2024,"2025-07-24 14:34:07","2025-07-24 14:34:07",6
385,"Bőszénfa","község",Somogy,"Kaposvári",4295.0,463,194,47.4979,19.0402,"Átmeneti",JSON_2024,"2025-07-24 14:34:07","2025-07-24 14:34:07",5
386,Bucsa,"község","Békés",Szeghalmi,5582.0,2011,930,47.4979,19.0402,"Átmeneti",JSON_2024,"2025-07-24 14:34:07","2025-07-24 14:34:07",6
387,Bucsu,"község",Vas,Szombathelyi,1654.0,596,209,47.4979,19.0402,"Átmeneti",JSON_2024,"2025-07-24 14:34:07","2025-07-24 14:34:07",5
388,"Búcsúszentlászló","község",Zala,Zalaegerszegi,154.0,721,276,47.4979,19.0402,"Átmeneti",JSON_2024,"2025-07-24 14:34:07","2025-07-24 14:34:07",5
389,Bucsuta,"község",Zala,Letenyei,1618.0,210,104,47.4979,19.0402,"Átmeneti",JSON_2024,"2025-07-24 14:34:07","2025-07-24 14:34:07",5
390,"Budajenő","község",Pest,Budakeszi,1242.0,2576,836,47.4979,19.0402,"Átmeneti",JSON_2024,"2025-07-24 14:34:07","2025-07-24 14:34:07",6
391,"Budakalász","város",Pest,Szentendrei,1517.0,12061,4564,47.4979,19.0402,"Átmeneti",JSON_2024,"2025-07-24 14:34:07","2025-07-24 14:34:07",7
392,Budakeszi,"város",Pest,Budakeszi,3710.0,15862,6088,47.4979,19.0402,"Átmeneti",JSON_2024,"2025-07-24 14:34:07","2025-07-24 14:34:07",7
393,"Budaörs","város",Pest,Budakeszi,2359.0,29398,11343,47.4979,19.0402,"Átmeneti",JSON_2024,"2025-07-24 14:34:07","2025-07-24 14:34:07",7
394,Budapest,"főváros ","","",52511.0,1686222,969208,47.4979,19.0402,"Átmeneti",JSON_2024,"2025-07-24 14:34:07","2025-07-24 14:34:07",10
395,"Budapest 01. ker.","fővárosi kerület","főváros","Budapest 01. ker.",341.0,24203,17498,47.4979,19.0402,"Átmeneti",JSON_2024,"2025-07-24 14:34:07","2025-07-24 14:34:07",9
396,"Budapest 02. ker.","fővárosi kerület","főváros","Budapest 02. ker.",3634.0,85803,49764,47.4979,19.0402,"Átmeneti",JSON_2024,"2025-07-24 14:34:07","2025-07-24 14:34:07",9
397,"Budapest 03. ker.","fővárosi kerület","főváros","Budapest 03. ker.",3970.0,125147,65815,47.4979,19.0402,"Átmeneti",JSON_2024,"2025-07-24 14:34:07","2025-07-24 14:34:07",9
398,"Budapest 04. ker.","fővárosi kerület","főváros","Budapest 04. ker.",1882.0,94824,50762,47.4979,19.0402,"Átmeneti",JSON_2024,"2025-07-24 14:34:07","2025-07-24 14:34:07",9
399,"Budapest 05. ker.","fővárosi kerület","főváros","Budapest 05. ker.",259.0,23701,20375,47.4979,19.0402,"Átmeneti",JSON_2024,"2025-07-24 14:34:07","2025-07-24 14:34:07",9
400,"Budapest 06. ker.","fővárosi kerület","főváros","Budapest 06. ker.",238.0,35047,29300,47.4979,19.0402,"Átmeneti",JSON_2024,"2025-07-24 14:34:07","2025-07-24 14:34:07",9
401,"Budapest 07. ker.","fővárosi kerület","főváros","Budapest 07. ker.",209.0,49388,38221,47.4979,19.0402,"Átmeneti",JSON_2024,"2025-07-24 14:34:07","2025-07-24 14:34:07",9
402,"Budapest 08. ker.","fővárosi kerület","főváros","Budapest 08. ker.",685.0,70309,48204,47.4979,19.0402,"Átmeneti",JSON_2024,"2025-07-24 14:34:07","2025-07-24 14:34:07",9
403,"Budapest 09. ker.","fővárosi kerület","főváros","Budapest 09. ker.",1253.0,59722,44991,47.4979,19.0402,"Átmeneti",JSON_2024,"2025-07-24 14:34:07","2025-07-24 14:34:07",9
404,"Budapest 10. ker.","fővárosi kerület","főváros","Budapest 10. ker.",3249.0,74365,41412,47.4979,19.0402,"Átmeneti",JSON_2024,"2025-07-24 14:34:07","2025-07-24 14:34:07",9
405,"Budapest 11. ker.","fővárosi kerület","főváros","Budapest 11. ker.",3348.0,149126,85018,47.4979,19.0402,"Átmeneti",JSON_2024,"2025-07-24 14:34:07","2025-07-24 14:34:07",9
406,"Budapest 12. ker.","fővárosi kerület","főváros","Budapest 12. ker.",2666.0,55650,36025,47.4979,19.0402,"Átmeneti",JSON_2024,"2025-07-24 14:34:07","2025-07-24 14:34:07",9
407,"Budapest 13. ker.","fővárosi kerület","főváros","Budapest 13. ker.",1344.0,120573,84621,47.4979,19.0402,"Átmeneti",JSON_2024,"2025-07-24 14:34:07","2025-07-24 14:34:07",9
408,"Budapest 14. ker.","fővárosi kerület","főváros","Budapest 14. ker.",1812.0,118759,75176,47.4979,19.0402,"Átmeneti",JSON_2024,"2025-07-24 14:34:07","2025-07-24 14:34:07",9
409,"Budapest 15. ker.","fővárosi kerület","főváros","Budapest 15. ker.",2694.0,75236,38588,47.4979,19.0402,"Átmeneti",JSON_2024,"2025-07-24 14:34:07","2025-07-24 14:34:07",9
410,"Budapest 16. ker.","fővárosi kerület","főváros","Budapest 16. ker.",3351.0,72411,33336,47.4979,19.0402,"Átmeneti",JSON_2024,"2025-07-24 14:34:07","2025-07-24 14:34:07",9
411,"Budapest 17. ker.","fővárosi kerület","főváros","Budapest 17. ker.",5482.0,84428,34577,47.4979,19.0402,"Átmeneti",JSON_2024,"2025-07-24 14:34:07","2025-07-24 14:34:07",9
412,"Budapest 18. ker.","fővárosi kerület","főváros","Budapest 18. ker.",3860.0,99247,45766,47.4979,19.0402,"Átmeneti",JSON_2024,"2025-07-24 14:34:07","2025-07-24 14:34:07",9
413,"Budapest 19. ker.","fővárosi kerület","főváros","Budapest 19. ker.",938.0,57895,29205,47.4979,19.0402,"Átmeneti",JSON_2024,"2025-07-24 14:34:07","2025-07-24 14:34:07",9
414,"Budapest 20. ker.","fővárosi kerület","főváros","Budapest 20. ker.",1219.0,61508,32591,47.4979,19.0402,"Átmeneti",JSON_2024,"2025-07-24 14:34:07","2025-07-24 14:34:07",9
415,"Budapest 21. ker.","fővárosi kerület","főváros","Budapest 21. ker.",2575.0,70084,33885,47.4979,19.0402,"Átmeneti",JSON_2024,"2025-07-24 14:34:07","2025-07-24 14:34:07",9
416,"Budapest 22. ker.","fővárosi kerület","főváros","Budapest 22. ker.",3425.0,56499,24836,47.4979,19.0402,"Átmeneti",JSON_2024,"2025-07-24 14:34:07","2025-07-24 14:34:07",9
417,"Budapest 23. ker.","fővárosi kerület","főváros","Budapest 23. ker.",4077.0,22297,9242,47.4979,19.0402,"Átmeneti",JSON_2024,"2025-07-24 14:34:07","2025-07-24 14:34:07",9
418,Bugac,"nagyközség","Bács-Kiskun","Kiskunfélegyházi",13111.0,2596,1418,47.4979,19.0402,"Átmeneti",JSON_2024,"2025-07-24 14:34:07","2025-07-24 14:34:07",6
419,"Bugacpusztaháza","község","Bács-Kiskun","Kiskunfélegyházi",4300.0,249,129,47.4979,19.0402,"Átmeneti",JSON_2024,"2025-07-24 14:34:07","2025-07-24 14:34:07",5
420,Bugyi,"nagyközség",Pest,Dabasi,11537.0,5241,2223,47.4979,19.0402,"Átmeneti",JSON_2024,"2025-07-24 14:34:07","2025-07-24 14:34:07",6
421,Buj,"község","Szabolcs-Szatmár-Bereg","Ibrányi",3277.0,2217,914,47.4979,19.0402,"Átmeneti",JSON_2024,"2025-07-24 14:34:07","2025-07-24 14:34:07",6
422,"Buják","község","Nógrád","Pásztói",5304.0,1918,918,47.4979,19.0402,"Átmeneti",JSON_2024,"2025-07-24 14:34:07","2025-07-24 14:34:07",6
423,"Buzsák","község",Somogy,"Fonyódi",5968.0,1346,692,47.4979,19.0402,"Átmeneti",JSON_2024,"2025-07-24 14:34:07","2025-07-24 14:34:07",6
424,"Bük","város",Vas,"Kőszegi",2086.0,4099,1818,47.4979,19.0402,"Átmeneti",JSON_2024,"2025-07-24 14:34:07","2025-07-24 14:34:07",6
425,"Bükkábrány","község","Borsod-Abaúj-Zemplén","Mezőkövesdi",1802.0,1579,688,47.4979,19.0402,"Átmeneti",JSON_2024,"2025-07-24 14:34:07","2025-07-24 14:34:07",6
426,"Bükkaranyos","község","Borsod-Abaúj-Zemplén",Miskolci,2620.0,1502,540,47.4979,19.0402,"Átmeneti",JSON_2024,"2025-07-24 14:34:07","2025-07-24 14:34:07",6
427,"Bükkmogyorósd","község","Borsod-Abaúj-Zemplén","Ózdi",990.0,115,106,47.4979,19.0402,"Átmeneti",JSON_2024,"2025-07-24 14:34:07","2025-07-24 14:34:07",5
428,"Bükkösd","község",Baranya,"Szentlőrinci",3015.0,1004,451,47.4979,19.0402,"Átmeneti",JSON_2024,"2025-07-24 14:34:07","2025-07-24 14:34:07",6
429,"Bükkszék","község",Heves,"Pétervásárai",1530.0,648,432,47.4979,19.0402,"Átmeneti",JSON_2024,"2025-07-24 14:34:07","2025-07-24 14:34:07",5
430,"Bükkszenterzsébet","község",Heves,"Pétervásárai",2486.0,962,457,47.4979,19.0402,"Átmeneti",JSON_2024,"2025-07-24 14:34:07","2025-07-24 14:34:07",5
431,"Bükkszentkereszt","község","Borsod-Abaúj-Zemplén",Miskolci,2697.0,1140,583,47.4979,19.0402,"Átmeneti",JSON_2024,"2025-07-24 14:34:07","2025-07-24 14:34:07",6
432,"Bükkszentmárton","község",Heves,"Bélapátfalvai",826.0,315,121,47.4979,19.0402,"Átmeneti",JSON_2024,"2025-07-24 14:34:07","2025-07-24 14:34:07",5
433,"Bükkzsérc","község","Borsod-Abaúj-Zemplén","Mezőkövesdi",3724.0,900,507,47.4979,19.0402,"Átmeneti",JSON_2024,"2025-07-24 14:34:07","2025-07-24 14:34:07",5
434,"Bürüs","község",Baranya,"Szigetvári",1630.0,77,37,47.4979,19.0402,"Átmeneti",JSON_2024,"2025-07-24 14:34:07","2025-07-24 14:34:07",5
435,"Büssü","község",Somogy,"Kaposvári",1719.0,341,138,47.4979,19.0402,"Átmeneti",JSON_2024,"2025-07-24 14:34:07","2025-07-24 14:34:07",5
436,"Büttös","község","Borsod-Abaúj-Zemplén",Encsi,1818.0,148,97,47.4979,19.0402,"Átmeneti",JSON_2024,"2025-07-24 14:34:07","2025-07-24 14:34:07",5
437,"Cák","község",Vas,"Kőszegi",648.0,299,146,47.4979,19.0402,"Átmeneti",JSON_2024,"2025-07-24 14:34:07","2025-07-24 14:34:07",5
438,"Cakóháza","község","Győr-Moson-Sopron",Csornai,288.0,58,31,47.4979,19.0402,"Átmeneti",JSON_2024,"2025-07-24 14:34:07","2025-07-24 14:34:07",5
439,Cece,"nagyközség","Fejér","Sárbogárdi",5885.0,2505,1104,47.4979,19.0402,"Átmeneti",JSON_2024,"2025-07-24 14:34:07","2025-07-24 14:34:07",6
440,"Cégénydányád","község","Szabolcs-Szatmár-Bereg","Fehérgyarmati",1208.0,584,273,47.4979,19.0402,"Átmeneti",JSON_2024,"2025-07-24 14:34:07","2025-07-24 14:34:07",5
441,"Cegléd","város",Pest,"Ceglédi",24490.0,36391,16296,47.4979,19.0402,"Átmeneti",JSON_2024,"2025-07-24 14:34:07","2025-07-24 14:34:07",7
442,"Ceglédbercel","község",Pest,"Ceglédi",2815.0,4232,1702,47.4979,19.0402,"Átmeneti",JSON_2024,"2025-07-24 14:34:07","2025-07-24 14:34:07",6
443,"Celldömölk","város",Vas,"Celldömölki",5239.0,9692,4692,47.4979,19.0402,"Átmeneti",JSON_2024,"2025-07-24 14:34:07","2025-07-24 14:34:07",6
444,Cered,"község","Nógrád","Salgótarjáni",3858.0,985,548,47.4979,19.0402,"Átmeneti",JSON_2024,"2025-07-24 14:34:07","2025-07-24 14:34:07",5
445,"Chernelházadamonya","község",Vas,"Sárvári",785.0,200,105,47.4979,19.0402,"Átmeneti",JSON_2024,"2025-07-24 14:34:07","2025-07-24 14:34:07",5
446,"Cibakháza","nagyközség","Jász-Nagykun-Szolnok","Kunszentmártoni",3821.0,3564,1875,47.4979,19.0402,"Átmeneti",JSON_2024,"2025-07-24 14:34:07","2025-07-24 14:34:07",6
447,"Cigánd","város","Borsod-Abaúj-Zemplén","Cigándi",5676.0,2840,1073,47.4979,19.0402,"Átmeneti",JSON_2024,"2025-07-24 14:34:07","2025-07-24 14:34:07",6
448,"Cikó","község",Tolna,"Bonyhádi",1986.0,857,355,47.4979,19.0402,"Átmeneti",JSON_2024,"2025-07-24 14:34:07","2025-07-24 14:34:07",5
449,"Cirák","község","Győr-Moson-Sopron","Kapuvári",1176.0,519,263,47.4979,19.0402,"Átmeneti",JSON_2024,"2025-07-24 14:34:07","2025-07-24 14:34:07",5
450,"Cún","község",Baranya,"Siklósi",1843.0,190,88,47.4979,19.0402,"Átmeneti",JSON_2024,"2025-07-24 14:34:07","2025-07-24 14:34:07",5
451,"Csabacsűd","nagyközség","Békés",Szarvasi,6685.0,1600,838,47.4979,19.0402,"Átmeneti",JSON_2024,"2025-07-24 14:34:07","2025-07-24 14:34:07",6
452,Csabaszabadi,"község","Békés","Békéscsabai",3271.0,268,151,47.4979,19.0402,"Átmeneti",JSON_2024,"2025-07-24 14:34:07","2025-07-24 14:34:07",5
453,Csabdi,"község","Fejér",Bicskei,1702.0,1333,467,47.4979,19.0402,"Átmeneti",JSON_2024,"2025-07-24 14:34:07","2025-07-24 14:34:07",6
454,Csabrendek,"nagyközség","Veszprém","Sümegi",4492.0,2902,1094,47.4979,19.0402,"Átmeneti",JSON_2024,"2025-07-24 14:34:07","2025-07-24 14:34:07",6
455,"Csáfordjánosfa","község","Győr-Moson-Sopron",Soproni,528.0,231,102,47.4979,19.0402,"Átmeneti",JSON_2024,"2025-07-24 14:34:07","2025-07-24 14:34:07",5
456,Csaholc,"község","Szabolcs-Szatmár-Bereg","Fehérgyarmati",1935.0,488,178,47.4979,19.0402,"Átmeneti",JSON_2024,"2025-07-24 14:34:07","2025-07-24 14:34:07",5
457,"Csajág","község","Veszprém","Balatonalmádi",2229.0,763,355,47.4979,19.0402,"Átmeneti",JSON_2024,"2025-07-24 14:34:07","2025-07-24 14:34:07",5
458,"Csákány","község",Somogy,Marcali,1609.0,305,179,47.4979,19.0402,"Átmeneti",JSON_2024,"2025-07-24 14:34:07","2025-07-24 14:34:07",5
459,"Csákánydoroszló","község",Vas,"Körmendi",2661.0,1669,615,47.4979,19.0402,"Átmeneti",JSON_2024,"2025-07-24 14:34:07","2025-07-24 14:34:07",6
460,"Csákberény","község","Fejér","Móri",4137.0,1142,532,47.4979,19.0402,"Átmeneti",JSON_2024,"2025-07-24 14:34:07","2025-07-24 14:34:07",6
461,"Csákvár","város","Fejér",Bicskei,11876.0,5410,2089,47.4979,19.0402,"Átmeneti",JSON_2024,"2025-07-24 14:34:07","2025-07-24 14:34:07",6
462,"Csanádalberti","község","Csongrád-Csanád","Makói",1532.0,410,236,47.4979,19.0402,"Átmeneti",JSON_2024,"2025-07-24 14:34:07","2025-07-24 14:34:07",5
463,"Csanádapáca","község","Békés","Orosházi",5130.0,2324,1318,47.4979,19.0402,"Átmeneti",JSON_2024,"2025-07-24 14:34:07","2025-07-24 14:34:07",6
464,"Csanádpalota","város","Csongrád-Csanád","Makói",7797.0,2479,1538,47.4979,19.0402,"Átmeneti",JSON_2024,"2025-07-24 14:34:07","2025-07-24 14:34:07",6
465,"Csánig","község",Vas,"Sárvári",819.0,361,173,47.4979,19.0402,"Átmeneti",JSON_2024,"2025-07-24 14:34:07","2025-07-24 14:34:07",5
466,"Csány","község",Heves,Hatvani,4789.0,2072,973,47.4979,19.0402,"Átmeneti",JSON_2024,"2025-07-24 14:34:07","2025-07-24 14:34:07",6
467,"Csányoszró","község",Baranya,Sellyei,2856.0,538,252,47.4979,19.0402,"Átmeneti",JSON_2024,"2025-07-24 14:34:07","2025-07-24 14:34:07",5
468,Csanytelek,"község","Csongrád-Csanád","Csongrádi",3471.0,2542,1251,47.4979,19.0402,"Átmeneti",JSON_2024,"2025-07-24 14:34:07","2025-07-24 14:34:07",6
469,Csapi,"község",Zala,Nagykanizsai,1011.0,164,99,47.4979,19.0402,"Átmeneti",JSON_2024,"2025-07-24 14:34:07","2025-07-24 14:34:07",5
470,Csapod,"község","Győr-Moson-Sopron",Soproni,2917.0,580,286,47.4979,19.0402,"Átmeneti",JSON_2024,"2025-07-24 14:34:07","2025-07-24 14:34:07",5
471,"Csárdaszállás","község","Békés","Gyomaendrődi",5416.0,366,217,47.4979,19.0402,"Átmeneti",JSON_2024,"2025-07-24 14:34:07","2025-07-24 14:34:07",5
472,"Csarnóta","község",Baranya,"Siklósi",533.0,136,55,47.4979,19.0402,"Átmeneti",JSON_2024,"2025-07-24 14:34:07","2025-07-24 14:34:07",5
473,Csaroda,"község","Szabolcs-Szatmár-Bereg","Vásárosnaményi",2468.0,543,247,47.4979,19.0402,"Átmeneti",JSON_2024,"2025-07-24 14:34:07","2025-07-24 14:34:07",5
474,"Császár","község","Komárom-Esztergom","Kisbéri",6781.0,1781,735,47.4979,19.0402,"Átmeneti",JSON_2024,"2025-07-24 14:34:07","2025-07-24 14:34:07",6
475,"Császártöltés","község","Bács-Kiskun","Kiskőrösi",8206.0,2060,1030,47.4979,19.0402,"Átmeneti",JSON_2024,"2025-07-24 14:34:07","2025-07-24 14:34:07",6
476,"Császló","község","Szabolcs-Szatmár-Bereg","Fehérgyarmati",1018.0,327,148,47.4979,19.0402,"Átmeneti",JSON_2024,"2025-07-24 14:34:07","2025-07-24 14:34:07",5
477,"Csátalja","község","Bács-Kiskun",Bajai,3905.0,1228,653,47.4979,19.0402,"Átmeneti",JSON_2024,"2025-07-24 14:34:07","2025-07-24 14:34:07",6
478,"Csatár","község",Zala,Zalaegerszegi,779.0,552,209,47.4979,19.0402,"Átmeneti",JSON_2024,"2025-07-24 14:34:07","2025-07-24 14:34:07",5
479,"Csataszög","község","Jász-Nagykun-Szolnok",Szolnoki,1121.0,305,127,47.4979,19.0402,"Átmeneti",JSON_2024,"2025-07-24 14:34:07","2025-07-24 14:34:07",5
480,Csatka,"község","Komárom-Esztergom","Kisbéri",1777.0,234,177,47.4979,19.0402,"Átmeneti",JSON_2024,"2025-07-24 14:34:07","2025-07-24 14:34:07",5
481,"Csávoly","község","Bács-Kiskun",Bajai,4742.0,1567,813,47.4979,19.0402,"Átmeneti",JSON_2024,"2025-07-24 14:34:07","2025-07-24 14:34:07",6
482,"Csebény","község",Baranya,"Szigetvári",376.0,74,49,47.4979,19.0402,"Átmeneti",JSON_2024,"2025-07-24 14:34:07","2025-07-24 14:34:07",5
483,"Csécse","község","Nógrád","Pásztói",2173.0,803,411,47.4979,19.0402,"Átmeneti",JSON_2024,"2025-07-24 14:34:07","2025-07-24 14:34:07",5
484,"Csegöld","község","Szabolcs-Szatmár-Bereg","Fehérgyarmati",1935.0,639,261,47.4979,19.0402,"Átmeneti",JSON_2024,"2025-07-24 14:34:07","2025-07-24 14:34:07",5
485,"Csehbánya","község","Veszprém",Ajkai,1282.0,280,132,47.4979,19.0402,"Átmeneti",JSON_2024,"2025-07-24 14:34:07","2025-07-24 14:34:07",5
486,Csehi,"község",Vas,"Vasvári",934.0,244,144,47.4979,19.0402,"Átmeneti",JSON_2024,"2025-07-24 14:34:07","2025-07-24 14:34:07",5
487,Csehimindszent,"község",Vas,"Vasvári",1543.0,324,168,47.4979,19.0402,"Átmeneti",JSON_2024,"2025-07-24 14:34:07","2025-07-24 14:34:07",5
488,"Csém","község","Komárom-Esztergom","Komáromi",628.0,407,152,47.4979,19.0402,"Átmeneti",JSON_2024,"2025-07-24 14:34:07","2025-07-24 14:34:07",5
489,"Csemő","község",Pest,"Ceglédi",7944.0,4413,1752,47.4979,19.0402,"Átmeneti",JSON_2024,"2025-07-24 14:34:07","2025-07-24 14:34:07",6
490,"Csempeszkopács","község",Vas,Szombathelyi,540.0,321,121,47.4979,19.0402,"Átmeneti",JSON_2024,"2025-07-24 14:34:07","2025-07-24 14:34:07",5
491,Csengele,"község","Csongrád-Csanád",Kisteleki,6066.0,1723,957,47.4979,19.0402,"Átmeneti",JSON_2024,"2025-07-24 14:34:07","2025-07-24 14:34:07",6
492,Csenger,"város","Szabolcs-Szatmár-Bereg",Csengeri,3616.0,4394,1939,47.4979,19.0402,"Átmeneti",JSON_2024,"2025-07-24 14:34:07","2025-07-24 14:34:07",6
493,Csengersima,"község","Szabolcs-Szatmár-Bereg",Csengeri,2380.0,629,302,47.4979,19.0402,"Átmeneti",JSON_2024,"2025-07-24 14:34:07","2025-07-24 14:34:07",5
494,"Csengerújfalu","község","Szabolcs-Szatmár-Bereg",Csengeri,2561.0,693,327,47.4979,19.0402,"Átmeneti",JSON_2024,"2025-07-24 14:34:07","2025-07-24 14:34:07",5
495,"Csengőd","község","Bács-Kiskun","Kiskőrösi",4889.0,1987,1081,47.4979,19.0402,"Átmeneti",JSON_2024,"2025-07-24 14:34:07","2025-07-24 14:34:07",6
496,"Csénye","község",Vas,"Sárvári",1912.0,645,295,47.4979,19.0402,"Átmeneti",JSON_2024,"2025-07-24 14:34:07","2025-07-24 14:34:07",5
497,"Csenyéte","község","Borsod-Abaúj-Zemplén",Encsi,997.0,554,72,47.4979,19.0402,"Átmeneti",JSON_2024,"2025-07-24 14:34:07","2025-07-24 14:34:07",5
498,"Csép","község","Komárom-Esztergom","Kisbéri",2004.0,342,155,47.4979,19.0402,"Átmeneti",JSON_2024,"2025-07-24 14:34:07","2025-07-24 14:34:07",5
499,"Csépa","község","Jász-Nagykun-Szolnok","Kunszentmártoni",2967.0,1581,789,47.4979,19.0402,"Átmeneti",JSON_2024,"2025-07-24 14:34:07","2025-07-24 14:34:07",6
500,Csepreg,"város",Vas,"Kőszegi",4954.0,3183,1255,47.4979,19.0402,"Átmeneti",JSON_2024,"2025-07-24 14:34:07","2025-07-24 14:34:07",6
501,"Csér","község","Győr-Moson-Sopron",Soproni,293.0,27,27,47.4979,19.0402,"Átmeneti",JSON_2024,"2025-07-24 14:34:07","2025-07-24 14:34:07",5
502,Cserdi,"község",Baranya,"Szentlőrinci",646.0,382,159,47.4979,19.0402,"Átmeneti",JSON_2024,"2025-07-24 14:34:07","2025-07-24 14:34:07",5
503,"Cserénfa","község",Somogy,"Kaposvári",1775.0,223,87,47.4979,19.0402,"Átmeneti",JSON_2024,"2025-07-24 14:34:07","2025-07-24 14:34:07",5
504,"Cserépfalu","község","Borsod-Abaúj-Zemplén","Mezőkövesdi",4465.0,936,618,47.4979,19.0402,"Átmeneti",JSON_2024,"2025-07-24 14:34:07","2025-07-24 14:34:07",5
505,"Cserépváralja","község","Borsod-Abaúj-Zemplén","Mezőkövesdi",1462.0,336,218,47.4979,19.0402,"Átmeneti",JSON_2024,"2025-07-24 14:34:07","2025-07-24 14:34:07",5
506,"Cserháthaláp","község","Nógrád",Balassagyarmati,1047.0,352,172,47.4979,19.0402,"Átmeneti",JSON_2024,"2025-07-24 14:34:07","2025-07-24 14:34:07",5
507,"Cserhátsurány","község","Nógrád",Balassagyarmati,1880.0,693,365,47.4979,19.0402,"Átmeneti",JSON_2024,"2025-07-24 14:34:07","2025-07-24 14:34:07",5
508,"Cserhátszentiván","község","Nógrád","Pásztói",1066.0,111,114,47.4979,19.0402,"Átmeneti",JSON_2024,"2025-07-24 14:34:07","2025-07-24 14:34:07",5
509,"Cserkeszőlő","község","Jász-Nagykun-Szolnok","Kunszentmártoni",3070.0,2101,1558,47.4979,19.0402,"Átmeneti",JSON_2024,"2025-07-24 14:34:07","2025-07-24 14:34:07",6
510,"Cserkút","község",Baranya,"Pécsi",667.0,620,228,47.4979,19.0402,"Átmeneti",JSON_2024,"2025-07-24 14:34:07","2025-07-24 14:34:07",5
511,Csernely,"község","Borsod-Abaúj-Zemplén","Ózdi",2062.0,699,383,47.4979,19.0402,"Átmeneti",JSON_2024,"2025-07-24 14:34:07","2025-07-24 14:34:07",5
512,Cserszegtomaj,"község",Zala,Keszthelyi,1260.0,3439,1595,47.4979,19.0402,"Átmeneti",JSON_2024,"2025-07-24 14:34:07","2025-07-24 14:34:07",6
513,Csertalakos,"község",Zala,Zalaegerszegi,199.0,27,25,47.4979,19.0402,"Átmeneti",JSON_2024,"2025-07-24 14:34:07","2025-07-24 14:34:07",5
514,"Csertő","község",Baranya,"Szigetvári",1425.0,395,171,47.4979,19.0402,"Átmeneti",JSON_2024,"2025-07-24 14:34:07","2025-07-24 14:34:07",5
515,Csesznek,"község","Veszprém",Zirci,2421.0,441,228,47.4979,19.0402,"Átmeneti",JSON_2024,"2025-07-24 14:34:07","2025-07-24 14:34:07",5
516,Csesztreg,"község",Zala,Lenti,2300.0,770,362,47.4979,19.0402,"Átmeneti",JSON_2024,"2025-07-24 14:34:07","2025-07-24 14:34:07",5
517,Csesztve,"község","Nógrád",Balassagyarmati,1625.0,326,179,47.4979,19.0402,"Átmeneti",JSON_2024,"2025-07-24 14:34:07","2025-07-24 14:34:07",5
518,"Csetény","község","Veszprém",Zirci,1837.0,1753,704,47.4979,19.0402,"Átmeneti",JSON_2024,"2025-07-24 14:34:07","2025-07-24 14:34:07",6
519,"Csévharaszt","község",Pest,Monori,4923.0,2122,772,47.4979,19.0402,"Átmeneti",JSON_2024,"2025-07-24 14:34:07","2025-07-24 14:34:07",6
520,"Csibrák","község",Tolna,"Dombóvári",1462.0,259,126,47.4979,19.0402,"Átmeneti",JSON_2024,"2025-07-24 14:34:07","2025-07-24 14:34:07",5
521,"Csikéria","község","Bács-Kiskun","Bácsalmási",2584.0,629,447,47.4979,19.0402,"Átmeneti",JSON_2024,"2025-07-24 14:34:07","2025-07-24 14:34:07",5
522,"Csikóstőttős","község",Tolna,"Dombóvári",1770.0,728,354,47.4979,19.0402,"Átmeneti",JSON_2024,"2025-07-24 14:34:07","2025-07-24 14:34:07",5
523,"Csikvánd","község","Győr-Moson-Sopron","Téti",1454.0,493,224,47.4979,19.0402,"Átmeneti",JSON_2024,"2025-07-24 14:34:07","2025-07-24 14:34:07",5
524,Csincse,"község","Borsod-Abaúj-Zemplén","Mezőkövesdi",1134.0,489,212,47.4979,19.0402,"Átmeneti",JSON_2024,"2025-07-24 14:34:07","2025-07-24 14:34:07",5
525,Csipkerek,"község",Vas,"Vasvári",1313.0,393,228,47.4979,19.0402,"Átmeneti",JSON_2024,"2025-07-24 14:34:07","2025-07-24 14:34:07",5
526,"Csitár","község","Nógrád",Balassagyarmati,1685.0,370,193,47.4979,19.0402,"Átmeneti",JSON_2024,"2025-07-24 14:34:07","2025-07-24 14:34:07",5
527,"Csobád","község","Borsod-Abaúj-Zemplén",Encsi,1183.0,693,260,47.4979,19.0402,"Átmeneti",JSON_2024,"2025-07-24 14:34:07","2025-07-24 14:34:07",5
528,Csobaj,"község","Borsod-Abaúj-Zemplén",Tokaji,1961.0,610,324,47.4979,19.0402,"Átmeneti",JSON_2024,"2025-07-24 14:34:07","2025-07-24 14:34:07",5
529,"Csobánka","község",Pest,Szentendrei,2276.0,3580,1269,47.4979,19.0402,"Átmeneti",JSON_2024,"2025-07-24 14:34:07","2025-07-24 14:34:07",6
530,"Csókakő","község","Fejér","Móri",1092.0,1596,639,47.4979,19.0402,"Átmeneti",JSON_2024,"2025-07-24 14:34:07","2025-07-24 14:34:07",6
531,Csokonyavisonta,"község",Somogy,Barcsi,8129.0,1494,690,47.4979,19.0402,"Átmeneti",JSON_2024,"2025-07-24 14:34:07","2025-07-24 14:34:07",6
532,"Csokvaomány","község","Borsod-Abaúj-Zemplén","Ózdi",1500.0,687,399,47.4979,19.0402,"Átmeneti",JSON_2024,"2025-07-24 14:34:07","2025-07-24 14:34:07",5
533,Csolnok,"község","Komárom-Esztergom",Esztergomi,1871.0,3071,1282,47.4979,19.0402,"Átmeneti",JSON_2024,"2025-07-24 14:34:07","2025-07-24 14:34:07",6
534,"Csólyospálos","község","Bács-Kiskun",Kiskunmajsai,6510.0,1446,897,47.4979,19.0402,"Átmeneti",JSON_2024,"2025-07-24 14:34:07","2025-07-24 14:34:07",6
535,Csoma,"község",Somogy,"Kaposvári",843.0,402,178,47.4979,19.0402,"Átmeneti",JSON_2024,"2025-07-24 14:34:07","2025-07-24 14:34:07",5
536,"Csomád","község",Pest,Dunakeszi,1238.0,1850,695,47.4979,19.0402,"Átmeneti",JSON_2024,"2025-07-24 14:34:07","2025-07-24 14:34:07",6
537,"Csombárd","község",Somogy,"Kaposvári",899.0,260,110,47.4979,19.0402,"Átmeneti",JSON_2024,"2025-07-24 14:34:07","2025-07-24 14:34:07",5
538,"Csongrád","város","Csongrád-Csanád","Csongrádi",17389.0,15409,8454,47.4979,19.0402,"Átmeneti",JSON_2024,"2025-07-24 14:34:07","2025-07-24 14:34:07",7
539,"Csonkahegyhát","község",Zala,Zalaegerszegi,828.0,331,145,47.4979,19.0402,"Átmeneti",JSON_2024,"2025-07-24 14:34:07","2025-07-24 14:34:07",5
540,Csonkamindszent,"község",Baranya,"Szentlőrinci",553.0,180,62,47.4979,19.0402,"Átmeneti",JSON_2024,"2025-07-24 14:34:07","2025-07-24 14:34:07",5
541,Csopak,"község","Veszprém","Balatonfüredi",2398.0,2143,1144,47.4979,19.0402,"Átmeneti",JSON_2024,"2025-07-24 14:34:07","2025-07-24 14:34:07",6
542,"Csór","község","Fejér","Székesfehérvári",4149.0,1917,907,47.4979,19.0402,"Átmeneti",JSON_2024,"2025-07-24 14:34:07","2025-07-24 14:34:07",6
543,Csorna,"város","Győr-Moson-Sopron",Csornai,9195.0,9621,4382,47.4979,19.0402,"Átmeneti",JSON_2024,"2025-07-24 14:34:07","2025-07-24 14:34:07",6
544,"Csorvás","város","Békés","Békéscsabai",9018.0,4369,2328,47.4979,19.0402,"Átmeneti",JSON_2024,"2025-07-24 14:34:07","2025-07-24 14:34:07",6
545,"Csót","község","Veszprém","Pápai",2002.0,908,361,47.4979,19.0402,"Átmeneti",JSON_2024,"2025-07-24 14:34:07","2025-07-24 14:34:07",5
546,"Csöde","község",Zala,Zalaegerszegi,1061.0,77,56,47.4979,19.0402,"Átmeneti",JSON_2024,"2025-07-24 14:34:07","2025-07-24 14:34:07",5
547,"Csögle","község","Veszprém",Devecseri,1691.0,518,295,47.4979,19.0402,"Átmeneti",JSON_2024,"2025-07-24 14:34:07","2025-07-24 14:34:07",5
548,"Csökmő","nagyközség","Hajdú-Bihar","Berettyóújfalui",6897.0,1703,838,47.4979,19.0402,"Átmeneti",JSON_2024,"2025-07-24 14:34:07","2025-07-24 14:34:07",6
549,"Csököly","község",Somogy,"Kaposvári",2984.0,927,388,47.4979,19.0402,"Átmeneti",JSON_2024,"2025-07-24 14:34:07","2025-07-24 14:34:07",5
550,"Csömend","község",Somogy,Marcali,866.0,273,133,47.4979,19.0402,"Átmeneti",JSON_2024,"2025-07-24 14:34:07","2025-07-24 14:34:07",5
551,"Csömödér","község",Zala,Lenti,779.0,567,262,47.4979,19.0402,"Átmeneti",JSON_2024,"2025-07-24 14:34:07","2025-07-24 14:34:07",5
552,"Csömör","nagyközség",Pest,"Gödöllői",2271.0,10180,3658,47.4979,19.0402,"Átmeneti",JSON_2024,"2025-07-24 14:34:07","2025-07-24 14:34:07",6
553,"Csönge","község",Vas,"Celldömölki",2527.0,337,191,47.4979,19.0402,"Átmeneti",JSON_2024,"2025-07-24 14:34:07","2025-07-24 14:34:07",5
554,"Csörnyeföld","község",Zala,Letenyei,2121.0,351,204,47.4979,19.0402,"Átmeneti",JSON_2024,"2025-07-24 14:34:07","2025-07-24 14:34:07",5
555,"Csörög","község",Pest,"Váci",505.0,1958,759,47.4979,19.0402,"Átmeneti",JSON_2024,"2025-07-24 14:34:07","2025-07-24 14:34:07",6
556,"Csörötnek","község",Vas,"Szentgotthárdi",2053.0,774,327,47.4979,19.0402,"Átmeneti",JSON_2024,"2025-07-24 14:34:07","2025-07-24 14:34:07",5
557,"Csősz","község","Fejér","Székesfehérvári",1711.0,967,373,47.4979,19.0402,"Átmeneti",JSON_2024,"2025-07-24 14:34:07","2025-07-24 14:34:07",5
558,"Csővár","község",Pest,"Váci",1717.0,617,250,47.4979,19.0402,"Átmeneti",JSON_2024,"2025-07-24 14:34:07","2025-07-24 14:34:07",5
559,"Csurgó","város",Somogy,"Csurgói",5942.0,4295,2053,47.4979,19.0402,"Átmeneti",JSON_2024,"2025-07-24 14:34:07","2025-07-24 14:34:07",6
560,"Csurgónagymarton","község",Somogy,"Csurgói",1482.0,160,79,47.4979,19.0402,"Átmeneti",JSON_2024,"2025-07-24 14:34:07","2025-07-24 14:34:07",5
561,Dabas,"város",Pest,Dabasi,16599.0,17542,6980,47.4979,19.0402,"Átmeneti",JSON_2024,"2025-07-24 14:34:07","2025-07-24 14:34:07",7
562,Dabronc,"község","Veszprém","Sümegi",2027.0,393,183,47.4979,19.0402,"Átmeneti",JSON_2024,"2025-07-24 14:34:07","2025-07-24 14:34:07",5
563,Dabrony,"község","Veszprém",Devecseri,1700.0,367,187,47.4979,19.0402,"Átmeneti",JSON_2024,"2025-07-24 14:34:07","2025-07-24 14:34:07",5
564,Dad,"község","Komárom-Esztergom","Oroszlányi",2375.0,960,374,47.4979,19.0402,"Átmeneti",JSON_2024,"2025-07-24 14:34:07","2025-07-24 14:34:07",5
565,"Dág","község","Komárom-Esztergom",Esztergomi,1189.0,913,408,47.4979,19.0402,"Átmeneti",JSON_2024,"2025-07-24 14:34:07","2025-07-24 14:34:07",5
566,"Dáka","község","Veszprém","Pápai",2539.0,640,166,47.4979,19.0402,"Átmeneti",JSON_2024,"2025-07-24 14:34:07","2025-07-24 14:34:07",5
567,Dalmand,"község",Tolna,"Dombóvári",4877.0,1155,499,47.4979,19.0402,"Átmeneti",JSON_2024,"2025-07-24 14:34:07","2025-07-24 14:34:07",6
568,Damak,"község","Borsod-Abaúj-Zemplén","Edelényi",753.0,223,104,47.4979,19.0402,"Átmeneti",JSON_2024,"2025-07-24 14:34:07","2025-07-24 14:34:07",5
569,"Dámóc","község","Borsod-Abaúj-Zemplén","Cigándi",1599.0,295,167,47.4979,19.0402,"Átmeneti",JSON_2024,"2025-07-24 14:34:07","2025-07-24 14:34:07",5
570,"Dánszentmiklós","község",Pest,"Ceglédi",3800.0,2574,1071,47.4979,19.0402,"Átmeneti",JSON_2024,"2025-07-24 14:34:07","2025-07-24 14:34:07",6
571,"Dány","község",Pest,"Gödöllői",4301.0,4540,1600,47.4979,19.0402,"Átmeneti",JSON_2024,"2025-07-24 14:34:07","2025-07-24 14:34:07",6
572,Daraboshegy,"község",Vas,"Körmendi",459.0,86,63,47.4979,19.0402,"Átmeneti",JSON_2024,"2025-07-24 14:34:07","2025-07-24 14:34:07",5
573,"Darány","község",Somogy,Barcsi,2810.0,796,329,47.4979,19.0402,"Átmeneti",JSON_2024,"2025-07-24 14:34:07","2025-07-24 14:34:07",5
574,"Darnó","község","Szabolcs-Szatmár-Bereg","Fehérgyarmati",464.0,135,63,47.4979,19.0402,"Átmeneti",JSON_2024,"2025-07-24 14:34:07","2025-07-24 14:34:07",5
575,"Darnózseli","község","Győr-Moson-Sopron","Mosonmagyaróvári",1961.0,1636,622,47.4979,19.0402,"Átmeneti",JSON_2024,"2025-07-24 14:34:07","2025-07-24 14:34:07",6
576,"Daruszentmiklós","község","Fejér","Dunaújvárosi",1912.0,1080,550,47.4979,19.0402,"Átmeneti",JSON_2024,"2025-07-24 14:34:07","2025-07-24 14:34:07",6
577,Darvas,"község","Hajdú-Bihar","Berettyóújfalui",4231.0,450,274,47.4979,19.0402,"Átmeneti",JSON_2024,"2025-07-24 14:34:07","2025-07-24 14:34:07",5
578,"Dávod","község","Bács-Kiskun",Bajai,6921.0,1779,1074,47.4979,19.0402,"Átmeneti",JSON_2024,"2025-07-24 14:34:07","2025-07-24 14:34:07",6
579,"Debercsény","község","Nógrád",Balassagyarmati,543.0,89,52,47.4979,19.0402,"Átmeneti",JSON_2024,"2025-07-24 14:34:07","2025-07-24 14:34:07",5
580,Debrecen,"megyeszékhely, megyei jogú város","Hajdú-Bihar",Debreceni,46166.0,201704,100424,47.4979,19.0402,"Átmeneti",JSON_2024,"2025-07-24 14:34:07","2025-07-24 14:34:07",9
581,"Debréte","község","Borsod-Abaúj-Zemplén","Edelényi",962.0,14,29,47.4979,19.0402,"Átmeneti",JSON_2024,"2025-07-24 14:34:07","2025-07-24 14:34:07",5
582,Decs,"nagyközség",Tolna,"Szekszárdi",9467.0,3764,1523,47.4979,19.0402,"Átmeneti",JSON_2024,"2025-07-24 14:34:07","2025-07-24 14:34:07",6
583,"Dédestapolcsány","község","Borsod-Abaúj-Zemplén",Kazincbarcikai,2943.0,1275,738,47.4979,19.0402,"Átmeneti",JSON_2024,"2025-07-24 14:34:07","2025-07-24 14:34:07",6
584,"Dég","község","Fejér",Enyingi,4689.0,1946,877,47.4979,19.0402,"Átmeneti",JSON_2024,"2025-07-24 14:34:07","2025-07-24 14:34:07",6
585,"Dejtár","község","Nógrád",Balassagyarmati,2142.0,1287,554,47.4979,19.0402,"Átmeneti",JSON_2024,"2025-07-24 14:34:07","2025-07-24 14:34:07",6
586,"Délegyháza","község",Pest,"Szigetszentmiklósi",2560.0,5900,2270,47.4979,19.0402,"Átmeneti",JSON_2024,"2025-07-24 14:34:07","2025-07-24 14:34:07",6
587,Demecser,"város","Szabolcs-Szatmár-Bereg",Kemecsei,3699.0,3863,1456,47.4979,19.0402,"Átmeneti",JSON_2024,"2025-07-24 14:34:07","2025-07-24 14:34:07",6
588,"Demjén","község",Heves,Egri,2508.0,972,335,47.4979,19.0402,"Átmeneti",JSON_2024,"2025-07-24 14:34:07","2025-07-24 14:34:07",5
589,"Dencsháza","község",Baranya,"Szigetvári",1398.0,513,206,47.4979,19.0402,"Átmeneti",JSON_2024,"2025-07-24 14:34:07","2025-07-24 14:34:07",5
590,"Dénesfa","község","Győr-Moson-Sopron","Kapuvári",1754.0,397,172,47.4979,19.0402,"Átmeneti",JSON_2024,"2025-07-24 14:34:07","2025-07-24 14:34:07",5
591,Derecske,"város","Hajdú-Bihar",Derecskei,10359.0,8413,3403,47.4979,19.0402,"Átmeneti",JSON_2024,"2025-07-24 14:34:07","2025-07-24 14:34:07",6
592,"Derekegyház","község","Csongrád-Csanád",Szentesi,5378.0,1380,661,47.4979,19.0402,"Átmeneti",JSON_2024,"2025-07-24 14:34:07","2025-07-24 14:34:07",6
593,Deszk,"község","Csongrád-Csanád",Szegedi,5205.0,3948,1494,47.4979,19.0402,"Átmeneti",JSON_2024,"2025-07-24 14:34:07","2025-07-24 14:34:07",6
594,Detek,"község","Borsod-Abaúj-Zemplén",Encsi,968.0,256,124,47.4979,19.0402,"Átmeneti",JSON_2024,"2025-07-24 14:34:07","2025-07-24 14:34:07",5
595,Detk,"község",Heves,"Gyöngyösi",2808.0,1126,524,47.4979,19.0402,"Átmeneti",JSON_2024,"2025-07-24 14:34:07","2025-07-24 14:34:07",6
596,"Dévaványa","város","Békés","Gyomaendrődi",21655.0,6582,3203,47.4979,19.0402,"Átmeneti",JSON_2024,"2025-07-24 14:34:07","2025-07-24 14:34:07",6
597,Devecser,"város","Veszprém",Devecseri,6410.0,4149,1768,47.4979,19.0402,"Átmeneti",JSON_2024,"2025-07-24 14:34:07","2025-07-24 14:34:07",6
598,Dinnyeberki,"község",Baranya,"Szentlőrinci",856.0,92,40,47.4979,19.0402,"Átmeneti",JSON_2024,"2025-07-24 14:34:07","2025-07-24 14:34:07",5
599,"Diósberény","község",Tolna,"Tamási",1775.0,257,181,47.4979,19.0402,"Átmeneti",JSON_2024,"2025-07-24 14:34:07","2025-07-24 14:34:07",5
600,"Diósd","város",Pest,"Érdi",575.0,11637,4342,47.4979,19.0402,"Átmeneti",JSON_2024,"2025-07-24 14:34:07","2025-07-24 14:34:07",7
601,"Diósjenő","község","Nógrád","Rétsági",5750.0,2859,1185,47.4979,19.0402,"Átmeneti",JSON_2024,"2025-07-24 14:34:07","2025-07-24 14:34:07",6
602,"Dióskál","község",Zala,Keszthelyi,1963.0,418,258,47.4979,19.0402,"Átmeneti",JSON_2024,"2025-07-24 14:34:07","2025-07-24 14:34:07",5
603,"Diósviszló","község",Baranya,"Siklósi",1581.0,600,248,47.4979,19.0402,"Átmeneti",JSON_2024,"2025-07-24 14:34:07","2025-07-24 14:34:07",5
604,Doba,"község","Veszprém",Devecseri,2122.0,456,263,47.4979,19.0402,"Átmeneti",JSON_2024,"2025-07-24 14:34:07","2025-07-24 14:34:07",5
605,Doboz,"nagyközség","Békés","Békéscsabai",5447.0,3944,1892,47.4979,19.0402,"Átmeneti",JSON_2024,"2025-07-24 14:34:07","2025-07-24 14:34:07",6
606,Dobri,"község",Zala,Lenti,789.0,132,102,47.4979,19.0402,"Átmeneti",JSON_2024,"2025-07-24 14:34:07","2025-07-24 14:34:07",5
607,Dobronhegy,"község",Zala,Zalaegerszegi,215.0,157,79,47.4979,19.0402,"Átmeneti",JSON_2024,"2025-07-24 14:34:07","2025-07-24 14:34:07",5
608,"Dóc","község","Csongrád-Csanád",Szegedi,4943.0,664,288,47.4979,19.0402,"Átmeneti",JSON_2024,"2025-07-24 14:34:07","2025-07-24 14:34:07",5
609,"Domaháza","község","Borsod-Abaúj-Zemplén","Ózdi",2882.0,776,312,47.4979,19.0402,"Átmeneti",JSON_2024,"2025-07-24 14:34:07","2025-07-24 14:34:07",5
610,"Domaszék","község","Csongrád-Csanád",Szegedi,5215.0,4731,2144,47.4979,19.0402,"Átmeneti",JSON_2024,"2025-07-24 14:34:07","2025-07-24 14:34:07",6
611,"Dombegyház","nagyközség","Békés","Mezőkovácsházai",5794.0,1567,1012,47.4979,19.0402,"Átmeneti",JSON_2024,"2025-07-24 14:34:07","2025-07-24 14:34:07",6
612,Dombiratos,"község","Békés","Mezőkovácsházai",1830.0,451,393,47.4979,19.0402,"Átmeneti",JSON_2024,"2025-07-24 14:34:07","2025-07-24 14:34:07",5
613,"Dombóvár","város",Tolna,"Dombóvári",7848.0,17041,8861,47.4979,19.0402,"Átmeneti",JSON_2024,"2025-07-24 14:34:07","2025-07-24 14:34:07",7
614,"Dombrád","város","Szabolcs-Szatmár-Bereg","Kisvárdai",5184.0,3560,1335,47.4979,19.0402,"Átmeneti",JSON_2024,"2025-07-24 14:34:07","2025-07-24 14:34:07",6
615,Domony,"község",Pest,"Aszódi",2180.0,2212,878,47.4979,19.0402,"Átmeneti",JSON_2024,"2025-07-24 14:34:07","2025-07-24 14:34:07",6
616,"Domoszló","község",Heves,"Gyöngyösi",4022.0,1809,960,47.4979,19.0402,"Átmeneti",JSON_2024,"2025-07-24 14:34:07","2025-07-24 14:34:07",6
617,"Dormánd","község",Heves,"Füzesabonyi",2006.0,925,376,47.4979,19.0402,"Átmeneti",JSON_2024,"2025-07-24 14:34:07","2025-07-24 14:34:07",5
618,Dorog,"város","Komárom-Esztergom",Esztergomi,1154.0,11423,5210,47.4979,19.0402,"Átmeneti",JSON_2024,"2025-07-24 14:34:07","2025-07-24 14:34:07",7
619,"Dorogháza","község","Nógrád","Bátonyterenyei",1768.0,956,564,47.4979,19.0402,"Átmeneti",JSON_2024,"2025-07-24 14:34:07","2025-07-24 14:34:07",5
620,Dozmat,"község",Vas,Szombathelyi,854.0,337,125,47.4979,19.0402,"Átmeneti",JSON_2024,"2025-07-24 14:34:07","2025-07-24 14:34:07",5
621,"Döbörhegy","község",Vas,"Körmendi",1175.0,138,108,47.4979,19.0402,"Átmeneti",JSON_2024,"2025-07-24 14:34:07","2025-07-24 14:34:07",5
622,"Döbröce","község",Zala,"Zalaszentgróti",270.0,93,51,47.4979,19.0402,"Átmeneti",JSON_2024,"2025-07-24 14:34:07","2025-07-24 14:34:07",5
623,"Döbrököz","község",Tolna,"Dombóvári",4313.0,1817,942,47.4979,19.0402,"Átmeneti",JSON_2024,"2025-07-24 14:34:07","2025-07-24 14:34:07",6
624,"Döbrönte","község","Veszprém","Pápai",1079.0,259,130,47.4979,19.0402,"Átmeneti",JSON_2024,"2025-07-24 14:34:07","2025-07-24 14:34:07",5
625,"Döge","község","Szabolcs-Szatmár-Bereg","Kisvárdai",1654.0,2051,734,47.4979,19.0402,"Átmeneti",JSON_2024,"2025-07-24 14:34:07","2025-07-24 14:34:07",6
626,"Dömös","község","Komárom-Esztergom",Esztergomi,2401.0,1160,479,47.4979,19.0402,"Átmeneti",JSON_2024,"2025-07-24 14:34:07","2025-07-24 14:34:07",6
627,"Dömsöd","nagyközség",Pest,"Ráckevei",7242.0,6020,2651,47.4979,19.0402,"Átmeneti",JSON_2024,"2025-07-24 14:34:07","2025-07-24 14:34:07",6
628,"Dör","község","Győr-Moson-Sopron",Csornai,1101.0,622,226,47.4979,19.0402,"Átmeneti",JSON_2024,"2025-07-24 14:34:07","2025-07-24 14:34:07",5
629,"Dörgicse","község","Veszprém","Balatonfüredi",1911.0,313,173,47.4979,19.0402,"Átmeneti",JSON_2024,"2025-07-24 14:34:07","2025-07-24 14:34:07",5
630,"Döröske","község",Vas,"Körmendi",440.0,122,87,47.4979,19.0402,"Átmeneti",JSON_2024,"2025-07-24 14:34:07","2025-07-24 14:34:07",5
631,"Dötk","község",Zala,"Zalaszentgróti",172.0,44,24,47.4979,19.0402,"Átmeneti",JSON_2024,"2025-07-24 14:34:07","2025-07-24 14:34:07",5
632,"Dövény","község","Borsod-Abaúj-Zemplén",Putnoki,1165.0,264,118,47.4979,19.0402,"Átmeneti",JSON_2024,"2025-07-24 14:34:07","2025-07-24 14:34:07",5
633,"Drágszél","község","Bács-Kiskun",Kalocsai,1259.0,267,148,47.4979,19.0402,"Átmeneti",JSON_2024,"2025-07-24 14:34:07","2025-07-24 14:34:07",5
634,"Drávacsehi","község",Baranya,"Siklósi",740.0,154,74,47.4979,19.0402,"Átmeneti",JSON_2024,"2025-07-24 14:34:07","2025-07-24 14:34:07",5
635,"Drávacsepely","község",Baranya,"Siklósi",660.0,186,89,47.4979,19.0402,"Átmeneti",JSON_2024,"2025-07-24 14:34:07","2025-07-24 14:34:07",5
636,"Drávafok","község",Baranya,Sellyei,2390.0,438,210,47.4979,19.0402,"Átmeneti",JSON_2024,"2025-07-24 14:34:07","2025-07-24 14:34:07",5
637,"Drávagárdony","község",Somogy,Barcsi,627.0,144,59,47.4979,19.0402,"Átmeneti",JSON_2024,"2025-07-24 14:34:07","2025-07-24 14:34:07",5
638,"Drávaiványi","község",Baranya,Sellyei,1101.0,154,82,47.4979,19.0402,"Átmeneti",JSON_2024,"2025-07-24 14:34:07","2025-07-24 14:34:07",5
639,"Drávakeresztúr","község",Baranya,Sellyei,1297.0,115,98,47.4979,19.0402,"Átmeneti",JSON_2024,"2025-07-24 14:34:07","2025-07-24 14:34:07",5
640,"Drávapalkonya","község",Baranya,"Siklósi",1013.0,278,107,47.4979,19.0402,"Átmeneti",JSON_2024,"2025-07-24 14:34:07","2025-07-24 14:34:07",5
641,"Drávapiski","község",Baranya,"Siklósi",491.0,107,42,47.4979,19.0402,"Átmeneti",JSON_2024,"2025-07-24 14:34:07","2025-07-24 14:34:07",5
642,"Drávaszabolcs","község",Baranya,"Siklósi",1122.0,673,287,47.4979,19.0402,"Átmeneti",JSON_2024,"2025-07-24 14:34:07","2025-07-24 14:34:07",5
643,"Drávaszerdahely","község",Baranya,"Siklósi",624.0,149,76,47.4979,19.0402,"Átmeneti",JSON_2024,"2025-07-24 14:34:07","2025-07-24 14:34:07",5
644,"Drávasztára","község",Baranya,Sellyei,1818.0,365,216,47.4979,19.0402,"Átmeneti",JSON_2024,"2025-07-24 14:34:07","2025-07-24 14:34:07",5
645,"Drávatamási","község",Somogy,Barcsi,845.0,303,103,47.4979,19.0402,"Átmeneti",JSON_2024,"2025-07-24 14:34:07","2025-07-24 14:34:07",5
646,"Drégelypalánk","község","Nógrád",Balassagyarmati,2218.0,1342,631,47.4979,19.0402,"Átmeneti",JSON_2024,"2025-07-24 14:34:07","2025-07-24 14:34:07",6
647,"Dubicsány","község","Borsod-Abaúj-Zemplén",Putnoki,1300.0,241,115,47.4979,19.0402,"Átmeneti",JSON_2024,"2025-07-24 14:34:07","2025-07-24 14:34:07",5
648,Dudar,"község","Veszprém",Zirci,2458.0,1649,653,47.4979,19.0402,"Átmeneti",JSON_2024,"2025-07-24 14:34:07","2025-07-24 14:34:07",6
649,Duka,"község",Vas,"Celldömölki",1524.0,231,156,47.4979,19.0402,"Átmeneti",JSON_2024,"2025-07-24 14:34:07","2025-07-24 14:34:07",5
650,"Dunaalmás","község","Komárom-Esztergom",Tatai,1483.0,1792,738,47.4979,19.0402,"Átmeneti",JSON_2024,"2025-07-24 14:34:07","2025-07-24 14:34:07",6
651,"Dunabogdány","község",Pest,Szentendrei,2550.0,3282,1446,47.4979,19.0402,"Átmeneti",JSON_2024,"2025-07-24 14:34:07","2025-07-24 14:34:07",6
652,"Dunaegyháza","község","Bács-Kiskun","Kunszentmiklósi",1012.0,1474,723,47.4979,19.0402,"Átmeneti",JSON_2024,"2025-07-24 14:34:07","2025-07-24 14:34:07",6
653,Dunafalva,"község","Bács-Kiskun",Bajai,5790.0,812,567,47.4979,19.0402,"Átmeneti",JSON_2024,"2025-07-24 14:34:07","2025-07-24 14:34:07",5
654,"Dunaföldvár","város",Tolna,Paksi,11142.0,8134,4008,47.4979,19.0402,"Átmeneti",JSON_2024,"2025-07-24 14:34:07","2025-07-24 14:34:07",6
655,Dunaharaszti,"város",Pest,"Szigetszentmiklósi",2917.0,23604,9133,47.4979,19.0402,"Átmeneti",JSON_2024,"2025-07-24 14:34:07","2025-07-24 14:34:07",7
656,Dunakeszi,"város",Pest,Dunakeszi,3106.0,42747,18576,47.4979,19.0402,"Átmeneti",JSON_2024,"2025-07-24 14:34:07","2025-07-24 14:34:07",7
657,Dunakiliti,"község","Győr-Moson-Sopron","Mosonmagyaróvári",3364.0,2125,875,47.4979,19.0402,"Átmeneti",JSON_2024,"2025-07-24 14:34:07","2025-07-24 14:34:07",6
658,Dunapataj,"nagyközség","Bács-Kiskun",Kalocsai,9047.0,3003,1635,47.4979,19.0402,"Átmeneti",JSON_2024,"2025-07-24 14:34:07","2025-07-24 14:34:07",6
659,Dunaremete,"község","Győr-Moson-Sopron","Mosonmagyaróvári",436.0,259,114,47.4979,19.0402,"Átmeneti",JSON_2024,"2025-07-24 14:34:07","2025-07-24 14:34:07",5
660,Dunaszeg,"község","Győr-Moson-Sopron","Győri",1726.0,2309,867,47.4979,19.0402,"Átmeneti",JSON_2024,"2025-07-24 14:34:07","2025-07-24 14:34:07",6
661,"Dunaszekcső","község",Baranya,"Mohácsi",3675.0,1727,920,47.4979,19.0402,"Átmeneti",JSON_2024,"2025-07-24 14:34:07","2025-07-24 14:34:07",6
662,Dunaszentbenedek,"község","Bács-Kiskun",Kalocsai,2324.0,724,415,47.4979,19.0402,"Átmeneti",JSON_2024,"2025-07-24 14:34:07","2025-07-24 14:34:07",5
663,"Dunaszentgyörgy","község",Tolna,Paksi,3763.0,2408,1041,47.4979,19.0402,"Átmeneti",JSON_2024,"2025-07-24 14:34:07","2025-07-24 14:34:07",6
664,"Dunaszentmiklós","község","Komárom-Esztergom",Tatai,778.0,545,264,47.4979,19.0402,"Átmeneti",JSON_2024,"2025-07-24 14:34:07","2025-07-24 14:34:07",5
665,"Dunaszentpál","község","Győr-Moson-Sopron","Győri",981.0,739,280,47.4979,19.0402,"Átmeneti",JSON_2024,"2025-07-24 14:34:07","2025-07-24 14:34:07",5
666,Dunasziget,"község","Győr-Moson-Sopron","Mosonmagyaróvári",3588.0,1828,748,47.4979,19.0402,"Átmeneti",JSON_2024,"2025-07-24 14:34:07","2025-07-24 14:34:07",6
667,"Dunatetétlen","község","Bács-Kiskun",Kalocsai,4319.0,512,256,47.4979,19.0402,"Átmeneti",JSON_2024,"2025-07-24 14:34:07","2025-07-24 14:34:07",5
668,"Dunaújváros","megyei jogú város","Fejér","Dunaújvárosi",5283.0,41394,23054,47.4979,19.0402,"Átmeneti",JSON_2024,"2025-07-24 14:34:07","2025-07-24 14:34:07",8
669,"Dunavarsány","város",Pest,"Szigetszentmiklósi",2252.0,8909,3359,47.4979,19.0402,"Átmeneti",JSON_2024,"2025-07-24 14:34:07","2025-07-24 14:34:07",6
670,Dunavecse,"város","Bács-Kiskun","Kunszentmiklósi",6677.0,3878,1681,47.4979,19.0402,"Átmeneti",JSON_2024,"2025-07-24 14:34:07","2025-07-24 14:34:07",6
671,Dusnok,"község","Bács-Kiskun",Kalocsai,5747.0,2612,1234,47.4979,19.0402,"Átmeneti",JSON_2024,"2025-07-24 14:34:07","2025-07-24 14:34:07",6
672,"Dúzs","község",Tolna,"Tamási",1127.0,218,110,47.4979,19.0402,"Átmeneti",JSON_2024,"2025-07-24 14:34:07","2025-07-24 14:34:07",5
673,"Ebergőc","község","Győr-Moson-Sopron",Soproni,502.0,151,83,47.4979,19.0402,"Átmeneti",JSON_2024,"2025-07-24 14:34:07","2025-07-24 14:34:07",5
674,Ebes,"község","Hajdú-Bihar","Hajdúszoboszlói",7730.0,4636,1702,47.4979,19.0402,"Átmeneti",JSON_2024,"2025-07-24 14:34:07","2025-07-24 14:34:07",6
675,"Écs","község","Győr-Moson-Sopron",Pannonhalmi,1984.0,2249,857,47.4979,19.0402,"Átmeneti",JSON_2024,"2025-07-24 14:34:07","2025-07-24 14:34:07",6
676,"Ecséd","község",Heves,Hatvani,4160.0,3070,1405,47.4979,19.0402,"Átmeneti",JSON_2024,"2025-07-24 14:34:07","2025-07-24 14:34:07",6
677,Ecseg,"község","Nógrád","Pásztói",2410.0,1148,512,47.4979,19.0402,"Átmeneti",JSON_2024,"2025-07-24 14:34:07","2025-07-24 14:34:07",6
678,Ecsegfalva,"község","Békés","Gyomaendrődi",7899.0,1009,504,47.4979,19.0402,"Átmeneti",JSON_2024,"2025-07-24 14:34:07","2025-07-24 14:34:07",6
679,Ecseny,"község",Somogy,"Kaposvári",1292.0,201,152,47.4979,19.0402,"Átmeneti",JSON_2024,"2025-07-24 14:34:07","2025-07-24 14:34:07",5
680,Ecser,"nagyközség",Pest,"Vecsési",1310.0,4092,1661,47.4979,19.0402,"Átmeneti",JSON_2024,"2025-07-24 14:34:07","2025-07-24 14:34:07",6
681,Edde,"község",Somogy,"Kaposvári",851.0,154,83,47.4979,19.0402,"Átmeneti",JSON_2024,"2025-07-24 14:34:07","2025-07-24 14:34:07",5
682,"Edelény","város","Borsod-Abaúj-Zemplén","Edelényi",5682.0,9198,3474,47.4979,19.0402,"Átmeneti",JSON_2024,"2025-07-24 14:34:07","2025-07-24 14:34:07",6
683,Edve,"község","Győr-Moson-Sopron","Kapuvári",505.0,102,72,47.4979,19.0402,"Átmeneti",JSON_2024,"2025-07-24 14:34:07","2025-07-24 14:34:07",5
684,Eger,"megyeszékhely, megyei jogú város",Heves,Egri,9221.0,49499,27261,47.4979,19.0402,"Átmeneti",JSON_2024,"2025-07-24 14:34:07","2025-07-24 14:34:07",9
685,"Egerág","község",Baranya,"Pécsi",1301.0,946,356,47.4979,19.0402,"Átmeneti",JSON_2024,"2025-07-24 14:34:07","2025-07-24 14:34:07",5
686,Egeralja,"község","Veszprém",Devecseri,893.0,211,112,47.4979,19.0402,"Átmeneti",JSON_2024,"2025-07-24 14:34:07","2025-07-24 14:34:07",5
687,Egeraracsa,"község",Zala,Keszthelyi,703.0,322,167,47.4979,19.0402,"Átmeneti",JSON_2024,"2025-07-24 14:34:07","2025-07-24 14:34:07",5
688,Egerbakta,"község",Heves,Egri,3237.0,1396,525,47.4979,19.0402,"Átmeneti",JSON_2024,"2025-07-24 14:34:07","2025-07-24 14:34:07",6
689,Egerbocs,"község",Heves,Egri,1595.0,496,266,47.4979,19.0402,"Átmeneti",JSON_2024,"2025-07-24 14:34:07","2025-07-24 14:34:07",5
690,Egercsehi,"község",Heves,Egri,1039.0,1241,635,47.4979,19.0402,"Átmeneti",JSON_2024,"2025-07-24 14:34:07","2025-07-24 14:34:07",6
691,Egerfarmos,"község",Heves,"Füzesabonyi",2380.0,669,320,47.4979,19.0402,"Átmeneti",JSON_2024,"2025-07-24 14:34:07","2025-07-24 14:34:07",5
692,"Egerlövő","község","Borsod-Abaúj-Zemplén","Mezőkövesdi",1978.0,504,279,47.4979,19.0402,"Átmeneti",JSON_2024,"2025-07-24 14:34:07","2025-07-24 14:34:07",5
693,"Egerszalók","község",Heves,Egri,2311.0,1976,812,47.4979,19.0402,"Átmeneti",JSON_2024,"2025-07-24 14:34:07","2025-07-24 14:34:07",6
694,"Egerszólát","község",Heves,Egri,2610.0,1008,447,47.4979,19.0402,"Átmeneti",JSON_2024,"2025-07-24 14:34:07","2025-07-24 14:34:07",6
695,"Égerszög","község","Borsod-Abaúj-Zemplén","Edelényi",1077.0,46,46,47.4979,19.0402,"Átmeneti",JSON_2024,"2025-07-24 14:34:07","2025-07-24 14:34:07",5
696,"Egervár","község",Zala,Zalaegerszegi,1028.0,1049,397,47.4979,19.0402,"Átmeneti",JSON_2024,"2025-07-24 14:34:07","2025-07-24 14:34:07",6
697,"Egervölgy","község",Vas,"Vasvári",886.0,342,219,47.4979,19.0402,"Átmeneti",JSON_2024,"2025-07-24 14:34:07","2025-07-24 14:34:07",5
698,Egyed,"község","Győr-Moson-Sopron",Csornai,1343.0,485,229,47.4979,19.0402,"Átmeneti",JSON_2024,"2025-07-24 14:34:07","2025-07-24 14:34:07",5
699,Egyek,"nagyközség","Hajdú-Bihar","Balmazújvárosi",10475.0,4827,2175,47.4979,19.0402,"Átmeneti",JSON_2024,"2025-07-24 14:34:07","2025-07-24 14:34:07",6
700,"Egyházasdengeleg","község","Nógrád","Pásztói",1574.0,419,214,47.4979,19.0402,"Átmeneti",JSON_2024,"2025-07-24 14:34:07","2025-07-24 14:34:07",5
701,"Egyházasfalu","község","Győr-Moson-Sopron",Soproni,2165.0,859,354,47.4979,19.0402,"Átmeneti",JSON_2024,"2025-07-24 14:34:07","2025-07-24 14:34:07",5
702,"Egyházasgerge","község","Nógrád","Salgótarjáni",1537.0,659,359,47.4979,19.0402,"Átmeneti",JSON_2024,"2025-07-24 14:34:07","2025-07-24 14:34:07",5
703,"Egyházasharaszti","község",Baranya,"Siklósi",1099.0,324,123,47.4979,19.0402,"Átmeneti",JSON_2024,"2025-07-24 14:34:07","2025-07-24 14:34:07",5
704,"Egyházashetye","község",Vas,"Celldömölki",1320.0,309,178,47.4979,19.0402,"Átmeneti",JSON_2024,"2025-07-24 14:34:07","2025-07-24 14:34:07",5
705,"Egyházashollós","község",Vas,"Körmendi",1904.0,519,261,47.4979,19.0402,"Átmeneti",JSON_2024,"2025-07-24 14:34:07","2025-07-24 14:34:07",5
706,"Egyházaskesző","község","Veszprém","Pápai",2012.0,481,234,47.4979,19.0402,"Átmeneti",JSON_2024,"2025-07-24 14:34:07","2025-07-24 14:34:07",5
707,"Egyházaskozár","község",Baranya,"Komlói",2431.0,681,334,47.4979,19.0402,"Átmeneti",JSON_2024,"2025-07-24 14:34:07","2025-07-24 14:34:07",5
708,"Egyházasrádóc","község",Vas,"Körmendi",2479.0,1293,525,47.4979,19.0402,"Átmeneti",JSON_2024,"2025-07-24 14:34:07","2025-07-24 14:34:07",6
709,Elek,"város","Békés",Gyulai,5491.0,4274,1992,47.4979,19.0402,"Átmeneti",JSON_2024,"2025-07-24 14:34:07","2025-07-24 14:34:07",6
710,Ellend,"község",Baranya,"Pécsi",799.0,212,101,47.4979,19.0402,"Átmeneti",JSON_2024,"2025-07-24 14:34:07","2025-07-24 14:34:07",5
711,"Előszállás","nagyközség","Fejér","Dunaújvárosi",3998.0,2394,946,47.4979,19.0402,"Átmeneti",JSON_2024,"2025-07-24 14:34:07","2025-07-24 14:34:07",6
712,"Emőd","város","Borsod-Abaúj-Zemplén",Miskolci,4937.0,4739,1916,47.4979,19.0402,"Átmeneti",JSON_2024,"2025-07-24 14:34:07","2025-07-24 14:34:07",6
713,Encs,"város","Borsod-Abaúj-Zemplén",Encsi,2580.0,6147,2194,47.4979,19.0402,"Átmeneti",JSON_2024,"2025-07-24 14:34:07","2025-07-24 14:34:07",6
714,Encsencs,"község","Szabolcs-Szatmár-Bereg","Nyírbátori",3191.0,1780,652,47.4979,19.0402,"Átmeneti",JSON_2024,"2025-07-24 14:34:07","2025-07-24 14:34:07",6
715,Endrefalva,"község","Nógrád","Szécsényi",1323.0,1135,443,47.4979,19.0402,"Átmeneti",JSON_2024,"2025-07-24 14:34:07","2025-07-24 14:34:07",6
716,"Endrőc","község",Baranya,"Szigetvári",1133.0,321,132,47.4979,19.0402,"Átmeneti",JSON_2024,"2025-07-24 14:34:07","2025-07-24 14:34:07",5
717,Enese,"község","Győr-Moson-Sopron","Győri",1989.0,1828,658,47.4979,19.0402,"Átmeneti",JSON_2024,"2025-07-24 14:34:07","2025-07-24 14:34:07",6
718,Enying,"város","Fejér",Enyingi,8278.0,6426,2630,47.4979,19.0402,"Átmeneti",JSON_2024,"2025-07-24 14:34:07","2025-07-24 14:34:07",6
719,Eperjes,"község","Csongrád-Csanád",Szentesi,7389.0,366,310,47.4979,19.0402,"Átmeneti",JSON_2024,"2025-07-24 14:34:07","2025-07-24 14:34:07",5
720,Eperjeske,"község","Szabolcs-Szatmár-Bereg","Záhonyi",1355.0,1020,396,47.4979,19.0402,"Átmeneti",JSON_2024,"2025-07-24 14:34:07","2025-07-24 14:34:07",6
721,"Eplény","község","Veszprém","Veszprémi",828.0,522,195,47.4979,19.0402,"Átmeneti",JSON_2024,"2025-07-24 14:34:07","2025-07-24 14:34:07",5
722,"Epöl","község","Komárom-Esztergom",Esztergomi,1252.0,612,269,47.4979,19.0402,"Átmeneti",JSON_2024,"2025-07-24 14:34:07","2025-07-24 14:34:07",5
723,Ercsi,"város","Fejér","Martonvásári",6531.0,8085,3104,47.4979,19.0402,"Átmeneti",JSON_2024,"2025-07-24 14:34:07","2025-07-24 14:34:07",6
724,"Érd","megyei jogú város",Pest,"Érdi",6331.0,71338,26449,47.4979,19.0402,"Átmeneti",JSON_2024,"2025-07-24 14:34:07","2025-07-24 14:34:07",8
725,"Erdőbénye","község","Borsod-Abaúj-Zemplén",Tokaji,4580.0,937,712,47.4979,19.0402,"Átmeneti",JSON_2024,"2025-07-24 14:34:07","2025-07-24 14:34:07",5
726,"Erdőhorváti","község","Borsod-Abaúj-Zemplén","Sárospataki",5011.0,539,317,47.4979,19.0402,"Átmeneti",JSON_2024,"2025-07-24 14:34:07","2025-07-24 14:34:07",5
727,"Erdőkertes","község",Pest,"Gödöllői",575.0,9820,3481,47.4979,19.0402,"Átmeneti",JSON_2024,"2025-07-24 14:34:07","2025-07-24 14:34:07",6
728,"Erdőkövesd","község",Heves,"Pétervásárai",1718.0,629,300,47.4979,19.0402,"Átmeneti",JSON_2024,"2025-07-24 14:34:07","2025-07-24 14:34:07",5
729,"Erdőkürt","község","Nógrád","Pásztói",2172.0,459,266,47.4979,19.0402,"Átmeneti",JSON_2024,"2025-07-24 14:34:07","2025-07-24 14:34:07",5
730,"Erdősmárok","község",Baranya,"Mohácsi",814.0,84,53,47.4979,19.0402,"Átmeneti",JSON_2024,"2025-07-24 14:34:07","2025-07-24 14:34:07",5
731,"Erdősmecske","község",Baranya,"Pécsváradi",2644.0,302,174,47.4979,19.0402,"Átmeneti",JSON_2024,"2025-07-24 14:34:07","2025-07-24 14:34:07",5
732,"Erdőtarcsa","község","Nógrád","Pásztói",1507.0,500,230,47.4979,19.0402,"Átmeneti",JSON_2024,"2025-07-24 14:34:07","2025-07-24 14:34:07",5
733,"Erdőtelek","község",Heves,Hevesi,4490.0,3256,1363,47.4979,19.0402,"Átmeneti",JSON_2024,"2025-07-24 14:34:07","2025-07-24 14:34:07",6
734,Erk,"község",Heves,Hevesi,2168.0,1019,312,47.4979,19.0402,"Átmeneti",JSON_2024,"2025-07-24 14:34:07","2025-07-24 14:34:07",6
735,"Érpatak","község","Szabolcs-Szatmár-Bereg","Nagykállói",3164.0,1618,636,47.4979,19.0402,"Átmeneti",JSON_2024,"2025-07-24 14:34:07","2025-07-24 14:34:07",6
736,"Érsekcsanád","község","Bács-Kiskun",Bajai,5829.0,2772,1054,47.4979,19.0402,"Átmeneti",JSON_2024,"2025-07-24 14:34:07","2025-07-24 14:34:07",6
737,"Érsekhalma","község","Bács-Kiskun",Bajai,2756.0,536,258,47.4979,19.0402,"Átmeneti",JSON_2024,"2025-07-24 14:34:07","2025-07-24 14:34:07",5
738,"Érsekvadkert","község","Nógrád",Balassagyarmati,5538.0,3467,1387,47.4979,19.0402,"Átmeneti",JSON_2024,"2025-07-24 14:34:07","2025-07-24 14:34:07",6
739,"Értény","község",Tolna,"Tamási",2995.0,691,262,47.4979,19.0402,"Átmeneti",JSON_2024,"2025-07-24 14:34:07","2025-07-24 14:34:07",5
740,"Erzsébet","község",Baranya,"Pécsváradi",975.0,257,131,47.4979,19.0402,"Átmeneti",JSON_2024,"2025-07-24 14:34:07","2025-07-24 14:34:07",5
741,"Esztár","község","Hajdú-Bihar",Derecskei,3171.0,1247,507,47.4979,19.0402,"Átmeneti",JSON_2024,"2025-07-24 14:34:07","2025-07-24 14:34:07",6
742,Eszteregnye,"község",Zala,Nagykanizsai,2008.0,627,285,47.4979,19.0402,"Átmeneti",JSON_2024,"2025-07-24 14:34:07","2025-07-24 14:34:07",5
743,"Esztergályhorváti","község",Zala,Keszthelyi,1668.0,431,216,47.4979,19.0402,"Átmeneti",JSON_2024,"2025-07-24 14:34:07","2025-07-24 14:34:07",5
744,Esztergom,"megyei jogú város","Komárom-Esztergom",Esztergomi,10011.0,28642,12428,47.4979,19.0402,"Átmeneti",JSON_2024,"2025-07-24 14:34:07","2025-07-24 14:34:07",8
745,Ete,"község","Komárom-Esztergom","Kisbéri",2062.0,579,243,47.4979,19.0402,"Átmeneti",JSON_2024,"2025-07-24 14:34:07","2025-07-24 14:34:07",5
746,Etes,"község","Nógrád","Salgótarjáni",1580.0,1285,686,47.4979,19.0402,"Átmeneti",JSON_2024,"2025-07-24 14:34:07","2025-07-24 14:34:07",6
747,Etyek,"nagyközség","Fejér",Bicskei,5327.0,4473,1692,47.4979,19.0402,"Átmeneti",JSON_2024,"2025-07-24 14:34:07","2025-07-24 14:34:07",6
748,"Fábiánháza","község","Szabolcs-Szatmár-Bereg","Mátészalkai",2735.0,1663,754,47.4979,19.0402,"Átmeneti",JSON_2024,"2025-07-24 14:34:07","2025-07-24 14:34:07",6
749,"Fábiánsebestyén","község","Csongrád-Csanád",Szentesi,7173.0,1834,897,47.4979,19.0402,"Átmeneti",JSON_2024,"2025-07-24 14:34:07","2025-07-24 14:34:07",6
750,"Fácánkert","község",Tolna,Tolnai,1070.0,652,277,47.4979,19.0402,"Átmeneti",JSON_2024,"2025-07-24 14:34:07","2025-07-24 14:34:07",5
751,Fadd,"nagyközség",Tolna,Tolnai,6754.0,3925,1642,47.4979,19.0402,"Átmeneti",JSON_2024,"2025-07-24 14:34:07","2025-07-24 14:34:07",6
752,"Fáj","község","Borsod-Abaúj-Zemplén",Encsi,1933.0,468,86,47.4979,19.0402,"Átmeneti",JSON_2024,"2025-07-24 14:34:07","2025-07-24 14:34:07",5
753,Fajsz,"község","Bács-Kiskun",Kalocsai,3199.0,1536,818,47.4979,19.0402,"Átmeneti",JSON_2024,"2025-07-24 14:34:07","2025-07-24 14:34:07",6
754,Fancsal,"község","Borsod-Abaúj-Zemplén",Encsi,977.0,313,153,47.4979,19.0402,"Átmeneti",JSON_2024,"2025-07-24 14:34:07","2025-07-24 14:34:07",5
755,"Farád","község","Győr-Moson-Sopron",Csornai,2879.0,1903,765,47.4979,19.0402,"Átmeneti",JSON_2024,"2025-07-24 14:34:07","2025-07-24 14:34:07",6
756,"Farkasgyepű","község","Veszprém",Ajkai,1005.0,391,171,47.4979,19.0402,"Átmeneti",JSON_2024,"2025-07-24 14:34:07","2025-07-24 14:34:07",5
757,Farkaslyuk,"község","Borsod-Abaúj-Zemplén","Ózdi",502.0,1958,538,47.4979,19.0402,"Átmeneti",JSON_2024,"2025-07-24 14:34:07","2025-07-24 14:34:07",6
758,Farmos,"község",Pest,"Nagykátai",4012.0,3413,1563,47.4979,19.0402,"Átmeneti",JSON_2024,"2025-07-24 14:34:07","2025-07-24 14:34:07",6
759,Fazekasboda,"község",Baranya,"Pécsváradi",702.0,174,97,47.4979,19.0402,"Átmeneti",JSON_2024,"2025-07-24 14:34:07","2025-07-24 14:34:07",5
760,"Fedémes","község",Heves,"Pétervásárai",862.0,295,170,47.4979,19.0402,"Átmeneti",JSON_2024,"2025-07-24 14:34:07","2025-07-24 14:34:07",5
761,Fegyvernek,"város","Jász-Nagykun-Szolnok","Törökszentmiklósi",7148.0,6146,2594,47.4979,19.0402,"Átmeneti",JSON_2024,"2025-07-24 14:34:07","2025-07-24 14:34:07",6
762,"Fehérgyarmat","város","Szabolcs-Szatmár-Bereg","Fehérgyarmati",5245.0,6975,3243,47.4979,19.0402,"Átmeneti",JSON_2024,"2025-07-24 14:34:07","2025-07-24 14:34:07",6
763,"Fehértó","község","Győr-Moson-Sopron","Győri",1138.0,457,225,47.4979,19.0402,"Átmeneti",JSON_2024,"2025-07-24 14:34:07","2025-07-24 14:34:07",5
764,"Fehérvárcsurgó","község","Fejér","Móri",2964.0,2069,841,47.4979,19.0402,"Átmeneti",JSON_2024,"2025-07-24 14:34:07","2025-07-24 14:34:07",6
765,Feked,"község",Baranya,"Mohácsi",1933.0,187,119,47.4979,19.0402,"Átmeneti",JSON_2024,"2025-07-24 14:34:07","2025-07-24 14:34:07",5
766,"Feketeerdő","község","Győr-Moson-Sopron","Mosonmagyaróvári",674.0,679,258,47.4979,19.0402,"Átmeneti",JSON_2024,"2025-07-24 14:34:07","2025-07-24 14:34:07",5
767,"Felcsút","község","Fejér",Bicskei,2202.0,1879,723,47.4979,19.0402,"Átmeneti",JSON_2024,"2025-07-24 14:34:07","2025-07-24 14:34:07",6
768,"Feldebrő","község",Heves,Egri,2652.0,1038,546,47.4979,19.0402,"Átmeneti",JSON_2024,"2025-07-24 14:34:07","2025-07-24 14:34:07",6
769,"Felgyő","község","Csongrád-Csanád","Csongrádi",7673.0,1084,539,47.4979,19.0402,"Átmeneti",JSON_2024,"2025-07-24 14:34:07","2025-07-24 14:34:07",6
770,"Felpéc","község","Győr-Moson-Sopron","Téti",2247.0,960,397,47.4979,19.0402,"Átmeneti",JSON_2024,"2025-07-24 14:34:07","2025-07-24 14:34:07",5
771,"Felsőberecki","község","Borsod-Abaúj-Zemplén","Sátoraljaújhelyi",353.0,231,117,47.4979,19.0402,"Átmeneti",JSON_2024,"2025-07-24 14:34:07","2025-07-24 14:34:07",5
772,"Felsőcsatár","község",Vas,Szombathelyi,1790.0,497,211,47.4979,19.0402,"Átmeneti",JSON_2024,"2025-07-24 14:34:07","2025-07-24 14:34:07",5
773,"Felsődobsza","község","Borsod-Abaúj-Zemplén","Gönci",1523.0,822,317,47.4979,19.0402,"Átmeneti",JSON_2024,"2025-07-24 14:34:07","2025-07-24 14:34:07",5
774,"Felsőegerszeg","község",Baranya,"Hegyháti",484.0,124,67,47.4979,19.0402,"Átmeneti",JSON_2024,"2025-07-24 14:34:07","2025-07-24 14:34:07",5
775,"Felsőgagy","község","Borsod-Abaúj-Zemplén",Encsi,1447.0,211,81,47.4979,19.0402,"Átmeneti",JSON_2024,"2025-07-24 14:34:07","2025-07-24 14:34:07",5
776,"Felsőjánosfa","község",Vas,"Körmendi",306.0,168,87,47.4979,19.0402,"Átmeneti",JSON_2024,"2025-07-24 14:34:07","2025-07-24 14:34:07",5
777,"Felsőkelecsény","község","Borsod-Abaúj-Zemplén",Putnoki,799.0,353,136,47.4979,19.0402,"Átmeneti",JSON_2024,"2025-07-24 14:34:07","2025-07-24 14:34:07",5
778,"Felsőlajos","község","Bács-Kiskun","Kecskeméti",1141.0,992,411,47.4979,19.0402,"Átmeneti",JSON_2024,"2025-07-24 14:34:07","2025-07-24 14:34:07",5
779,"Felsőmarác","község",Vas,"Körmendi",1744.0,265,183,47.4979,19.0402,"Átmeneti",JSON_2024,"2025-07-24 14:34:07","2025-07-24 14:34:07",5
780,"Felsőmocsolád","község",Somogy,"Kaposvári",1651.0,314,240,47.4979,19.0402,"Átmeneti",JSON_2024,"2025-07-24 14:34:07","2025-07-24 14:34:07",5
781,"Felsőnána","község",Tolna,"Bonyhádi",1890.0,571,233,47.4979,19.0402,"Átmeneti",JSON_2024,"2025-07-24 14:34:07","2025-07-24 14:34:07",5
782,"Felsőnyárád","község","Borsod-Abaúj-Zemplén",Putnoki,1167.0,886,376,47.4979,19.0402,"Átmeneti",JSON_2024,"2025-07-24 14:34:07","2025-07-24 14:34:07",5
783,"Felsőnyék","község",Tolna,"Tamási",3202.0,1005,489,47.4979,19.0402,"Átmeneti",JSON_2024,"2025-07-24 14:34:07","2025-07-24 14:34:07",6
784,"Felsőörs","község","Veszprém","Balatonalmádi",1723.0,2081,818,47.4979,19.0402,"Átmeneti",JSON_2024,"2025-07-24 14:34:07","2025-07-24 14:34:07",6
785,"Felsőpáhok","község",Zala,Keszthelyi,727.0,671,349,47.4979,19.0402,"Átmeneti",JSON_2024,"2025-07-24 14:34:07","2025-07-24 14:34:07",5
786,"Felsőpakony","nagyközség",Pest,"Gyáli",1533.0,3753,1335,47.4979,19.0402,"Átmeneti",JSON_2024,"2025-07-24 14:34:07","2025-07-24 14:34:07",6
787,"Felsőpetény","község","Nógrád","Rétsági",1450.0,549,264,47.4979,19.0402,"Átmeneti",JSON_2024,"2025-07-24 14:34:07","2025-07-24 14:34:07",5
788,"Felsőrajk","község",Zala,Nagykanizsai,2054.0,765,330,47.4979,19.0402,"Átmeneti",JSON_2024,"2025-07-24 14:34:07","2025-07-24 14:34:07",5
789,"Felsőregmec","község","Borsod-Abaúj-Zemplén","Sátoraljaújhelyi",1075.0,333,82,47.4979,19.0402,"Átmeneti",JSON_2024,"2025-07-24 14:34:07","2025-07-24 14:34:07",5
790,"Felsőszenterzsébet","község",Zala,Lenti,824.0,16,16,47.4979,19.0402,"Átmeneti",JSON_2024,"2025-07-24 14:34:07","2025-07-24 14:34:07",5
791,"Felsőszentiván","község","Bács-Kiskun",Bajai,5354.0,1687,820,47.4979,19.0402,"Átmeneti",JSON_2024,"2025-07-24 14:34:07","2025-07-24 14:34:07",6
792,"Felsőszentmárton","község",Baranya,Sellyei,1946.0,705,500,47.4979,19.0402,"Átmeneti",JSON_2024,"2025-07-24 14:34:07","2025-07-24 14:34:07",5
793,"Felsőszölnök","község",Vas,"Szentgotthárdi",2356.0,524,305,47.4979,19.0402,"Átmeneti",JSON_2024,"2025-07-24 14:34:07","2025-07-24 14:34:07",5
794,"Felsőtárkány","község",Heves,Egri,7732.0,3455,1313,47.4979,19.0402,"Átmeneti",JSON_2024,"2025-07-24 14:34:07","2025-07-24 14:34:07",6
795,"Felsőtelekes","község","Borsod-Abaúj-Zemplén",Kazincbarcikai,845.0,640,284,47.4979,19.0402,"Átmeneti",JSON_2024,"2025-07-24 14:34:07","2025-07-24 14:34:07",5
796,"Felsőtold","község","Nógrád","Pásztói",1083.0,121,103,47.4979,19.0402,"Átmeneti",JSON_2024,"2025-07-24 14:34:07","2025-07-24 14:34:07",5
797,"Felsővadász","község","Borsod-Abaúj-Zemplén","Szikszói",1864.0,563,164,47.4979,19.0402,"Átmeneti",JSON_2024,"2025-07-24 14:34:07","2025-07-24 14:34:07",5
798,"Felsőzsolca","város","Borsod-Abaúj-Zemplén",Miskolci,1625.0,6401,2241,47.4979,19.0402,"Átmeneti",JSON_2024,"2025-07-24 14:34:07","2025-07-24 14:34:07",6
799,"Fényeslitke","község","Szabolcs-Szatmár-Bereg","Kisvárdai",2515.0,2312,835,47.4979,19.0402,"Átmeneti",JSON_2024,"2025-07-24 14:34:07","2025-07-24 14:34:07",6
800,"Fenyőfő","község","Győr-Moson-Sopron",Pannonhalmi,2965.0,95,90,47.4979,19.0402,"Átmeneti",JSON_2024,"2025-07-24 14:34:07","2025-07-24 14:34:07",5
801,"Ferencszállás","község","Csongrád-Csanád",Szegedi,579.0,617,270,47.4979,19.0402,"Átmeneti",JSON_2024,"2025-07-24 14:34:07","2025-07-24 14:34:07",5
802,"Fertőboz","község","Győr-Moson-Sopron",Soproni,1367.0,312,120,47.4979,19.0402,"Átmeneti",JSON_2024,"2025-07-24 14:34:07","2025-07-24 14:34:07",5
803,"Fertőd","város","Győr-Moson-Sopron",Soproni,4854.0,3406,1545,47.4979,19.0402,"Átmeneti",JSON_2024,"2025-07-24 14:34:07","2025-07-24 14:34:07",6
804,"Fertőendréd","község","Győr-Moson-Sopron",Soproni,1509.0,609,256,47.4979,19.0402,"Átmeneti",JSON_2024,"2025-07-24 14:34:07","2025-07-24 14:34:07",5
805,"Fertőhomok","község","Győr-Moson-Sopron",Soproni,1261.0,892,419,47.4979,19.0402,"Átmeneti",JSON_2024,"2025-07-24 14:34:07","2025-07-24 14:34:07",5
806,"Fertőrákos","község","Győr-Moson-Sopron",Soproni,2190.0,2455,1077,47.4979,19.0402,"Átmeneti",JSON_2024,"2025-07-24 14:34:07","2025-07-24 14:34:07",6
807,"Fertőszentmiklós","város","Győr-Moson-Sopron",Soproni,3939.0,3939,1584,47.4979,19.0402,"Átmeneti",JSON_2024,"2025-07-24 14:34:07","2025-07-24 14:34:07",6
808,"Fertőszéplak","község","Győr-Moson-Sopron",Soproni,2178.0,1389,555,47.4979,19.0402,"Átmeneti",JSON_2024,"2025-07-24 14:34:07","2025-07-24 14:34:07",6
809,Fiad,"község",Somogy,Tabi,1491.0,104,76,47.4979,19.0402,"Átmeneti",JSON_2024,"2025-07-24 14:34:07","2025-07-24 14:34:07",5
810,"Filkeháza","község","Borsod-Abaúj-Zemplén","Sátoraljaújhelyi",441.0,83,37,47.4979,19.0402,"Átmeneti",JSON_2024,"2025-07-24 14:34:07","2025-07-24 14:34:07",5
811,"Fityeház","község",Zala,Nagykanizsai,650.0,580,253,47.4979,19.0402,"Átmeneti",JSON_2024,"2025-07-24 14:34:07","2025-07-24 14:34:07",5
812,"Foktő","község","Bács-Kiskun",Kalocsai,3146.0,1388,721,47.4979,19.0402,"Átmeneti",JSON_2024,"2025-07-24 14:34:07","2025-07-24 14:34:07",6
813,"Folyás","község","Hajdú-Bihar","Hajdúnánási",5393.0,271,153,47.4979,19.0402,"Átmeneti",JSON_2024,"2025-07-24 14:34:07","2025-07-24 14:34:07",5
814,"Fonó","község",Somogy,"Kaposvári",1061.0,282,146,47.4979,19.0402,"Átmeneti",JSON_2024,"2025-07-24 14:34:07","2025-07-24 14:34:07",5
815,Fony,"község","Borsod-Abaúj-Zemplén","Gönci",4056.0,329,200,47.4979,19.0402,"Átmeneti",JSON_2024,"2025-07-24 14:34:07","2025-07-24 14:34:07",5
816,"Fonyód","város",Somogy,"Fonyódi",5355.0,5065,3043,47.4979,19.0402,"Átmeneti",JSON_2024,"2025-07-24 14:34:07","2025-07-24 14:34:07",6
817,"Forráskút","község","Csongrád-Csanád","Mórahalmi",3667.0,1977,1018,47.4979,19.0402,"Átmeneti",JSON_2024,"2025-07-24 14:34:07","2025-07-24 14:34:07",6
818,"Forró","község","Borsod-Abaúj-Zemplén",Encsi,1903.0,2702,800,47.4979,19.0402,"Átmeneti",JSON_2024,"2025-07-24 14:34:07","2025-07-24 14:34:07",6
819,"Fót","város",Pest,Dunakeszi,3740.0,20859,7767,47.4979,19.0402,"Átmeneti",JSON_2024,"2025-07-24 14:34:07","2025-07-24 14:34:07",7
820,"Földeák","község","Csongrád-Csanád","Makói",3637.0,2899,1451,47.4979,19.0402,"Átmeneti",JSON_2024,"2025-07-24 14:34:07","2025-07-24 14:34:07",6
821,"Földes","nagyközség","Hajdú-Bihar","Püspökladányi",6524.0,3618,1683,47.4979,19.0402,"Átmeneti",JSON_2024,"2025-07-24 14:34:07","2025-07-24 14:34:07",6
822,"Főnyed","község",Somogy,Marcali,573.0,77,52,47.4979,19.0402,"Átmeneti",JSON_2024,"2025-07-24 14:34:07","2025-07-24 14:34:07",5
823,"Fulókércs","község","Borsod-Abaúj-Zemplén",Encsi,1860.0,459,117,47.4979,19.0402,"Átmeneti",JSON_2024,"2025-07-24 14:34:07","2025-07-24 14:34:07",5
824,Furta,"község","Hajdú-Bihar","Berettyóújfalui",4286.0,1133,566,47.4979,19.0402,"Átmeneti",JSON_2024,"2025-07-24 14:34:07","2025-07-24 14:34:07",6
825,"Füle","község","Fejér","Székesfehérvári",3032.0,853,405,47.4979,19.0402,"Átmeneti",JSON_2024,"2025-07-24 14:34:07","2025-07-24 14:34:07",5
826,"Fülesd","község","Szabolcs-Szatmár-Bereg","Fehérgyarmati",1505.0,389,178,47.4979,19.0402,"Átmeneti",JSON_2024,"2025-07-24 14:34:07","2025-07-24 14:34:07",5
827,"Fülöp","község","Hajdú-Bihar","Nyíradonyi",5595.0,1561,711,47.4979,19.0402,"Átmeneti",JSON_2024,"2025-07-24 14:34:07","2025-07-24 14:34:07",6
828,"Fülöpháza","község","Bács-Kiskun","Kecskeméti",4706.0,854,434,47.4979,19.0402,"Átmeneti",JSON_2024,"2025-07-24 14:34:07","2025-07-24 14:34:07",5
829,"Fülöpjakab","község","Bács-Kiskun","Kecskeméti",2316.0,1162,520,47.4979,19.0402,"Átmeneti",JSON_2024,"2025-07-24 14:34:07","2025-07-24 14:34:07",6
830,"Fülöpszállás","község","Bács-Kiskun","Kiskőrösi",9132.0,2224,1150,47.4979,19.0402,"Átmeneti",JSON_2024,"2025-07-24 14:34:07","2025-07-24 14:34:07",6
831,"Fülpösdaróc","község","Szabolcs-Szatmár-Bereg","Mátészalkai",425.0,388,108,47.4979,19.0402,"Átmeneti",JSON_2024,"2025-07-24 14:34:07","2025-07-24 14:34:07",5
832,"Fürged","község",Tolna,"Tamási",2676.0,639,248,47.4979,19.0402,"Átmeneti",JSON_2024,"2025-07-24 14:34:07","2025-07-24 14:34:07",5
833,"Füzér","község","Borsod-Abaúj-Zemplén","Sátoraljaújhelyi",3749.0,327,222,47.4979,19.0402,"Átmeneti",JSON_2024,"2025-07-24 14:34:07","2025-07-24 14:34:07",5
834,"Füzérkajata","község","Borsod-Abaúj-Zemplén","Sátoraljaújhelyi",1144.0,116,81,47.4979,19.0402,"Átmeneti",JSON_2024,"2025-07-24 14:34:07","2025-07-24 14:34:07",5
835,"Füzérkomlós","község","Borsod-Abaúj-Zemplén","Sátoraljaújhelyi",587.0,286,121,47.4979,19.0402,"Átmeneti",JSON_2024,"2025-07-24 14:34:07","2025-07-24 14:34:07",5
836,"Füzérradvány","község","Borsod-Abaúj-Zemplén","Sátoraljaújhelyi",981.0,290,163,47.4979,19.0402,"Átmeneti",JSON_2024,"2025-07-24 14:34:07","2025-07-24 14:34:07",5
837,"Füzesabony","város",Heves,"Füzesabonyi",4634.0,7143,3087,47.4979,19.0402,"Átmeneti",JSON_2024,"2025-07-24 14:34:07","2025-07-24 14:34:07",6
838,"Füzesgyarmat","város","Békés",Szeghalmi,12734.0,4944,2382,47.4979,19.0402,"Átmeneti",JSON_2024,"2025-07-24 14:34:07","2025-07-24 14:34:07",6
839,"Fűzvölgy","község",Zala,Nagykanizsai,314.0,132,56,47.4979,19.0402,"Átmeneti",JSON_2024,"2025-07-24 14:34:07","2025-07-24 14:34:07",5
840,"Gáborján","község","Hajdú-Bihar","Berettyóújfalui",2646.0,830,365,47.4979,19.0402,"Átmeneti",JSON_2024,"2025-07-24 14:34:07","2025-07-24 14:34:07",5
841,"Gáborjánháza","község",Zala,Lenti,507.0,64,62,47.4979,19.0402,"Átmeneti",JSON_2024,"2025-07-24 14:34:07","2025-07-24 14:34:07",5
842,"Gacsály","község","Szabolcs-Szatmár-Bereg","Fehérgyarmati",1982.0,827,289,47.4979,19.0402,"Átmeneti",JSON_2024,"2025-07-24 14:34:07","2025-07-24 14:34:07",5
843,"Gadács","község",Somogy,"Kaposvári",386.0,70,59,47.4979,19.0402,"Átmeneti",JSON_2024,"2025-07-24 14:34:07","2025-07-24 14:34:07",5
844,"Gadány","község",Somogy,Marcali,1970.0,315,149,47.4979,19.0402,"Átmeneti",JSON_2024,"2025-07-24 14:34:07","2025-07-24 14:34:07",5
845,Gadna,"község","Borsod-Abaúj-Zemplén","Szikszói",809.0,325,61,47.4979,19.0402,"Átmeneti",JSON_2024,"2025-07-24 14:34:07","2025-07-24 14:34:07",5
846,"Gádoros","nagyközség","Békés","Orosházi",3813.0,3271,1700,47.4979,19.0402,"Átmeneti",JSON_2024,"2025-07-24 14:34:07","2025-07-24 14:34:07",6
847,"Gagyapáti","község","Borsod-Abaúj-Zemplén",Encsi,323.0,33,16,47.4979,19.0402,"Átmeneti",JSON_2024,"2025-07-24 14:34:07","2025-07-24 14:34:07",5
848,"Gagybátor","község","Borsod-Abaúj-Zemplén","Szikszói",1877.0,201,73,47.4979,19.0402,"Átmeneti",JSON_2024,"2025-07-24 14:34:07","2025-07-24 14:34:07",5
849,"Gagyvendégi","község","Borsod-Abaúj-Zemplén","Szikszói",1232.0,219,98,47.4979,19.0402,"Átmeneti",JSON_2024,"2025-07-24 14:34:07","2025-07-24 14:34:07",5
850,Galambok,"község",Zala,Nagykanizsai,2591.0,1246,587,47.4979,19.0402,"Átmeneti",JSON_2024,"2025-07-24 14:34:07","2025-07-24 14:34:07",6
851,Galgaguta,"község","Nógrád",Balassagyarmati,1589.0,598,286,47.4979,19.0402,"Átmeneti",JSON_2024,"2025-07-24 14:34:07","2025-07-24 14:34:07",5
852,"Galgagyörk","község",Pest,"Váci",1472.0,914,342,47.4979,19.0402,"Átmeneti",JSON_2024,"2025-07-24 14:34:07","2025-07-24 14:34:07",5
853,"Galgahévíz","község",Pest,"Aszódi",3118.0,2507,1012,47.4979,19.0402,"Átmeneti",JSON_2024,"2025-07-24 14:34:07","2025-07-24 14:34:07",6
854,"Galgamácsa","község",Pest,"Aszódi",4331.0,1833,745,47.4979,19.0402,"Átmeneti",JSON_2024,"2025-07-24 14:34:07","2025-07-24 14:34:07",6
855,"Gálosfa","község",Somogy,"Kaposvári",1976.0,218,107,47.4979,19.0402,"Átmeneti",JSON_2024,"2025-07-24 14:34:07","2025-07-24 14:34:07",5
856,"Galvács","község","Borsod-Abaúj-Zemplén","Edelényi",1504.0,86,70,47.4979,19.0402,"Átmeneti",JSON_2024,"2025-07-24 14:34:07","2025-07-24 14:34:07",5
857,"Gamás","község",Somogy,"Fonyódi",4292.0,650,362,47.4979,19.0402,"Átmeneti",JSON_2024,"2025-07-24 14:34:07","2025-07-24 14:34:07",5
858,Ganna,"község","Veszprém","Pápai",1547.0,258,125,47.4979,19.0402,"Átmeneti",JSON_2024,"2025-07-24 14:34:07","2025-07-24 14:34:07",5
859,"Gánt","község","Fejér",Bicskei,5815.0,731,308,47.4979,19.0402,"Átmeneti",JSON_2024,"2025-07-24 14:34:07","2025-07-24 14:34:07",5
860,Gara,"község","Bács-Kiskun",Bajai,5996.0,2065,894,47.4979,19.0402,"Átmeneti",JSON_2024,"2025-07-24 14:34:07","2025-07-24 14:34:07",6
861,"Garáb","község","Nógrád","Pásztói",820.0,50,38,47.4979,19.0402,"Átmeneti",JSON_2024,"2025-07-24 14:34:07","2025-07-24 14:34:07",5
862,Garabonc,"község",Zala,Nagykanizsai,1856.0,630,292,47.4979,19.0402,"Átmeneti",JSON_2024,"2025-07-24 14:34:07","2025-07-24 14:34:07",5
863,Garadna,"község","Borsod-Abaúj-Zemplén",Encsi,975.0,357,188,47.4979,19.0402,"Átmeneti",JSON_2024,"2025-07-24 14:34:07","2025-07-24 14:34:07",5
864,Garbolc,"község","Szabolcs-Szatmár-Bereg","Fehérgyarmati",723.0,141,70,47.4979,19.0402,"Átmeneti",JSON_2024,"2025-07-24 14:34:07","2025-07-24 14:34:07",5
865,"Gárdony","város","Fejér","Gárdonyi",6353.0,13750,6380,47.4979,19.0402,"Átmeneti",JSON_2024,"2025-07-24 14:34:07","2025-07-24 14:34:07",7
866,"Garé","község",Baranya,"Siklósi",853.0,279,110,47.4979,19.0402,"Átmeneti",JSON_2024,"2025-07-24 14:34:07","2025-07-24 14:34:07",5
867,Gasztony,"község",Vas,"Szentgotthárdi",1427.0,419,211,47.4979,19.0402,"Átmeneti",JSON_2024,"2025-07-24 14:34:07","2025-07-24 14:34:07",5
868,"Gátér","község","Bács-Kiskun","Kiskunfélegyházi",3089.0,860,449,47.4979,19.0402,"Átmeneti",JSON_2024,"2025-07-24 14:34:07","2025-07-24 14:34:07",5
869,"Gávavencsellő","nagyközség","Szabolcs-Szatmár-Bereg","Ibrányi",6682.0,3278,1469,47.4979,19.0402,"Átmeneti",JSON_2024,"2025-07-24 14:34:07","2025-07-24 14:34:07",6
870,"Géberjén","község","Szabolcs-Szatmár-Bereg","Mátészalkai",538.0,432,198,47.4979,19.0402,"Átmeneti",JSON_2024,"2025-07-24 14:34:07","2025-07-24 14:34:07",5
871,Gecse,"község","Veszprém","Pápai",933.0,387,178,47.4979,19.0402,"Átmeneti",JSON_2024,"2025-07-24 14:34:07","2025-07-24 14:34:07",5
872,"Géderlak","község","Bács-Kiskun",Kalocsai,1894.0,859,460,47.4979,19.0402,"Átmeneti",JSON_2024,"2025-07-24 14:34:07","2025-07-24 14:34:07",5
873,"Gégény","község","Szabolcs-Szatmár-Bereg",Kemecsei,2344.0,1738,714,47.4979,19.0402,"Átmeneti",JSON_2024,"2025-07-24 14:34:07","2025-07-24 14:34:07",6
874,Gelej,"község","Borsod-Abaúj-Zemplén","Mezőcsáti",3212.0,540,233,47.4979,19.0402,"Átmeneti",JSON_2024,"2025-07-24 14:34:07","2025-07-24 14:34:07",5
875,"Gelénes","község","Szabolcs-Szatmár-Bereg","Vásárosnaményi",2055.0,520,237,47.4979,19.0402,"Átmeneti",JSON_2024,"2025-07-24 14:34:07","2025-07-24 14:34:07",5
876,"Gellénháza","község",Zala,Zalaegerszegi,523.0,1466,643,47.4979,19.0402,"Átmeneti",JSON_2024,"2025-07-24 14:34:07","2025-07-24 14:34:07",6
877,Gelse,"község",Zala,Nagykanizsai,2247.0,975,439,47.4979,19.0402,"Átmeneti",JSON_2024,"2025-07-24 14:34:07","2025-07-24 14:34:07",5
878,Gelsesziget,"község",Zala,Nagykanizsai,498.0,248,104,47.4979,19.0402,"Átmeneti",JSON_2024,"2025-07-24 14:34:07","2025-07-24 14:34:07",5
879,Gemzse,"község","Szabolcs-Szatmár-Bereg","Vásárosnaményi",1359.0,827,269,47.4979,19.0402,"Átmeneti",JSON_2024,"2025-07-24 14:34:07","2025-07-24 14:34:07",5
880,"Gencsapáti","község",Vas,Szombathelyi,2239.0,2684,974,47.4979,19.0402,"Átmeneti",JSON_2024,"2025-07-24 14:34:07","2025-07-24 14:34:07",6
881,"Gérce","község",Vas,"Sárvári",1830.0,1078,483,47.4979,19.0402,"Átmeneti",JSON_2024,"2025-07-24 14:34:07","2025-07-24 14:34:07",6
882,Gerde,"község",Baranya,"Szentlőrinci",1276.0,483,187,47.4979,19.0402,"Átmeneti",JSON_2024,"2025-07-24 14:34:07","2025-07-24 14:34:07",5
883,"Gerendás","község","Békés","Békéscsabai",4078.0,1045,649,47.4979,19.0402,"Átmeneti",JSON_2024,"2025-07-24 14:34:07","2025-07-24 14:34:07",6
884,"Gerényes","község",Baranya,"Hegyháti",1234.0,219,95,47.4979,19.0402,"Átmeneti",JSON_2024,"2025-07-24 14:34:07","2025-07-24 14:34:07",5
885,Geresdlak,"község",Baranya,"Pécsváradi",2528.0,734,385,47.4979,19.0402,"Átmeneti",JSON_2024,"2025-07-24 14:34:07","2025-07-24 14:34:07",5
886,Gerjen,"község",Tolna,Paksi,3628.0,1151,568,47.4979,19.0402,"Átmeneti",JSON_2024,"2025-07-24 14:34:07","2025-07-24 14:34:07",6
887,"Gersekarát","község",Vas,"Vasvári",1992.0,648,333,47.4979,19.0402,"Átmeneti",JSON_2024,"2025-07-24 14:34:07","2025-07-24 14:34:07",5
888,Geszt,"község","Békés",Sarkadi,5139.0,653,327,47.4979,19.0402,"Átmeneti",JSON_2024,"2025-07-24 14:34:07","2025-07-24 14:34:07",5
889,Gesztely,"község","Borsod-Abaúj-Zemplén",Miskolci,2882.0,2628,936,47.4979,19.0402,"Átmeneti",JSON_2024,"2025-07-24 14:34:07","2025-07-24 14:34:07",6
890,"Geszteréd","község","Szabolcs-Szatmár-Bereg","Nagykállói",3352.0,1609,742,47.4979,19.0402,"Átmeneti",JSON_2024,"2025-07-24 14:34:07","2025-07-24 14:34:07",6
891,"Gétye","község",Zala,Keszthelyi,666.0,90,91,47.4979,19.0402,"Átmeneti",JSON_2024,"2025-07-24 14:34:07","2025-07-24 14:34:07",5
892,"Gibárt","község","Borsod-Abaúj-Zemplén","Gönci",533.0,334,139,47.4979,19.0402,"Átmeneti",JSON_2024,"2025-07-24 14:34:07","2025-07-24 14:34:07",5
893,Gic,"község","Veszprém","Pápai",1968.0,326,145,47.4979,19.0402,"Átmeneti",JSON_2024,"2025-07-24 14:34:07","2025-07-24 14:34:07",5
894,Gige,"község",Somogy,"Kaposvári",1319.0,390,124,47.4979,19.0402,"Átmeneti",JSON_2024,"2025-07-24 14:34:07","2025-07-24 14:34:07",5
895,"Gilvánfa","község",Baranya,Sellyei,1543.0,332,118,47.4979,19.0402,"Átmeneti",JSON_2024,"2025-07-24 14:34:07","2025-07-24 14:34:07",5
896,Girincs,"község","Borsod-Abaúj-Zemplén","Tiszaújvárosi",1120.0,880,286,47.4979,19.0402,"Átmeneti",JSON_2024,"2025-07-24 14:34:07","2025-07-24 14:34:07",5
897,"Gógánfa","község","Veszprém","Sümegi",1317.0,696,313,47.4979,19.0402,"Átmeneti",JSON_2024,"2025-07-24 14:34:07","2025-07-24 14:34:07",5
898,Golop,"község","Borsod-Abaúj-Zemplén",Szerencsi,943.0,540,291,47.4979,19.0402,"Átmeneti",JSON_2024,"2025-07-24 14:34:07","2025-07-24 14:34:07",5
899,Gomba,"község",Pest,Monori,3971.0,3193,1239,47.4979,19.0402,"Átmeneti",JSON_2024,"2025-07-24 14:34:07","2025-07-24 14:34:07",6
900,Gombosszeg,"község",Zala,Zalaegerszegi,216.0,59,30,47.4979,19.0402,"Átmeneti",JSON_2024,"2025-07-24 14:34:07","2025-07-24 14:34:07",5
901,"Gór","község",Vas,"Sárvári",1099.0,338,175,47.4979,19.0402,"Átmeneti",JSON_2024,"2025-07-24 14:34:07","2025-07-24 14:34:07",5
902,Gordisa,"község",Baranya,"Siklósi",1088.0,304,95,47.4979,19.0402,"Átmeneti",JSON_2024,"2025-07-24 14:34:07","2025-07-24 14:34:07",5
903,Gosztola,"község",Zala,Lenti,698.0,56,52,47.4979,19.0402,"Átmeneti",JSON_2024,"2025-07-24 14:34:07","2025-07-24 14:34:07",5
904,"Göd","város",Pest,Dunakeszi,2444.0,21876,8237,47.4979,19.0402,"Átmeneti",JSON_2024,"2025-07-24 14:34:07","2025-07-24 14:34:07",7
905,"Gödöllő","város",Pest,"Gödöllői",6193.0,32524,13635,47.4979,19.0402,"Átmeneti",JSON_2024,"2025-07-24 14:34:07","2025-07-24 14:34:07",7
906,"Gödre","község",Baranya,"Hegyháti",3993.0,725,382,47.4979,19.0402,"Átmeneti",JSON_2024,"2025-07-24 14:34:07","2025-07-24 14:34:07",5
907,"Gölle","község",Somogy,"Kaposvári",4469.0,748,412,47.4979,19.0402,"Átmeneti",JSON_2024,"2025-07-24 14:34:07","2025-07-24 14:34:07",5
908,"Gömörszőlős","község","Borsod-Abaúj-Zemplén",Putnoki,877.0,71,50,47.4979,19.0402,"Átmeneti",JSON_2024,"2025-07-24 14:34:07","2025-07-24 14:34:07",5
909,"Gönc","város","Borsod-Abaúj-Zemplén","Gönci",3727.0,1930,862,47.4979,19.0402,"Átmeneti",JSON_2024,"2025-07-24 14:34:07","2025-07-24 14:34:07",6
910,"Göncruszka","község","Borsod-Abaúj-Zemplén","Gönci",1670.0,672,314,47.4979,19.0402,"Átmeneti",JSON_2024,"2025-07-24 14:34:07","2025-07-24 14:34:07",5
911,"Gönyű","község","Győr-Moson-Sopron","Győri",2163.0,3274,1229,47.4979,19.0402,"Átmeneti",JSON_2024,"2025-07-24 14:34:07","2025-07-24 14:34:07",6
912,"Görbeháza","község","Hajdú-Bihar","Hajdúnánási",8021.0,2249,1043,47.4979,19.0402,"Átmeneti",JSON_2024,"2025-07-24 14:34:07","2025-07-24 14:34:07",6
913,"Görcsöny","község",Baranya,"Pécsi",1852.0,1546,529,47.4979,19.0402,"Átmeneti",JSON_2024,"2025-07-24 14:34:07","2025-07-24 14:34:07",6
914,"Görcsönydoboka","község",Baranya,"Mohácsi",951.0,323,177,47.4979,19.0402,"Átmeneti",JSON_2024,"2025-07-24 14:34:07","2025-07-24 14:34:07",5
915,"Görgeteg","község",Somogy,"Nagyatádi",3350.0,1019,432,47.4979,19.0402,"Átmeneti",JSON_2024,"2025-07-24 14:34:07","2025-07-24 14:34:07",6
916,"Gősfa","község",Zala,Zalaegerszegi,1045.0,305,128,47.4979,19.0402,"Átmeneti",JSON_2024,"2025-07-24 14:34:07","2025-07-24 14:34:07",5
917,"Grábóc","község",Tolna,"Bonyhádi",1373.0,139,84,47.4979,19.0402,"Átmeneti",JSON_2024,"2025-07-24 14:34:07","2025-07-24 14:34:07",5
918,"Gulács","község","Szabolcs-Szatmár-Bereg","Vásárosnaményi",2335.0,936,359,47.4979,19.0402,"Átmeneti",JSON_2024,"2025-07-24 14:34:07","2025-07-24 14:34:07",5
919,"Gutorfölde","község",Zala,Zalaegerszegi,2485.0,878,471,47.4979,19.0402,"Átmeneti",JSON_2024,"2025-07-24 14:34:07","2025-07-24 14:34:07",5
920,"Gyál","város",Pest,"Gyáli",2493.0,24376,8408,47.4979,19.0402,"Átmeneti",JSON_2024,"2025-07-24 14:34:07","2025-07-24 14:34:07",7
921,"Gyalóka","község","Győr-Moson-Sopron",Soproni,393.0,87,48,47.4979,19.0402,"Átmeneti",JSON_2024,"2025-07-24 14:34:07","2025-07-24 14:34:07",5
922,"Gyanógeregye","község",Vas,Szombathelyi,707.0,147,63,47.4979,19.0402,"Átmeneti",JSON_2024,"2025-07-24 14:34:07","2025-07-24 14:34:07",5
923,Gyarmat,"község","Győr-Moson-Sopron","Téti",2245.0,1340,582,47.4979,19.0402,"Átmeneti",JSON_2024,"2025-07-24 14:34:07","2025-07-24 14:34:07",6
924,"Gyékényes","község",Somogy,"Csurgói",3376.0,980,501,47.4979,19.0402,"Átmeneti",JSON_2024,"2025-07-24 14:34:07","2025-07-24 14:34:07",5
925,"Gyenesdiás","nagyközség",Zala,Keszthelyi,1850.0,3939,2118,47.4979,19.0402,"Átmeneti",JSON_2024,"2025-07-24 14:34:07","2025-07-24 14:34:07",6
926,"Gyepükaján","község","Veszprém","Sümegi",911.0,344,156,47.4979,19.0402,"Átmeneti",JSON_2024,"2025-07-24 14:34:07","2025-07-24 14:34:07",5
927,Gyermely,"község","Komárom-Esztergom","Tatabányai",4547.0,1517,594,47.4979,19.0402,"Átmeneti",JSON_2024,"2025-07-24 14:34:07","2025-07-24 14:34:07",6
928,"Gyód","község",Baranya,"Pécsi",325.0,777,307,47.4979,19.0402,"Átmeneti",JSON_2024,"2025-07-24 14:34:07","2025-07-24 14:34:07",5
929,"Gyomaendrőd","város","Békés","Gyomaendrődi",30394.0,12003,6766,47.4979,19.0402,"Átmeneti",JSON_2024,"2025-07-24 14:34:07","2025-07-24 14:34:07",7
930,"Gyóró","község","Győr-Moson-Sopron","Kapuvári",1164.0,364,152,47.4979,19.0402,"Átmeneti",JSON_2024,"2025-07-24 14:34:07","2025-07-24 14:34:07",5
931,"Gyömöre","község","Győr-Moson-Sopron","Téti",2049.0,1222,503,47.4979,19.0402,"Átmeneti",JSON_2024,"2025-07-24 14:34:07","2025-07-24 14:34:07",6
932,"Gyömrő","város",Pest,Monori,2651.0,20332,7347,47.4979,19.0402,"Átmeneti",JSON_2024,"2025-07-24 14:34:07","2025-07-24 14:34:07",7
933,"Gyöngyfa","község",Baranya,"Szentlőrinci",878.0,138,52,47.4979,19.0402,"Átmeneti",JSON_2024,"2025-07-24 14:34:07","2025-07-24 14:34:07",5
934,"Gyöngyös","város",Heves,"Gyöngyösi",5526.0,27645,14908,47.4979,19.0402,"Átmeneti",JSON_2024,"2025-07-24 14:34:07","2025-07-24 14:34:07",7
935,"Gyöngyösfalu","község",Vas,"Kőszegi",965.0,1099,432,47.4979,19.0402,"Átmeneti",JSON_2024,"2025-07-24 14:34:07","2025-07-24 14:34:07",6
936,"Gyöngyöshalász","község",Heves,"Gyöngyösi",2719.0,2546,1075,47.4979,19.0402,"Átmeneti",JSON_2024,"2025-07-24 14:34:07","2025-07-24 14:34:07",6
937,"Gyöngyösmellék","község",Baranya,"Szigetvári",1002.0,264,98,47.4979,19.0402,"Átmeneti",JSON_2024,"2025-07-24 14:34:07","2025-07-24 14:34:07",5
938,"Gyöngyösoroszi","község",Heves,"Gyöngyösi",2139.0,1459,559,47.4979,19.0402,"Átmeneti",JSON_2024,"2025-07-24 14:34:07","2025-07-24 14:34:07",6
939,"Gyöngyöspata","város",Heves,"Gyöngyösi",6075.0,2253,1041,47.4979,19.0402,"Átmeneti",JSON_2024,"2025-07-24 14:34:07","2025-07-24 14:34:07",6
940,"Gyöngyössolymos","község",Heves,"Gyöngyösi",6485.0,2757,1250,47.4979,19.0402,"Átmeneti",JSON_2024,"2025-07-24 14:34:07","2025-07-24 14:34:07",6
941,"Gyöngyöstarján","község",Heves,"Gyöngyösi",4639.0,2163,977,47.4979,19.0402,"Átmeneti",JSON_2024,"2025-07-24 14:34:07","2025-07-24 14:34:07",6
942,"Gyönk","város",Tolna,"Tamási",3812.0,1628,678,47.4979,19.0402,"Átmeneti",JSON_2024,"2025-07-24 14:34:07","2025-07-24 14:34:07",6
943,"Győr","megyeszékhely, megyei jogú város","Győr-Moson-Sopron","Győri",17462.0,130191,64363,47.4979,19.0402,"Átmeneti",JSON_2024,"2025-07-24 14:34:07","2025-07-24 14:34:07",9
944,"Győrasszonyfa","község","Győr-Moson-Sopron",Pannonhalmi,648.0,504,208,47.4979,19.0402,"Átmeneti",JSON_2024,"2025-07-24 14:34:07","2025-07-24 14:34:07",5
945,"Györe","község",Tolna,"Bonyhádi",1132.0,569,250,47.4979,19.0402,"Átmeneti",JSON_2024,"2025-07-24 14:34:07","2025-07-24 14:34:07",5
946,"Györgytarló","község","Borsod-Abaúj-Zemplén","Sárospataki",3019.0,477,202,47.4979,19.0402,"Átmeneti",JSON_2024,"2025-07-24 14:34:07","2025-07-24 14:34:07",5
947,"Györköny","község",Tolna,Paksi,3160.0,974,469,47.4979,19.0402,"Átmeneti",JSON_2024,"2025-07-24 14:34:07","2025-07-24 14:34:07",5
948,"Győrladamér","község","Győr-Moson-Sopron","Győri",861.0,1883,647,47.4979,19.0402,"Átmeneti",JSON_2024,"2025-07-24 14:34:07","2025-07-24 14:34:07",6
949,"Győröcske","község","Szabolcs-Szatmár-Bereg","Záhonyi",211.0,102,53,47.4979,19.0402,"Átmeneti",JSON_2024,"2025-07-24 14:34:07","2025-07-24 14:34:07",5
950,"Győrság","község","Győr-Moson-Sopron","Győri",820.0,1674,668,47.4979,19.0402,"Átmeneti",JSON_2024,"2025-07-24 14:34:07","2025-07-24 14:34:07",6
951,"Győrsövényház","község","Győr-Moson-Sopron","Győri",2420.0,806,311,47.4979,19.0402,"Átmeneti",JSON_2024,"2025-07-24 14:34:07","2025-07-24 14:34:07",5
952,"Győrszemere","község","Győr-Moson-Sopron","Téti",3310.0,3589,1345,47.4979,19.0402,"Átmeneti",JSON_2024,"2025-07-24 14:34:07","2025-07-24 14:34:07",6
953,"Győrtelek","község","Szabolcs-Szatmár-Bereg","Mátészalkai",1477.0,1589,476,47.4979,19.0402,"Átmeneti",JSON_2024,"2025-07-24 14:34:07","2025-07-24 14:34:07",6
954,"Győrújbarát","község","Győr-Moson-Sopron","Győri",3360.0,8174,3059,47.4979,19.0402,"Átmeneti",JSON_2024,"2025-07-24 14:34:07","2025-07-24 14:34:07",6
955,"Győrújfalu","község","Győr-Moson-Sopron","Győri",737.0,2530,1060,47.4979,19.0402,"Átmeneti",JSON_2024,"2025-07-24 14:34:07","2025-07-24 14:34:07",6
956,"Győrvár","község",Vas,"Vasvári",1660.0,603,287,47.4979,19.0402,"Átmeneti",JSON_2024,"2025-07-24 14:34:07","2025-07-24 14:34:07",5
957,"Győrzámoly","község","Győr-Moson-Sopron","Győri",2639.0,3892,1293,47.4979,19.0402,"Átmeneti",JSON_2024,"2025-07-24 14:34:07","2025-07-24 14:34:07",6
958,Gyugy,"község",Somogy,"Fonyódi",1531.0,312,146,47.4979,19.0402,"Átmeneti",JSON_2024,"2025-07-24 14:34:07","2025-07-24 14:34:07",5
959,Gyula,"város","Békés",Gyulai,25579.0,27834,14455,47.4979,19.0402,"Átmeneti",JSON_2024,"2025-07-24 14:34:07","2025-07-24 14:34:07",7
960,"Gyulaháza","község","Szabolcs-Szatmár-Bereg","Kisvárdai",2207.0,1749,646,47.4979,19.0402,"Átmeneti",JSON_2024,"2025-07-24 14:34:07","2025-07-24 14:34:07",6
961,Gyulaj,"község",Tolna,"Dombóvári",7082.0,779,316,47.4979,19.0402,"Átmeneti",JSON_2024,"2025-07-24 14:34:07","2025-07-24 14:34:07",5
962,Gyulakeszi,"község","Veszprém",Tapolcai,967.0,628,255,47.4979,19.0402,"Átmeneti",JSON_2024,"2025-07-24 14:34:07","2025-07-24 14:34:07",5
963,"Gyúró","község","Fejér","Martonvásári",2439.0,1347,511,47.4979,19.0402,"Átmeneti",JSON_2024,"2025-07-24 14:34:07","2025-07-24 14:34:07",6
964,"Gyügye","község","Szabolcs-Szatmár-Bereg","Fehérgyarmati",433.0,276,130,47.4979,19.0402,"Átmeneti",JSON_2024,"2025-07-24 14:34:07","2025-07-24 14:34:07",5
965,"Gyüre","község","Szabolcs-Szatmár-Bereg","Vásárosnaményi",1587.0,1182,428,47.4979,19.0402,"Átmeneti",JSON_2024,"2025-07-24 14:34:07","2025-07-24 14:34:07",6
966,"Gyűrűs","község",Zala,Zalaegerszegi,419.0,81,52,47.4979,19.0402,"Átmeneti",JSON_2024,"2025-07-24 14:34:07","2025-07-24 14:34:07",5
967,"Hács","község",Somogy,"Fonyódi",2128.0,356,185,47.4979,19.0402,"Átmeneti",JSON_2024,"2025-07-24 14:34:07","2025-07-24 14:34:07",5
968,"Hagyárosbörönd","község",Zala,Zalaegerszegi,1125.0,319,136,47.4979,19.0402,"Átmeneti",JSON_2024,"2025-07-24 14:34:07","2025-07-24 14:34:07",5
969,"Hahót","község",Zala,Nagykanizsai,3901.0,933,459,47.4979,19.0402,"Átmeneti",JSON_2024,"2025-07-24 14:34:07","2025-07-24 14:34:07",5
970,"Hajdúbagos","község","Hajdú-Bihar",Derecskei,3744.0,1938,829,47.4979,19.0402,"Átmeneti",JSON_2024,"2025-07-24 14:34:07","2025-07-24 14:34:07",6
971,"Hajdúböszörmény","város","Hajdú-Bihar","Hajdúböszörményi",37074.0,29310,12523,47.4979,19.0402,"Átmeneti",JSON_2024,"2025-07-24 14:34:07","2025-07-24 14:34:07",7
972,"Hajdúdorog","város","Hajdú-Bihar","Hajdúböszörményi",10065.0,8300,3541,47.4979,19.0402,"Átmeneti",JSON_2024,"2025-07-24 14:34:07","2025-07-24 14:34:07",6
973,"Hajdúhadház","város","Hajdú-Bihar","Hajdúhadházi",8782.0,13073,4107,47.4979,19.0402,"Átmeneti",JSON_2024,"2025-07-24 14:34:07","2025-07-24 14:34:07",7
974,"Hajdúnánás","város","Hajdú-Bihar","Hajdúnánási",25961.0,16087,7019,47.4979,19.0402,"Átmeneti",JSON_2024,"2025-07-24 14:34:07","2025-07-24 14:34:07",7
975,"Hajdúsámson","város","Hajdú-Bihar",Debreceni,6947.0,14170,5117,47.4979,19.0402,"Átmeneti",JSON_2024,"2025-07-24 14:34:07","2025-07-24 14:34:07",7
976,"Hajdúszoboszló","város","Hajdú-Bihar","Hajdúszoboszlói",23862.0,23918,11935,47.4979,19.0402,"Átmeneti",JSON_2024,"2025-07-24 14:34:07","2025-07-24 14:34:07",7
977,"Hajdúszovát","község","Hajdú-Bihar","Hajdúszoboszlói",5800.0,2979,1080,47.4979,19.0402,"Átmeneti",JSON_2024,"2025-07-24 14:34:07","2025-07-24 14:34:07",6
978,"Hajmás","község",Somogy,"Kaposvári",1111.0,221,73,47.4979,19.0402,"Átmeneti",JSON_2024,"2025-07-24 14:34:07","2025-07-24 14:34:07",5
979,"Hajmáskér","község","Veszprém","Veszprémi",3814.0,2925,1247,47.4979,19.0402,"Átmeneti",JSON_2024,"2025-07-24 14:34:07","2025-07-24 14:34:07",6
980,"Hajós","város","Bács-Kiskun",Kalocsai,8992.0,2700,1365,47.4979,19.0402,"Átmeneti",JSON_2024,"2025-07-24 14:34:07","2025-07-24 14:34:07",6
981,"Halastó","község",Vas,"Körmendi",565.0,79,63,47.4979,19.0402,"Átmeneti",JSON_2024,"2025-07-24 14:34:07","2025-07-24 14:34:07",5
982,"Halászi","község","Győr-Moson-Sopron","Mosonmagyaróvári",3645.0,3294,1229,47.4979,19.0402,"Átmeneti",JSON_2024,"2025-07-24 14:34:07","2025-07-24 14:34:07",6
983,"Halásztelek","város",Pest,"Szigetszentmiklósi",864.0,12072,4586,47.4979,19.0402,"Átmeneti",JSON_2024,"2025-07-24 14:34:07","2025-07-24 14:34:07",7
984,Halimba,"község","Veszprém",Ajkai,1262.0,1152,441,47.4979,19.0402,"Átmeneti",JSON_2024,"2025-07-24 14:34:07","2025-07-24 14:34:07",6
985,Halmaj,"község","Borsod-Abaúj-Zemplén","Szikszói",1259.0,1701,583,47.4979,19.0402,"Átmeneti",JSON_2024,"2025-07-24 14:34:07","2025-07-24 14:34:07",6
986,Halmajugra,"község",Heves,"Gyöngyösi",2168.0,1291,431,47.4979,19.0402,"Átmeneti",JSON_2024,"2025-07-24 14:34:07","2025-07-24 14:34:07",6
987,Halogy,"község",Vas,"Körmendi",705.0,277,142,47.4979,19.0402,"Átmeneti",JSON_2024,"2025-07-24 14:34:07","2025-07-24 14:34:07",5
988,"Hangács","község","Borsod-Abaúj-Zemplén","Edelényi",2253.0,591,238,47.4979,19.0402,"Átmeneti",JSON_2024,"2025-07-24 14:34:07","2025-07-24 14:34:07",5
989,Hangony,"község","Borsod-Abaúj-Zemplén","Ózdi",3914.0,1385,570,47.4979,19.0402,"Átmeneti",JSON_2024,"2025-07-24 14:34:07","2025-07-24 14:34:07",6
990,Hantos,"község","Fejér","Sárbogárdi",3696.0,846,367,47.4979,19.0402,"Átmeneti",JSON_2024,"2025-07-24 14:34:07","2025-07-24 14:34:07",5
991,Harasztifalu,"község",Vas,"Körmendi",789.0,180,84,47.4979,19.0402,"Átmeneti",JSON_2024,"2025-07-24 14:34:07","2025-07-24 14:34:07",5
992,Harc,"község",Tolna,"Szekszárdi",1586.0,760,327,47.4979,19.0402,"Átmeneti",JSON_2024,"2025-07-24 14:34:07","2025-07-24 14:34:07",5
993,Harka,"község","Győr-Moson-Sopron",Soproni,1100.0,3076,1020,47.4979,19.0402,"Átmeneti",JSON_2024,"2025-07-24 14:34:07","2025-07-24 14:34:07",6
994,"Harkakötöny","község","Bács-Kiskun",Kiskunhalasi,5270.0,707,377,47.4979,19.0402,"Átmeneti",JSON_2024,"2025-07-24 14:34:07","2025-07-24 14:34:07",5
995,"Harkány","város",Baranya,"Siklósi",2569.0,4775,2373,47.4979,19.0402,"Átmeneti",JSON_2024,"2025-07-24 14:34:07","2025-07-24 14:34:07",6
996,"Háromfa","község",Somogy,"Nagyatádi",4214.0,629,312,47.4979,19.0402,"Átmeneti",JSON_2024,"2025-07-24 14:34:07","2025-07-24 14:34:07",5
997,"Háromhuta","község","Borsod-Abaúj-Zemplén","Sárospataki",3780.0,108,93,47.4979,19.0402,"Átmeneti",JSON_2024,"2025-07-24 14:34:07","2025-07-24 14:34:07",5
998,"Harsány","község","Borsod-Abaúj-Zemplén",Miskolci,3653.0,1924,809,47.4979,19.0402,"Átmeneti",JSON_2024,"2025-07-24 14:34:07","2025-07-24 14:34:07",6
999,"Hárskút","község","Veszprém","Veszprémi",3446.0,667,256,47.4979,19.0402,"Átmeneti",JSON_2024,"2025-07-24 14:34:07","2025-07-24 14:34:07",5
1000,Harta,"nagyközség","Bács-Kiskun",Kalocsai,12968.0,3332,1602,47.4979,19.0402,"Átmeneti",JSON_2024,"2025-07-24 14:34:07","2025-07-24 14:34:07",6
1001,"Hásságy","község",Baranya,"Bólyi",800.0,259,141,47.4979,19.0402,"Átmeneti",JSON_2024,"2025-07-24 14:34:07","2025-07-24 14:34:07",5
1002,Hatvan,"város",Heves,Hatvani,6631.0,19943,9250,47.4979,19.0402,"Átmeneti",JSON_2024,"2025-07-24 14:34:07","2025-07-24 14:34:07",7
1003,"Hédervár","község","Győr-Moson-Sopron","Mosonmagyaróvári",1428.0,1310,523,47.4979,19.0402,"Átmeneti",JSON_2024,"2025-07-24 14:34:07","2025-07-24 14:34:07",6
1004,Hedrehely,"község",Somogy,"Kaposvári",2551.0,332,172,47.4979,19.0402,"Átmeneti",JSON_2024,"2025-07-24 14:34:07","2025-07-24 14:34:07",5
1005,Hegyesd,"község","Veszprém",Tapolcai,1105.0,156,94,47.4979,19.0402,"Átmeneti",JSON_2024,"2025-07-24 14:34:07","2025-07-24 14:34:07",5
1006,Hegyeshalom,"nagyközség","Győr-Moson-Sopron","Mosonmagyaróvári",5266.0,3709,1739,47.4979,19.0402,"Átmeneti",JSON_2024,"2025-07-24 14:34:07","2025-07-24 14:34:07",6
1007,Hegyfalu,"község",Vas,"Sárvári",1189.0,737,312,47.4979,19.0402,"Átmeneti",JSON_2024,"2025-07-24 14:34:07","2025-07-24 14:34:07",5
1008,"Hegyháthodász","község",Vas,"Körmendi",808.0,152,103,47.4979,19.0402,"Átmeneti",JSON_2024,"2025-07-24 14:34:07","2025-07-24 14:34:07",5
1009,"Hegyhátmaróc","község",Baranya,"Komlói",759.0,120,84,47.4979,19.0402,"Átmeneti",JSON_2024,"2025-07-24 14:34:07","2025-07-24 14:34:07",5
1010,"Hegyhátsál","község",Vas,"Körmendi",458.0,141,87,47.4979,19.0402,"Átmeneti",JSON_2024,"2025-07-24 14:34:07","2025-07-24 14:34:07",5
1011,"Hegyhátszentjakab","község",Vas,"Körmendi",947.0,266,175,47.4979,19.0402,"Átmeneti",JSON_2024,"2025-07-24 14:34:07","2025-07-24 14:34:07",5
1012,"Hegyhátszentmárton","község",Vas,"Körmendi",1274.0,65,48,47.4979,19.0402,"Átmeneti",JSON_2024,"2025-07-24 14:34:07","2025-07-24 14:34:07",5
1013,"Hegyhátszentpéter","község",Vas,"Vasvári",684.0,136,86,47.4979,19.0402,"Átmeneti",JSON_2024,"2025-07-24 14:34:07","2025-07-24 14:34:07",5
1014,"Hegykő","község","Győr-Moson-Sopron",Soproni,2680.0,1654,697,47.4979,19.0402,"Átmeneti",JSON_2024,"2025-07-24 14:34:07","2025-07-24 14:34:07",6
1015,Hegymagas,"község","Veszprém",Tapolcai,789.0,300,135,47.4979,19.0402,"Átmeneti",JSON_2024,"2025-07-24 14:34:07","2025-07-24 14:34:07",5
1016,Hegymeg,"község","Borsod-Abaúj-Zemplén","Edelényi",570.0,109,55,47.4979,19.0402,"Átmeneti",JSON_2024,"2025-07-24 14:34:07","2025-07-24 14:34:07",5
1017,"Hegyszentmárton","község",Baranya,Sellyei,1878.0,388,162,47.4979,19.0402,"Átmeneti",JSON_2024,"2025-07-24 14:34:07","2025-07-24 14:34:07",5
1018,"Héhalom","község","Nógrád","Pásztói",1867.0,936,402,47.4979,19.0402,"Átmeneti",JSON_2024,"2025-07-24 14:34:07","2025-07-24 14:34:07",5
1019,Hejce,"község","Borsod-Abaúj-Zemplén","Gönci",952.0,209,190,47.4979,19.0402,"Átmeneti",JSON_2024,"2025-07-24 14:34:07","2025-07-24 14:34:07",5
1020,"Hejőbába","község","Borsod-Abaúj-Zemplén","Tiszaújvárosi",1872.0,1877,548,47.4979,19.0402,"Átmeneti",JSON_2024,"2025-07-24 14:34:07","2025-07-24 14:34:07",6
1021,"Hejőkeresztúr","község","Borsod-Abaúj-Zemplén","Tiszaújvárosi",1028.0,969,409,47.4979,19.0402,"Átmeneti",JSON_2024,"2025-07-24 14:34:07","2025-07-24 14:34:07",5
1022,"Hejőkürt","község","Borsod-Abaúj-Zemplén","Tiszaújvárosi",1490.0,266,141,47.4979,19.0402,"Átmeneti",JSON_2024,"2025-07-24 14:34:07","2025-07-24 14:34:07",5
1023,"Hejőpapi","község","Borsod-Abaúj-Zemplén","Mezőcsáti",1702.0,1026,391,47.4979,19.0402,"Átmeneti",JSON_2024,"2025-07-24 14:34:07","2025-07-24 14:34:07",6
1024,"Hejőszalonta","község","Borsod-Abaúj-Zemplén","Tiszaújvárosi",1096.0,771,237,47.4979,19.0402,"Átmeneti",JSON_2024,"2025-07-24 14:34:07","2025-07-24 14:34:07",5
1025,Helesfa,"község",Baranya,"Szentlőrinci",987.0,435,143,47.4979,19.0402,"Átmeneti",JSON_2024,"2025-07-24 14:34:07","2025-07-24 14:34:07",5
1026,"Helvécia","nagyközség","Bács-Kiskun","Kecskeméti",5647.0,4971,1882,47.4979,19.0402,"Átmeneti",JSON_2024,"2025-07-24 14:34:07","2025-07-24 14:34:07",6
1027,Hencida,"község","Hajdú-Bihar","Berettyóújfalui",3478.0,1117,411,47.4979,19.0402,"Átmeneti",JSON_2024,"2025-07-24 14:34:07","2025-07-24 14:34:07",6
1028,Hencse,"község",Somogy,"Kaposvári",711.0,283,145,47.4979,19.0402,"Átmeneti",JSON_2024,"2025-07-24 14:34:07","2025-07-24 14:34:07",5
1029,Herceghalom,"község",Pest,Budakeszi,734.0,2814,984,47.4979,19.0402,"Átmeneti",JSON_2024,"2025-07-24 14:34:07","2025-07-24 14:34:07",6
1030,"Hercegkút","község","Borsod-Abaúj-Zemplén","Sárospataki",782.0,604,256,47.4979,19.0402,"Átmeneti",JSON_2024,"2025-07-24 14:34:07","2025-07-24 14:34:07",5
1031,"Hercegszántó","község","Bács-Kiskun",Bajai,6855.0,1634,1071,47.4979,19.0402,"Átmeneti",JSON_2024,"2025-07-24 14:34:07","2025-07-24 14:34:07",6
1032,"Heréd","község",Heves,Hatvani,1396.0,1757,798,47.4979,19.0402,"Átmeneti",JSON_2024,"2025-07-24 14:34:07","2025-07-24 14:34:07",6
1033,"Héreg","község","Komárom-Esztergom","Tatabányai",2714.0,1082,457,47.4979,19.0402,"Átmeneti",JSON_2024,"2025-07-24 14:34:07","2025-07-24 14:34:07",6
1034,"Herencsény","község","Nógrád",Balassagyarmati,3318.0,542,284,47.4979,19.0402,"Átmeneti",JSON_2024,"2025-07-24 14:34:07","2025-07-24 14:34:07",5
1035,Herend,"város","Veszprém","Veszprémi",1956.0,3409,1385,47.4979,19.0402,"Átmeneti",JSON_2024,"2025-07-24 14:34:07","2025-07-24 14:34:07",6
1036,Heresznye,"község",Somogy,Barcsi,990.0,262,155,47.4979,19.0402,"Átmeneti",JSON_2024,"2025-07-24 14:34:07","2025-07-24 14:34:07",5
1037,"Hermánszeg","község","Szabolcs-Szatmár-Bereg","Fehérgyarmati",520.0,226,133,47.4979,19.0402,"Átmeneti",JSON_2024,"2025-07-24 14:34:07","2025-07-24 14:34:07",5
1038,"Hernád","nagyközség",Pest,Dabasi,2706.0,4125,1585,47.4979,19.0402,"Átmeneti",JSON_2024,"2025-07-24 14:34:07","2025-07-24 14:34:07",6
1039,"Hernádbűd","község","Borsod-Abaúj-Zemplén","Gönci",591.0,112,83,47.4979,19.0402,"Átmeneti",JSON_2024,"2025-07-24 14:34:07","2025-07-24 14:34:07",5
1040,"Hernádcéce","község","Borsod-Abaúj-Zemplén","Gönci",991.0,245,125,47.4979,19.0402,"Átmeneti",JSON_2024,"2025-07-24 14:34:07","2025-07-24 14:34:07",5
1041,"Hernádkak","község","Borsod-Abaúj-Zemplén",Miskolci,1090.0,1523,560,47.4979,19.0402,"Átmeneti",JSON_2024,"2025-07-24 14:34:07","2025-07-24 14:34:07",6
1042,"Hernádkércs","község","Borsod-Abaúj-Zemplén","Szikszói",741.0,314,140,47.4979,19.0402,"Átmeneti",JSON_2024,"2025-07-24 14:34:07","2025-07-24 14:34:07",5
1043,"Hernádnémeti","nagyközség","Borsod-Abaúj-Zemplén",Miskolci,2876.0,3487,1197,47.4979,19.0402,"Átmeneti",JSON_2024,"2025-07-24 14:34:07","2025-07-24 14:34:07",6
1044,"Hernádpetri","község","Borsod-Abaúj-Zemplén",Encsi,1708.0,181,107,47.4979,19.0402,"Átmeneti",JSON_2024,"2025-07-24 14:34:07","2025-07-24 14:34:07",5
1045,"Hernádszentandrás","község","Borsod-Abaúj-Zemplén",Encsi,704.0,480,143,47.4979,19.0402,"Átmeneti",JSON_2024,"2025-07-24 14:34:07","2025-07-24 14:34:07",5
1046,"Hernádszurdok","község","Borsod-Abaúj-Zemplén","Gönci",448.0,203,93,47.4979,19.0402,"Átmeneti",JSON_2024,"2025-07-24 14:34:07","2025-07-24 14:34:07",5
1047,"Hernádvécse","község","Borsod-Abaúj-Zemplén",Encsi,1694.0,1077,294,47.4979,19.0402,"Átmeneti",JSON_2024,"2025-07-24 14:34:07","2025-07-24 14:34:07",6
1048,"Hernyék","község",Zala,Lenti,1031.0,77,60,47.4979,19.0402,"Átmeneti",JSON_2024,"2025-07-24 14:34:07","2025-07-24 14:34:07",5
1049,"Hét","község","Borsod-Abaúj-Zemplén",Putnoki,371.0,424,206,47.4979,19.0402,"Átmeneti",JSON_2024,"2025-07-24 14:34:07","2025-07-24 14:34:07",5
1050,"Hetefejércse","község","Szabolcs-Szatmár-Bereg","Vásárosnaményi",1545.0,284,110,47.4979,19.0402,"Átmeneti",JSON_2024,"2025-07-24 14:34:07","2025-07-24 14:34:07",5
1051,Hetes,"község",Somogy,"Kaposvári",2663.0,1076,415,47.4979,19.0402,"Átmeneti",JSON_2024,"2025-07-24 14:34:07","2025-07-24 14:34:07",6
1052,Hetvehely,"község",Baranya,"Szentlőrinci",2138.0,428,170,47.4979,19.0402,"Átmeneti",JSON_2024,"2025-07-24 14:34:07","2025-07-24 14:34:07",5
1053,"Hetyefő","község","Veszprém","Sümegi",411.0,84,49,47.4979,19.0402,"Átmeneti",JSON_2024,"2025-07-24 14:34:07","2025-07-24 14:34:07",5
1054,Heves,"város",Heves,Hevesi,9931.0,9863,4082,47.4979,19.0402,"Átmeneti",JSON_2024,"2025-07-24 14:34:07","2025-07-24 14:34:07",6
1055,Hevesaranyos,"község",Heves,Egri,1702.0,578,257,47.4979,19.0402,"Átmeneti",JSON_2024,"2025-07-24 14:34:07","2025-07-24 14:34:07",5
1056,"Hevesvezekény","község",Heves,Hevesi,1978.0,602,289,47.4979,19.0402,"Átmeneti",JSON_2024,"2025-07-24 14:34:07","2025-07-24 14:34:07",5
1057,"Hévíz","város",Zala,Keszthelyi,830.0,4531,4281,47.4979,19.0402,"Átmeneti",JSON_2024,"2025-07-24 14:34:07","2025-07-24 14:34:07",6
1058,"Hévízgyörk","község",Pest,"Aszódi",2285.0,3360,1213,47.4979,19.0402,"Átmeneti",JSON_2024,"2025-07-24 14:34:07","2025-07-24 14:34:07",6
1059,Hidas,"község",Baranya,"Pécsváradi",1906.0,1827,798,47.4979,19.0402,"Átmeneti",JSON_2024,"2025-07-24 14:34:07","2025-07-24 14:34:07",6
1060,"Hidasnémeti","község","Borsod-Abaúj-Zemplén","Gönci",1607.0,1000,449,47.4979,19.0402,"Átmeneti",JSON_2024,"2025-07-24 14:34:07","2025-07-24 14:34:07",6
1061,"Hidegkút","község","Veszprém","Veszprémi",1358.0,458,190,47.4979,19.0402,"Átmeneti",JSON_2024,"2025-07-24 14:34:07","2025-07-24 14:34:07",5
1062,"Hidegség","község","Győr-Moson-Sopron",Soproni,1682.0,479,181,47.4979,19.0402,"Átmeneti",JSON_2024,"2025-07-24 14:34:07","2025-07-24 14:34:07",5
1063,"Hidvégardó","község","Borsod-Abaúj-Zemplén","Edelényi",1699.0,496,288,47.4979,19.0402,"Átmeneti",JSON_2024,"2025-07-24 14:34:07","2025-07-24 14:34:07",5
1064,"Himesháza","község",Baranya,"Mohácsi",1754.0,917,448,47.4979,19.0402,"Átmeneti",JSON_2024,"2025-07-24 14:34:07","2025-07-24 14:34:07",5
1065,Himod,"község","Győr-Moson-Sopron","Kapuvári",2270.0,609,380,47.4979,19.0402,"Átmeneti",JSON_2024,"2025-07-24 14:34:07","2025-07-24 14:34:07",5
1066,Hirics,"község",Baranya,Sellyei,1468.0,231,75,47.4979,19.0402,"Átmeneti",JSON_2024,"2025-07-24 14:34:07","2025-07-24 14:34:07",5
1067,Hobol,"község",Baranya,"Szigetvári",1827.0,882,347,47.4979,19.0402,"Átmeneti",JSON_2024,"2025-07-24 14:34:07","2025-07-24 14:34:07",5
1068,"Hodász","nagyközség","Szabolcs-Szatmár-Bereg","Mátészalkai",2649.0,3178,1100,47.4979,19.0402,"Átmeneti",JSON_2024,"2025-07-24 14:34:07","2025-07-24 14:34:07",6
1069,"Hódmezővásárhely","megyei jogú város","Csongrád-Csanád","Hódmezővásárhelyi",48798.0,41781,20611,47.4979,19.0402,"Átmeneti",JSON_2024,"2025-07-24 14:34:07","2025-07-24 14:34:07",8
1070,"Hollád","község",Somogy,Marcali,820.0,243,152,47.4979,19.0402,"Átmeneti",JSON_2024,"2025-07-24 14:34:07","2025-07-24 14:34:07",5
1071,"Hollóháza","község","Borsod-Abaúj-Zemplén","Sátoraljaújhelyi",236.0,771,423,47.4979,19.0402,"Átmeneti",JSON_2024,"2025-07-24 14:34:07","2025-07-24 14:34:07",5
1072,"Hollókő","község","Nógrád","Szécsényi",518.0,294,218,47.4979,19.0402,"Átmeneti",JSON_2024,"2025-07-24 14:34:07","2025-07-24 14:34:07",5
1073,"Homokbödöge","község","Veszprém","Pápai",1615.0,599,297,47.4979,19.0402,"Átmeneti",JSON_2024,"2025-07-24 14:34:07","2025-07-24 14:34:07",5
1074,"Homokkomárom","község",Zala,Nagykanizsai,1670.0,253,112,47.4979,19.0402,"Átmeneti",JSON_2024,"2025-07-24 14:34:07","2025-07-24 14:34:07",5
1075,"Homokmégy","község","Bács-Kiskun",Kalocsai,7032.0,1167,700,47.4979,19.0402,"Átmeneti",JSON_2024,"2025-07-24 14:34:07","2025-07-24 14:34:07",6
1076,"Homokszentgyörgy","község",Somogy,Barcsi,4964.0,952,477,47.4979,19.0402,"Átmeneti",JSON_2024,"2025-07-24 14:34:07","2025-07-24 14:34:07",5
1077,"Homorúd","község",Baranya,"Mohácsi",4473.0,526,373,47.4979,19.0402,"Átmeneti",JSON_2024,"2025-07-24 14:34:07","2025-07-24 14:34:07",5
1078,Homrogd,"község","Borsod-Abaúj-Zemplén","Szikszói",1343.0,914,315,47.4979,19.0402,"Átmeneti",JSON_2024,"2025-07-24 14:34:07","2025-07-24 14:34:07",5
1079,Hont,"község","Nógrád",Balassagyarmati,2410.0,517,307,47.4979,19.0402,"Átmeneti",JSON_2024,"2025-07-24 14:34:07","2025-07-24 14:34:07",5
1080,"Horpács","község","Nógrád","Rétsági",672.0,154,96,47.4979,19.0402,"Átmeneti",JSON_2024,"2025-07-24 14:34:07","2025-07-24 14:34:07",5
1081,Hort,"nagyközség",Heves,Hatvani,4309.0,3531,1596,47.4979,19.0402,"Átmeneti",JSON_2024,"2025-07-24 14:34:07","2025-07-24 14:34:07",6
1082,"Hortobágy","község","Hajdú-Bihar","Balmazújvárosi",28458.0,1208,608,47.4979,19.0402,"Átmeneti",JSON_2024,"2025-07-24 14:34:07","2025-07-24 14:34:07",6
1083,"Horváthertelend","község",Baranya,"Szigetvári",536.0,45,28,47.4979,19.0402,"Átmeneti",JSON_2024,"2025-07-24 14:34:07","2025-07-24 14:34:07",5
1084,"Horvátlövő","község",Vas,Szombathelyi,616.0,186,77,47.4979,19.0402,"Átmeneti",JSON_2024,"2025-07-24 14:34:07","2025-07-24 14:34:07",5
1085,"Horvátzsidány","község",Vas,"Kőszegi",1217.0,819,317,47.4979,19.0402,"Átmeneti",JSON_2024,"2025-07-24 14:34:07","2025-07-24 14:34:07",5
1086,"Hosszúhetény","község",Baranya,"Pécsi",4527.0,3328,1279,47.4979,19.0402,"Átmeneti",JSON_2024,"2025-07-24 14:34:07","2025-07-24 14:34:07",6
1087,"Hosszúpályi","nagyközség","Hajdú-Bihar",Derecskei,7918.0,5507,2029,47.4979,19.0402,"Átmeneti",JSON_2024,"2025-07-24 14:34:07","2025-07-24 14:34:07",6
1088,"Hosszúpereszteg","község",Vas,"Sárvári",3700.0,605,397,47.4979,19.0402,"Átmeneti",JSON_2024,"2025-07-24 14:34:07","2025-07-24 14:34:07",5
1089,"Hosszúvíz","község",Somogy,Marcali,710.0,49,33,47.4979,19.0402,"Átmeneti",JSON_2024,"2025-07-24 14:34:07","2025-07-24 14:34:07",5
1090,"Hosszúvölgy","község",Zala,Nagykanizsai,360.0,173,76,47.4979,19.0402,"Átmeneti",JSON_2024,"2025-07-24 14:34:07","2025-07-24 14:34:07",5
1091,"Hosztót","község","Veszprém","Sümegi",727.0,60,54,47.4979,19.0402,"Átmeneti",JSON_2024,"2025-07-24 14:34:07","2025-07-24 14:34:07",5
1092,"Hottó","község",Zala,Zalaegerszegi,670.0,338,139,47.4979,19.0402,"Átmeneti",JSON_2024,"2025-07-24 14:34:07","2025-07-24 14:34:07",5
1093,"Hőgyész","nagyközség",Tolna,"Tamási",3715.0,2643,1103,47.4979,19.0402,"Átmeneti",JSON_2024,"2025-07-24 14:34:07","2025-07-24 14:34:07",6
1094,"Hövej","község","Győr-Moson-Sopron","Kapuvári",852.0,336,198,47.4979,19.0402,"Átmeneti",JSON_2024,"2025-07-24 14:34:07","2025-07-24 14:34:07",5
1095,Hugyag,"község","Nógrád",Balassagyarmati,1090.0,896,326,47.4979,19.0402,"Átmeneti",JSON_2024,"2025-07-24 14:34:07","2025-07-24 14:34:07",5
1096,Hunya,"község","Békés","Gyomaendrődi",3257.0,552,384,47.4979,19.0402,"Átmeneti",JSON_2024,"2025-07-24 14:34:07","2025-07-24 14:34:07",5
1097,Hunyadfalva,"község","Jász-Nagykun-Szolnok",Szolnoki,535.0,166,90,47.4979,19.0402,"Átmeneti",JSON_2024,"2025-07-24 14:34:07","2025-07-24 14:34:07",5
1098,"Husztót","község",Baranya,"Pécsi",675.0,57,45,47.4979,19.0402,"Átmeneti",JSON_2024,"2025-07-24 14:34:07","2025-07-24 14:34:07",5
1099,Ibafa,"község",Baranya,"Szigetvári",2930.0,177,90,47.4979,19.0402,"Átmeneti",JSON_2024,"2025-07-24 14:34:07","2025-07-24 14:34:07",5
1100,Iborfia,"község",Zala,Zalaegerszegi,259.0,13,15,47.4979,19.0402,"Átmeneti",JSON_2024,"2025-07-24 14:34:07","2025-07-24 14:34:07",5
1101,"Ibrány","város","Szabolcs-Szatmár-Bereg","Ibrányi",6042.0,6272,2372,47.4979,19.0402,"Átmeneti",JSON_2024,"2025-07-24 14:34:07","2025-07-24 14:34:07",6
1102,Igal,"város",Somogy,"Kaposvári",3606.0,1396,715,47.4979,19.0402,"Átmeneti",JSON_2024,"2025-07-24 14:34:07","2025-07-24 14:34:07",6
1103,Igar,"község","Fejér","Sárbogárdi",4119.0,750,455,47.4979,19.0402,"Átmeneti",JSON_2024,"2025-07-24 14:34:07","2025-07-24 14:34:07",5
1104,Igrici,"község","Borsod-Abaúj-Zemplén","Mezőcsáti",1947.0,1090,437,47.4979,19.0402,"Átmeneti",JSON_2024,"2025-07-24 14:34:07","2025-07-24 14:34:07",6
1105,Iharos,"község",Somogy,"Csurgói",2268.0,427,191,47.4979,19.0402,"Átmeneti",JSON_2024,"2025-07-24 14:34:07","2025-07-24 14:34:07",5
1106,"Iharosberény","község",Somogy,"Csurgói",4966.0,1157,480,47.4979,19.0402,"Átmeneti",JSON_2024,"2025-07-24 14:34:07","2025-07-24 14:34:07",6
1107,"Ikervár","község",Vas,"Sárvári",3534.0,1614,653,47.4979,19.0402,"Átmeneti",JSON_2024,"2025-07-24 14:34:07","2025-07-24 14:34:07",6
1108,Iklad,"község",Pest,"Aszódi",1121.0,1984,689,47.4979,19.0402,"Átmeneti",JSON_2024,"2025-07-24 14:34:07","2025-07-24 14:34:07",6
1109,"Iklanberény","község",Vas,"Kőszegi",296.0,48,39,47.4979,19.0402,"Átmeneti",JSON_2024,"2025-07-24 14:34:07","2025-07-24 14:34:07",5
1110,"Iklódbördőce","község",Zala,Lenti,1230.0,268,140,47.4979,19.0402,"Átmeneti",JSON_2024,"2025-07-24 14:34:07","2025-07-24 14:34:07",5
1111,"Ikrény","község","Győr-Moson-Sopron","Győri",1558.0,1872,663,47.4979,19.0402,"Átmeneti",JSON_2024,"2025-07-24 14:34:07","2025-07-24 14:34:07",6
1112,Iliny,"község","Nógrád",Balassagyarmati,646.0,145,88,47.4979,19.0402,"Átmeneti",JSON_2024,"2025-07-24 14:34:07","2025-07-24 14:34:07",5
1113,Ilk,"község","Szabolcs-Szatmár-Bereg","Vásárosnaményi",1456.0,1124,407,47.4979,19.0402,"Átmeneti",JSON_2024,"2025-07-24 14:34:07","2025-07-24 14:34:07",6
1114,Illocska,"község",Baranya,"Siklósi",1510.0,228,83,47.4979,19.0402,"Átmeneti",JSON_2024,"2025-07-24 14:34:07","2025-07-24 14:34:07",5
1115,Imola,"község","Borsod-Abaúj-Zemplén",Putnoki,1812.0,79,66,47.4979,19.0402,"Átmeneti",JSON_2024,"2025-07-24 14:34:07","2025-07-24 14:34:07",5
1116,Imrehegy,"község","Bács-Kiskun","Kiskőrösi",7031.0,582,317,47.4979,19.0402,"Átmeneti",JSON_2024,"2025-07-24 14:34:07","2025-07-24 14:34:07",5
1117,"Ináncs","község","Borsod-Abaúj-Zemplén",Encsi,1094.0,1130,406,47.4979,19.0402,"Átmeneti",JSON_2024,"2025-07-24 14:34:07","2025-07-24 14:34:07",6
1118,"Inárcs","nagyközség",Pest,Dabasi,2253.0,4757,1782,47.4979,19.0402,"Átmeneti",JSON_2024,"2025-07-24 14:34:07","2025-07-24 14:34:07",6
1119,Inke,"község",Somogy,"Csurgói",5176.0,1076,438,47.4979,19.0402,"Átmeneti",JSON_2024,"2025-07-24 14:34:07","2025-07-24 14:34:07",6
1120,Ipacsfa,"község",Baranya,"Siklósi",601.0,189,85,47.4979,19.0402,"Átmeneti",JSON_2024,"2025-07-24 14:34:07","2025-07-24 14:34:07",5
1121,"Ipolydamásd","község",Pest,Szobi,1158.0,417,185,47.4979,19.0402,"Átmeneti",JSON_2024,"2025-07-24 14:34:07","2025-07-24 14:34:07",5
1122,"Ipolyszög","község","Nógrád",Balassagyarmati,607.0,548,220,47.4979,19.0402,"Átmeneti",JSON_2024,"2025-07-24 14:34:07","2025-07-24 14:34:07",5
1123,"Ipolytarnóc","község","Nógrád","Salgótarjáni",1366.0,418,199,47.4979,19.0402,"Átmeneti",JSON_2024,"2025-07-24 14:34:07","2025-07-24 14:34:07",5
1124,"Ipolytölgyes","község",Pest,Szobi,1367.0,380,125,47.4979,19.0402,"Átmeneti",JSON_2024,"2025-07-24 14:34:07","2025-07-24 14:34:07",5
1125,Ipolyvece,"község","Nógrád",Balassagyarmati,1383.0,748,352,47.4979,19.0402,"Átmeneti",JSON_2024,"2025-07-24 14:34:07","2025-07-24 14:34:07",5
1126,Iregszemcse,"község",Tolna,"Tamási",5833.0,2440,1056,47.4979,19.0402,"Átmeneti",JSON_2024,"2025-07-24 14:34:07","2025-07-24 14:34:07",6
1127,Irota,"község","Borsod-Abaúj-Zemplén","Edelényi",1234.0,82,61,47.4979,19.0402,"Átmeneti",JSON_2024,"2025-07-24 14:34:07","2025-07-24 14:34:07",5
1128,Isaszeg,"város",Pest,"Gödöllői",5484.0,11640,4107,47.4979,19.0402,"Átmeneti",JSON_2024,"2025-07-24 14:34:07","2025-07-24 14:34:07",7
1129,"Ispánk","község",Vas,"Körmendi",692.0,99,66,47.4979,19.0402,"Átmeneti",JSON_2024,"2025-07-24 14:34:07","2025-07-24 14:34:07",5
1130,Istenmezeje,"község",Heves,"Pétervásárai",3279.0,1262,696,47.4979,19.0402,"Átmeneti",JSON_2024,"2025-07-24 14:34:07","2025-07-24 14:34:07",6
1131,"Istvándi","község",Somogy,Barcsi,3030.0,495,168,47.4979,19.0402,"Átmeneti",JSON_2024,"2025-07-24 14:34:07","2025-07-24 14:34:07",5
1132,"Iszkaszentgyörgy","község","Fejér","Székesfehérvári",2627.0,2280,882,47.4979,19.0402,"Átmeneti",JSON_2024,"2025-07-24 14:34:07","2025-07-24 14:34:07",6
1133,"Iszkáz","község","Veszprém",Devecseri,1573.0,320,163,47.4979,19.0402,"Átmeneti",JSON_2024,"2025-07-24 14:34:07","2025-07-24 14:34:07",5
1134,"Isztimér","község","Fejér","Móri",5388.0,895,374,47.4979,19.0402,"Átmeneti",JSON_2024,"2025-07-24 14:34:07","2025-07-24 14:34:07",5
1135,"Ivád","község",Heves,"Pétervásárai",1194.0,337,183,47.4979,19.0402,"Átmeneti",JSON_2024,"2025-07-24 14:34:07","2025-07-24 14:34:07",5
1136,"Iván","község","Győr-Moson-Sopron",Soproni,5474.0,1171,457,47.4979,19.0402,"Átmeneti",JSON_2024,"2025-07-24 14:34:07","2025-07-24 14:34:07",6
1137,"Ivánbattyán","község",Baranya,"Siklósi",613.0,100,62,47.4979,19.0402,"Átmeneti",JSON_2024,"2025-07-24 14:34:07","2025-07-24 14:34:07",5
1138,"Ivánc","község",Vas,"Körmendi",1714.0,622,224,47.4979,19.0402,"Átmeneti",JSON_2024,"2025-07-24 14:34:07","2025-07-24 14:34:07",5
1139,"Iváncsa","község","Fejér","Dunaújvárosi",2517.0,2794,1057,47.4979,19.0402,"Átmeneti",JSON_2024,"2025-07-24 14:34:07","2025-07-24 14:34:07",6
1140,"Ivándárda","község",Baranya,"Mohácsi",767.0,185,100,47.4979,19.0402,"Átmeneti",JSON_2024,"2025-07-24 14:34:07","2025-07-24 14:34:07",5
1141,"Izmény","község",Tolna,"Bonyhádi",1373.0,475,198,47.4979,19.0402,"Átmeneti",JSON_2024,"2025-07-24 14:34:07","2025-07-24 14:34:07",5
1142,"Izsák","város","Bács-Kiskun","Kiskőrösi",11376.0,5488,2761,47.4979,19.0402,"Átmeneti",JSON_2024,"2025-07-24 14:34:07","2025-07-24 14:34:07",6
1143,"Izsófalva","nagyközség","Borsod-Abaúj-Zemplén",Kazincbarcikai,941.0,1669,623,47.4979,19.0402,"Átmeneti",JSON_2024,"2025-07-24 14:34:07","2025-07-24 14:34:07",6
1144,"Jágónak","község",Tolna,"Dombóvári",1540.0,227,140,47.4979,19.0402,"Átmeneti",JSON_2024,"2025-07-24 14:34:07","2025-07-24 14:34:07",5
1145,"Ják","község",Vas,Szombathelyi,4495.0,2535,978,47.4979,19.0402,"Átmeneti",JSON_2024,"2025-07-24 14:34:07","2025-07-24 14:34:07",6
1146,"Jakabszállás","község","Bács-Kiskun","Kecskeméti",7086.0,2657,1283,47.4979,19.0402,"Átmeneti",JSON_2024,"2025-07-24 14:34:07","2025-07-24 14:34:07",6
1147,"Jákfa","község",Vas,"Sárvári",2011.0,483,241,47.4979,19.0402,"Átmeneti",JSON_2024,"2025-07-24 14:34:07","2025-07-24 14:34:07",5
1148,"Jákfalva","község","Borsod-Abaúj-Zemplén",Putnoki,906.0,480,141,47.4979,19.0402,"Átmeneti",JSON_2024,"2025-07-24 14:34:07","2025-07-24 14:34:07",5
1149,"Jákó","község",Somogy,"Kaposvári",1669.0,579,240,47.4979,19.0402,"Átmeneti",JSON_2024,"2025-07-24 14:34:07","2025-07-24 14:34:07",5
1150,"Jánd","község","Szabolcs-Szatmár-Bereg","Vásárosnaményi",1654.0,716,284,47.4979,19.0402,"Átmeneti",JSON_2024,"2025-07-24 14:34:07","2025-07-24 14:34:07",5
1151,"Jánkmajtis","község","Szabolcs-Szatmár-Bereg","Fehérgyarmati",2503.0,1638,641,47.4979,19.0402,"Átmeneti",JSON_2024,"2025-07-24 14:34:07","2025-07-24 14:34:07",6
1152,"Jánoshalma","város","Bács-Kiskun","Jánoshalmai",13221.0,7997,4389,47.4979,19.0402,"Átmeneti",JSON_2024,"2025-07-24 14:34:07","2025-07-24 14:34:07",6
1153,"Jánosháza","város",Vas,"Celldömölki",2341.0,2276,1043,47.4979,19.0402,"Átmeneti",JSON_2024,"2025-07-24 14:34:07","2025-07-24 14:34:07",6
1154,"Jánoshida","község","Jász-Nagykun-Szolnok","Jászapáti",3479.0,2414,1096,47.4979,19.0402,"Átmeneti",JSON_2024,"2025-07-24 14:34:07","2025-07-24 14:34:07",6
1155,"Jánossomorja","város","Győr-Moson-Sopron","Mosonmagyaróvári",14894.0,5938,2322,47.4979,19.0402,"Átmeneti",JSON_2024,"2025-07-24 14:34:07","2025-07-24 14:34:07",6
1156,"Járdánháza","község","Borsod-Abaúj-Zemplén","Ózdi",1124.0,1651,633,47.4979,19.0402,"Átmeneti",JSON_2024,"2025-07-24 14:34:07","2025-07-24 14:34:07",6
1157,"Jármi","község","Szabolcs-Szatmár-Bereg","Mátészalkai",1237.0,1149,507,47.4979,19.0402,"Átmeneti",JSON_2024,"2025-07-24 14:34:07","2025-07-24 14:34:07",6
1158,"Jásd","község","Veszprém","Várpalotai",1028.0,648,338,47.4979,19.0402,"Átmeneti",JSON_2024,"2025-07-24 14:34:07","2025-07-24 14:34:07",5
1159,"Jászágó","község","Jász-Nagykun-Szolnok","Jászberényi",3693.0,686,382,47.4979,19.0402,"Átmeneti",JSON_2024,"2025-07-24 14:34:07","2025-07-24 14:34:07",5
1160,"Jászalsószentgyörgy","község","Jász-Nagykun-Szolnok","Jászapáti",4767.0,3122,1535,47.4979,19.0402,"Átmeneti",JSON_2024,"2025-07-24 14:34:07","2025-07-24 14:34:07",6
1161,"Jászapáti","város","Jász-Nagykun-Szolnok","Jászapáti",7816.0,8210,3624,47.4979,19.0402,"Átmeneti",JSON_2024,"2025-07-24 14:34:07","2025-07-24 14:34:07",6
1162,"Jászárokszállás","város","Jász-Nagykun-Szolnok","Jászberényi",7717.0,7491,3783,47.4979,19.0402,"Átmeneti",JSON_2024,"2025-07-24 14:34:07","2025-07-24 14:34:07",6
1163,"Jászberény","város","Jász-Nagykun-Szolnok","Jászberényi",22135.0,25844,12661,47.4979,19.0402,"Átmeneti",JSON_2024,"2025-07-24 14:34:07","2025-07-24 14:34:07",7
1164,"Jászboldogháza","község","Jász-Nagykun-Szolnok","Jászberényi",5531.0,1609,807,47.4979,19.0402,"Átmeneti",JSON_2024,"2025-07-24 14:34:07","2025-07-24 14:34:07",6
1165,"Jászdózsa","község","Jász-Nagykun-Szolnok","Jászapáti",4286.0,2036,1099,47.4979,19.0402,"Átmeneti",JSON_2024,"2025-07-24 14:34:07","2025-07-24 14:34:07",6
1166,"Jászfelsőszentgyörgy","község","Jász-Nagykun-Szolnok","Jászberényi",3928.0,1883,755,47.4979,19.0402,"Átmeneti",JSON_2024,"2025-07-24 14:34:07","2025-07-24 14:34:07",6
1167,"Jászfényszaru","város","Jász-Nagykun-Szolnok","Jászberényi",7616.0,5807,2628,47.4979,19.0402,"Átmeneti",JSON_2024,"2025-07-24 14:34:07","2025-07-24 14:34:07",6
1168,"Jászivány","község","Jász-Nagykun-Szolnok","Jászapáti",3951.0,375,219,47.4979,19.0402,"Átmeneti",JSON_2024,"2025-07-24 14:34:07","2025-07-24 14:34:07",5
1169,"Jászjákóhalma","község","Jász-Nagykun-Szolnok","Jászberényi",4504.0,2786,1313,47.4979,19.0402,"Átmeneti",JSON_2024,"2025-07-24 14:34:07","2025-07-24 14:34:07",6
1170,"Jászkarajenő","község",Pest,"Ceglédi",6515.0,2492,1381,47.4979,19.0402,"Átmeneti",JSON_2024,"2025-07-24 14:34:07","2025-07-24 14:34:07",6
1171,"Jászkisér","város","Jász-Nagykun-Szolnok","Jászapáti",13011.0,4784,2139,47.4979,19.0402,"Átmeneti",JSON_2024,"2025-07-24 14:34:07","2025-07-24 14:34:07",6
1172,"Jászladány","nagyközség","Jász-Nagykun-Szolnok","Jászapáti",9273.0,5480,2170,47.4979,19.0402,"Átmeneti",JSON_2024,"2025-07-24 14:34:07","2025-07-24 14:34:07",6
1173,"Jászszentandrás","község","Jász-Nagykun-Szolnok","Jászapáti",4433.0,2576,1517,47.4979,19.0402,"Átmeneti",JSON_2024,"2025-07-24 14:34:07","2025-07-24 14:34:07",6
1174,"Jászszentlászló","község","Bács-Kiskun",Kiskunmajsai,6034.0,2378,1235,47.4979,19.0402,"Átmeneti",JSON_2024,"2025-07-24 14:34:07","2025-07-24 14:34:07",6
1175,"Jásztelek","község","Jász-Nagykun-Szolnok","Jászberényi",4115.0,1545,661,47.4979,19.0402,"Átmeneti",JSON_2024,"2025-07-24 14:34:07","2025-07-24 14:34:07",6
1176,"Jéke","község","Szabolcs-Szatmár-Bereg","Kisvárdai",632.0,677,263,47.4979,19.0402,"Átmeneti",JSON_2024,"2025-07-24 14:34:07","2025-07-24 14:34:07",5
1177,"Jenő","község","Fejér","Székesfehérvári",556.0,1216,526,47.4979,19.0402,"Átmeneti",JSON_2024,"2025-07-24 14:34:07","2025-07-24 14:34:07",6
1178,"Jobaháza","község","Győr-Moson-Sopron",Csornai,806.0,484,189,47.4979,19.0402,"Átmeneti",JSON_2024,"2025-07-24 14:34:07","2025-07-24 14:34:07",5
1179,"Jobbágyi","község","Nógrád","Pásztói",1784.0,1876,820,47.4979,19.0402,"Átmeneti",JSON_2024,"2025-07-24 14:34:07","2025-07-24 14:34:07",6
1180,"Jósvafő","község","Borsod-Abaúj-Zemplén",Putnoki,2155.0,233,168,47.4979,19.0402,"Átmeneti",JSON_2024,"2025-07-24 14:34:07","2025-07-24 14:34:07",5
1181,Juta,"község",Somogy,"Kaposvári",1923.0,1096,454,47.4979,19.0402,"Átmeneti",JSON_2024,"2025-07-24 14:34:07","2025-07-24 14:34:07",6
1182,Kaba,"város","Hajdú-Bihar","Püspökladányi",9504.0,5191,2333,47.4979,19.0402,"Átmeneti",JSON_2024,"2025-07-24 14:34:07","2025-07-24 14:34:07",6
1183,Kacorlak,"község",Zala,Nagykanizsai,760.0,180,85,47.4979,19.0402,"Átmeneti",JSON_2024,"2025-07-24 14:34:07","2025-07-24 14:34:07",5
1184,"Kács","község","Borsod-Abaúj-Zemplén","Mezőkövesdi",1669.0,437,345,47.4979,19.0402,"Átmeneti",JSON_2024,"2025-07-24 14:34:07","2025-07-24 14:34:07",5
1185,"Kacsóta","község",Baranya,"Szentlőrinci",951.0,277,108,47.4979,19.0402,"Átmeneti",JSON_2024,"2025-07-24 14:34:07","2025-07-24 14:34:07",5
1186,"Kadarkút","város",Somogy,"Kaposvári",3974.0,2303,937,47.4979,19.0402,"Átmeneti",JSON_2024,"2025-07-24 14:34:07","2025-07-24 14:34:07",6
1187,"Kajárpéc","község","Győr-Moson-Sopron","Győri",3189.0,1312,584,47.4979,19.0402,"Átmeneti",JSON_2024,"2025-07-24 14:34:07","2025-07-24 14:34:07",6
1188,"Kajászó","község","Fejér","Martonvásári",2403.0,1207,487,47.4979,19.0402,"Átmeneti",JSON_2024,"2025-07-24 14:34:07","2025-07-24 14:34:07",6
1189,Kajdacs,"község",Tolna,Paksi,3773.0,1026,514,47.4979,19.0402,"Átmeneti",JSON_2024,"2025-07-24 14:34:07","2025-07-24 14:34:07",6
1190,Kakasd,"község",Tolna,"Bonyhádi",2078.0,1496,628,47.4979,19.0402,"Átmeneti",JSON_2024,"2025-07-24 14:34:07","2025-07-24 14:34:07",6
1191,"Kákics","község",Baranya,Sellyei,1489.0,188,87,47.4979,19.0402,"Átmeneti",JSON_2024,"2025-07-24 14:34:07","2025-07-24 14:34:07",5
1192,Kakucs,"község",Pest,Dabasi,2179.0,3185,1155,47.4979,19.0402,"Átmeneti",JSON_2024,"2025-07-24 14:34:07","2025-07-24 14:34:07",6
1193,"Kál","nagyközség",Heves,"Füzesabonyi",3481.0,3423,1345,47.4979,19.0402,"Átmeneti",JSON_2024,"2025-07-24 14:34:07","2025-07-24 14:34:07",6
1194,"Kalaznó","község",Tolna,"Tamási",1835.0,117,102,47.4979,19.0402,"Átmeneti",JSON_2024,"2025-07-24 14:34:07","2025-07-24 14:34:07",5
1195,"Káld","község",Vas,"Sárvári",4244.0,968,468,47.4979,19.0402,"Átmeneti",JSON_2024,"2025-07-24 14:34:07","2025-07-24 14:34:07",5
1196,"Kálló","község","Nógrád","Pásztói",3697.0,1665,515,47.4979,19.0402,"Átmeneti",JSON_2024,"2025-07-24 14:34:07","2025-07-24 14:34:07",6
1197,"Kallósd","község",Zala,"Zalaszentgróti",541.0,108,73,47.4979,19.0402,"Átmeneti",JSON_2024,"2025-07-24 14:34:07","2025-07-24 14:34:07",5
1198,"Kállósemjén","nagyközség","Szabolcs-Szatmár-Bereg","Nagykállói",5453.0,3424,1486,47.4979,19.0402,"Átmeneti",JSON_2024,"2025-07-24 14:34:07","2025-07-24 14:34:07",6
1199,"Kálmáncsa","község",Somogy,Barcsi,4885.0,526,234,47.4979,19.0402,"Átmeneti",JSON_2024,"2025-07-24 14:34:07","2025-07-24 14:34:07",5
1200,"Kálmánháza","község","Szabolcs-Szatmár-Bereg","Nyíregyházi",3725.0,1723,714,47.4979,19.0402,"Átmeneti",JSON_2024,"2025-07-24 14:34:07","2025-07-24 14:34:07",6
1201,"Kálócfa","község",Zala,Lenti,1021.0,126,88,47.4979,19.0402,"Átmeneti",JSON_2024,"2025-07-24 14:34:07","2025-07-24 14:34:07",5
1202,Kalocsa,"város","Bács-Kiskun",Kalocsai,5318.0,14433,7877,47.4979,19.0402,"Átmeneti",JSON_2024,"2025-07-24 14:34:07","2025-07-24 14:34:07",7
1203,"Káloz","község","Fejér","Székesfehérvári",4779.0,2233,874,47.4979,19.0402,"Átmeneti",JSON_2024,"2025-07-24 14:34:07","2025-07-24 14:34:07",6
1204,"Kám","község",Vas,"Vasvári",1530.0,408,203,47.4979,19.0402,"Átmeneti",JSON_2024,"2025-07-24 14:34:07","2025-07-24 14:34:07",5
1205,Kamond,"község","Veszprém",Devecseri,2050.0,439,172,47.4979,19.0402,"Átmeneti",JSON_2024,"2025-07-24 14:34:07","2025-07-24 14:34:07",5
1206,Kamut,"község","Békés","Békési",6048.0,927,505,47.4979,19.0402,"Átmeneti",JSON_2024,"2025-07-24 14:34:07","2025-07-24 14:34:07",5
1207,"Kánó","község","Borsod-Abaúj-Zemplén",Putnoki,1378.0,139,86,47.4979,19.0402,"Átmeneti",JSON_2024,"2025-07-24 14:34:07","2025-07-24 14:34:07",5
1208,"Kántorjánosi","község","Szabolcs-Szatmár-Bereg","Mátészalkai",4162.0,1883,819,47.4979,19.0402,"Átmeneti",JSON_2024,"2025-07-24 14:34:07","2025-07-24 14:34:07",6
1209,"Kány","község","Borsod-Abaúj-Zemplén",Encsi,921.0,58,46,47.4979,19.0402,"Átmeneti",JSON_2024,"2025-07-24 14:34:07","2025-07-24 14:34:07",5
1210,"Kánya","község",Somogy,Tabi,1452.0,413,214,47.4979,19.0402,"Átmeneti",JSON_2024,"2025-07-24 14:34:07","2025-07-24 14:34:07",5
1211,"Kányavár","község",Zala,Lenti,420.0,120,81,47.4979,19.0402,"Átmeneti",JSON_2024,"2025-07-24 14:34:07","2025-07-24 14:34:07",5
1212,Kapolcs,"község","Veszprém",Tapolcai,1396.0,451,211,47.4979,19.0402,"Átmeneti",JSON_2024,"2025-07-24 14:34:07","2025-07-24 14:34:07",5
1213,"Kápolna","község",Heves,"Füzesabonyi",2151.0,1417,554,47.4979,19.0402,"Átmeneti",JSON_2024,"2025-07-24 14:34:07","2025-07-24 14:34:07",6
1214,"Kápolnásnyék","község","Fejér","Gárdonyi",4150.0,4099,1695,47.4979,19.0402,"Átmeneti",JSON_2024,"2025-07-24 14:34:07","2025-07-24 14:34:07",6
1215,Kapoly,"község",Somogy,Tabi,2237.0,601,334,47.4979,19.0402,"Átmeneti",JSON_2024,"2025-07-24 14:34:07","2025-07-24 14:34:07",5
1216,"Kaposfő","község",Somogy,"Kaposvári",2726.0,1482,586,47.4979,19.0402,"Átmeneti",JSON_2024,"2025-07-24 14:34:07","2025-07-24 14:34:07",6
1217,Kaposgyarmat,"község",Somogy,"Kaposvári",1107.0,77,37,47.4979,19.0402,"Átmeneti",JSON_2024,"2025-07-24 14:34:07","2025-07-24 14:34:07",5
1218,Kaposhomok,"község",Somogy,"Kaposvári",1148.0,451,163,47.4979,19.0402,"Átmeneti",JSON_2024,"2025-07-24 14:34:07","2025-07-24 14:34:07",5
1219,"Kaposkeresztúr","község",Somogy,"Kaposvári",1980.0,318,124,47.4979,19.0402,"Átmeneti",JSON_2024,"2025-07-24 14:34:07","2025-07-24 14:34:07",5
1220,"Kaposmérő","község",Somogy,"Kaposvári",1398.0,2317,868,47.4979,19.0402,"Átmeneti",JSON_2024,"2025-07-24 14:34:07","2025-07-24 14:34:07",6
1221,Kapospula,"község",Tolna,"Dombóvári",1980.0,807,360,47.4979,19.0402,"Átmeneti",JSON_2024,"2025-07-24 14:34:07","2025-07-24 14:34:07",5
1222,"Kaposújlak","község",Somogy,"Kaposvári",893.0,792,275,47.4979,19.0402,"Átmeneti",JSON_2024,"2025-07-24 14:34:07","2025-07-24 14:34:07",5
1223,"Kaposvár","megyeszékhely, megyei jogú város",Somogy,"Kaposvári",11359.0,58830,30762,47.4979,19.0402,"Átmeneti",JSON_2024,"2025-07-24 14:34:07","2025-07-24 14:34:07",9
1224,"Kaposszekcső","község",Tolna,"Dombóvári",1562.0,1534,670,47.4979,19.0402,"Átmeneti",JSON_2024,"2025-07-24 14:34:07","2025-07-24 14:34:07",6
1225,Kaposszerdahely,"község",Somogy,"Kaposvári",885.0,971,371,47.4979,19.0402,"Átmeneti",JSON_2024,"2025-07-24 14:34:07","2025-07-24 14:34:07",5
1226,"Káptalanfa","község","Veszprém","Sümegi",3370.0,735,322,47.4979,19.0402,"Átmeneti",JSON_2024,"2025-07-24 14:34:07","2025-07-24 14:34:07",5
1227,"Káptalantóti","község","Veszprém",Tapolcai,1173.0,482,209,47.4979,19.0402,"Átmeneti",JSON_2024,"2025-07-24 14:34:07","2025-07-24 14:34:07",5
1228,"Kapuvár","város","Győr-Moson-Sopron","Kapuvári",9605.0,10024,4608,47.4979,19.0402,"Átmeneti",JSON_2024,"2025-07-24 14:34:07","2025-07-24 14:34:07",7
1229,"Kára","község",Somogy,Tabi,537.0,42,42,47.4979,19.0402,"Átmeneti",JSON_2024,"2025-07-24 14:34:07","2025-07-24 14:34:07",5
1230,"Karácsond","község",Heves,"Gyöngyösi",3160.0,2800,1247,47.4979,19.0402,"Átmeneti",JSON_2024,"2025-07-24 14:34:07","2025-07-24 14:34:07",6
1231,"Karád","község",Somogy,"Fonyódi",5238.0,1433,815,47.4979,19.0402,"Átmeneti",JSON_2024,"2025-07-24 14:34:07","2025-07-24 14:34:07",6
1232,"Karakó","község",Vas,"Celldömölki",1035.0,200,101,47.4979,19.0402,"Átmeneti",JSON_2024,"2025-07-24 14:34:07","2025-07-24 14:34:07",5
1233,"Karakószörcsök","község","Veszprém",Devecseri,711.0,273,134,47.4979,19.0402,"Átmeneti",JSON_2024,"2025-07-24 14:34:07","2025-07-24 14:34:07",5
1234,Karancsalja,"község","Nógrád","Salgótarjáni",1254.0,1391,624,47.4979,19.0402,"Átmeneti",JSON_2024,"2025-07-24 14:34:07","2025-07-24 14:34:07",6
1235,"Karancsberény","község","Nógrád","Salgótarjáni",2314.0,676,379,47.4979,19.0402,"Átmeneti",JSON_2024,"2025-07-24 14:34:07","2025-07-24 14:34:07",5
1236,Karancskeszi,"község","Nógrád","Salgótarjáni",3168.0,1638,798,47.4979,19.0402,"Átmeneti",JSON_2024,"2025-07-24 14:34:07","2025-07-24 14:34:07",6
1237,"Karancslapujtő","község","Nógrád","Salgótarjáni",1935.0,2419,1037,47.4979,19.0402,"Átmeneti",JSON_2024,"2025-07-24 14:34:07","2025-07-24 14:34:07",6
1238,"Karancsság","község","Nógrád","Salgótarjáni",2139.0,1185,413,47.4979,19.0402,"Átmeneti",JSON_2024,"2025-07-24 14:34:07","2025-07-24 14:34:07",6
1239,"Kárász","község",Baranya,"Komlói",802.0,315,152,47.4979,19.0402,"Átmeneti",JSON_2024,"2025-07-24 14:34:07","2025-07-24 14:34:07",5
1240,Karcag,"város","Jász-Nagykun-Szolnok",Karcagi,36863.0,18270,8102,47.4979,19.0402,"Átmeneti",JSON_2024,"2025-07-24 14:34:07","2025-07-24 14:34:07",7
1241,Karcsa,"község","Borsod-Abaúj-Zemplén","Cigándi",4370.0,1567,643,47.4979,19.0402,"Átmeneti",JSON_2024,"2025-07-24 14:34:07","2025-07-24 14:34:07",6
1242,Kardos,"község","Békés",Szarvasi,4279.0,503,338,47.4979,19.0402,"Átmeneti",JSON_2024,"2025-07-24 14:34:07","2025-07-24 14:34:07",5
1243,"Kardoskút","község","Békés","Orosházi",7658.0,736,404,47.4979,19.0402,"Átmeneti",JSON_2024,"2025-07-24 14:34:07","2025-07-24 14:34:07",5
1244,Karmacs,"község",Zala,Keszthelyi,1421.0,748,356,47.4979,19.0402,"Átmeneti",JSON_2024,"2025-07-24 14:34:07","2025-07-24 14:34:07",5
1245,"Károlyháza","község","Győr-Moson-Sopron","Mosonmagyaróvári",1124.0,419,166,47.4979,19.0402,"Átmeneti",JSON_2024,"2025-07-24 14:34:07","2025-07-24 14:34:07",5
1246,Karos,"község","Borsod-Abaúj-Zemplén","Cigándi",1532.0,517,206,47.4979,19.0402,"Átmeneti",JSON_2024,"2025-07-24 14:34:07","2025-07-24 14:34:07",5
1247,Kartal,"nagyközség",Pest,"Aszódi",2913.0,5981,2061,47.4979,19.0402,"Átmeneti",JSON_2024,"2025-07-24 14:34:07","2025-07-24 14:34:07",6
1248,"Kásád","község",Baranya,"Siklósi",1329.0,279,133,47.4979,19.0402,"Átmeneti",JSON_2024,"2025-07-24 14:34:07","2025-07-24 14:34:07",5
1249,"Kaskantyú","község","Bács-Kiskun","Kiskőrösi",5828.0,937,489,47.4979,19.0402,"Átmeneti",JSON_2024,"2025-07-24 14:34:07","2025-07-24 14:34:07",5
1250,"Kastélyosdombó","község",Somogy,Barcsi,1308.0,240,93,47.4979,19.0402,"Átmeneti",JSON_2024,"2025-07-24 14:34:07","2025-07-24 14:34:07",5
1251,Kaszaper,"község","Békés","Mezőkovácsházai",3357.0,1620,860,47.4979,19.0402,"Átmeneti",JSON_2024,"2025-07-24 14:34:07","2025-07-24 14:34:07",6
1252,"Kaszó","község",Somogy,"Nagyatádi",2248.0,83,66,47.4979,19.0402,"Átmeneti",JSON_2024,"2025-07-24 14:34:07","2025-07-24 14:34:07",5
1253,"Katádfa","község",Baranya,"Szigetvári",439.0,130,53,47.4979,19.0402,"Átmeneti",JSON_2024,"2025-07-24 14:34:07","2025-07-24 14:34:07",5
1254,Katafa,"község",Vas,"Körmendi",481.0,321,163,47.4979,19.0402,"Átmeneti",JSON_2024,"2025-07-24 14:34:07","2025-07-24 14:34:07",5
1255,"Kátoly","község",Baranya,"Pécsváradi",875.0,280,140,47.4979,19.0402,"Átmeneti",JSON_2024,"2025-07-24 14:34:07","2025-07-24 14:34:07",5
1256,"Katymár","község","Bács-Kiskun","Bácsalmási",7109.0,1502,855,47.4979,19.0402,"Átmeneti",JSON_2024,"2025-07-24 14:34:07","2025-07-24 14:34:07",6
1257,"Káva","község",Pest,Monori,1131.0,631,298,47.4979,19.0402,"Átmeneti",JSON_2024,"2025-07-24 14:34:07","2025-07-24 14:34:07",5
1258,"Kávás","község",Zala,Zalaegerszegi,664.0,241,100,47.4979,19.0402,"Átmeneti",JSON_2024,"2025-07-24 14:34:07","2025-07-24 14:34:07",5
1259,"Kazár","község","Nógrád","Salgótarjáni",3039.0,1603,759,47.4979,19.0402,"Átmeneti",JSON_2024,"2025-07-24 14:34:07","2025-07-24 14:34:07",6
1260,Kazincbarcika,"város","Borsod-Abaúj-Zemplén",Kazincbarcikai,3664.0,23990,13039,47.4979,19.0402,"Átmeneti",JSON_2024,"2025-07-24 14:34:07","2025-07-24 14:34:07",7
1261,"Kázsmárk","község","Borsod-Abaúj-Zemplén","Szikszói",1248.0,945,284,47.4979,19.0402,"Átmeneti",JSON_2024,"2025-07-24 14:34:07","2025-07-24 14:34:07",5
1262,Kazsok,"község",Somogy,"Kaposvári",1071.0,310,120,47.4979,19.0402,"Átmeneti",JSON_2024,"2025-07-24 14:34:07","2025-07-24 14:34:07",5
1263,Kecel,"város","Bács-Kiskun","Kiskőrösi",11448.0,7907,3825,47.4979,19.0402,"Átmeneti",JSON_2024,"2025-07-24 14:34:07","2025-07-24 14:34:07",6
1264,"Kecskéd","község","Komárom-Esztergom","Oroszlányi",1108.0,2075,754,47.4979,19.0402,"Átmeneti",JSON_2024,"2025-07-24 14:34:07","2025-07-24 14:34:07",6
1265,"Kecskemét","megyeszékhely, megyei jogú város","Bács-Kiskun","Kecskeméti",32257.0,109450,55287,47.4979,19.0402,"Átmeneti",JSON_2024,"2025-07-24 14:34:07","2025-07-24 14:34:07",9
1266,"Kehidakustány","község",Zala,"Zalaszentgróti",1975.0,1207,660,47.4979,19.0402,"Átmeneti",JSON_2024,"2025-07-24 14:34:07","2025-07-24 14:34:07",6
1267,"Kék","község","Szabolcs-Szatmár-Bereg",Kemecsei,2198.0,1889,643,47.4979,19.0402,"Átmeneti",JSON_2024,"2025-07-24 14:34:07","2025-07-24 14:34:07",6
1268,"Kékcse","község","Szabolcs-Szatmár-Bereg","Kisvárdai",1823.0,1422,479,47.4979,19.0402,"Átmeneti",JSON_2024,"2025-07-24 14:34:07","2025-07-24 14:34:07",6
1269,"Kéked","község","Borsod-Abaúj-Zemplén","Gönci",1301.0,257,136,47.4979,19.0402,"Átmeneti",JSON_2024,"2025-07-24 14:34:07","2025-07-24 14:34:07",5
1270,"Kékesd","község",Baranya,"Pécsváradi",811.0,161,89,47.4979,19.0402,"Átmeneti",JSON_2024,"2025-07-24 14:34:07","2025-07-24 14:34:07",5
1271,"Kékkút","község","Veszprém",Tapolcai,368.0,48,53,47.4979,19.0402,"Átmeneti",JSON_2024,"2025-07-24 14:34:07","2025-07-24 14:34:07",5
1272,Kelebia,"község","Bács-Kiskun",Kiskunhalasi,6670.0,2339,1224,47.4979,19.0402,"Átmeneti",JSON_2024,"2025-07-24 14:34:07","2025-07-24 14:34:07",6
1273,"Keléd","község",Vas,"Celldömölki",872.0,94,53,47.4979,19.0402,"Átmeneti",JSON_2024,"2025-07-24 14:34:07","2025-07-24 14:34:07",5
1274,"Kelemér","község","Borsod-Abaúj-Zemplén",Putnoki,1881.0,428,177,47.4979,19.0402,"Átmeneti",JSON_2024,"2025-07-24 14:34:07","2025-07-24 14:34:07",5
1275,"Kéleshalom","község","Bács-Kiskun","Jánoshalmai",6163.0,403,288,47.4979,19.0402,"Átmeneti",JSON_2024,"2025-07-24 14:34:07","2025-07-24 14:34:07",5
1276,"Kelevíz","község",Somogy,Marcali,491.0,325,123,47.4979,19.0402,"Átmeneti",JSON_2024,"2025-07-24 14:34:07","2025-07-24 14:34:07",5
1277,Kemecse,"város","Szabolcs-Szatmár-Bereg",Kemecsei,3894.0,4666,1596,47.4979,19.0402,"Átmeneti",JSON_2024,"2025-07-24 14:34:07","2025-07-24 14:34:07",6
1278,Kemence,"község",Pest,Szobi,4275.0,890,538,47.4979,19.0402,"Átmeneti",JSON_2024,"2025-07-24 14:34:07","2025-07-24 14:34:07",5
1279,"Kemendollár","község",Zala,Zalaegerszegi,1607.0,449,208,47.4979,19.0402,"Átmeneti",JSON_2024,"2025-07-24 14:34:07","2025-07-24 14:34:07",5
1280,"Kemeneshőgyész","község","Veszprém","Pápai",2607.0,498,244,47.4979,19.0402,"Átmeneti",JSON_2024,"2025-07-24 14:34:07","2025-07-24 14:34:07",5
1281,"Kemeneskápolna","község",Vas,"Celldömölki",497.0,103,69,47.4979,19.0402,"Átmeneti",JSON_2024,"2025-07-24 14:34:07","2025-07-24 14:34:07",5
1282,Kemenesmagasi,"község",Vas,"Celldömölki",3319.0,791,426,47.4979,19.0402,"Átmeneti",JSON_2024,"2025-07-24 14:34:07","2025-07-24 14:34:07",5
1283,"Kemenesmihályfa","község",Vas,"Celldömölki",1781.0,485,231,47.4979,19.0402,"Átmeneti",JSON_2024,"2025-07-24 14:34:07","2025-07-24 14:34:07",5
1284,"Kemenespálfa","község",Vas,"Celldömölki",1372.0,354,159,47.4979,19.0402,"Átmeneti",JSON_2024,"2025-07-24 14:34:07","2025-07-24 14:34:07",5
1285,"Kemenessömjén","község",Vas,"Celldömölki",1605.0,498,228,47.4979,19.0402,"Átmeneti",JSON_2024,"2025-07-24 14:34:07","2025-07-24 14:34:07",5
1286,"Kemenesszentmárton","község",Vas,"Celldömölki",429.0,190,97,47.4979,19.0402,"Átmeneti",JSON_2024,"2025-07-24 14:34:07","2025-07-24 14:34:07",5
1287,"Kemenesszentpéter","község","Veszprém","Pápai",2134.0,623,307,47.4979,19.0402,"Átmeneti",JSON_2024,"2025-07-24 14:34:07","2025-07-24 14:34:07",5
1288,"Keménfa","község",Zala,Zalaegerszegi,1489.0,88,45,47.4979,19.0402,"Átmeneti",JSON_2024,"2025-07-24 14:34:07","2025-07-24 14:34:07",5
1289,"Kémes","község",Baranya,"Siklósi",689.0,419,184,47.4979,19.0402,"Átmeneti",JSON_2024,"2025-07-24 14:34:07","2025-07-24 14:34:07",5
1290,"Kemestaródfa","község",Vas,"Körmendi",635.0,227,113,47.4979,19.0402,"Átmeneti",JSON_2024,"2025-07-24 14:34:07","2025-07-24 14:34:07",5
1291,Kemse,"község",Baranya,Sellyei,896.0,51,37,47.4979,19.0402,"Átmeneti",JSON_2024,"2025-07-24 14:34:07","2025-07-24 14:34:07",5
1292,Kenderes,"város","Jász-Nagykun-Szolnok",Karcagi,11124.0,4027,1893,47.4979,19.0402,"Átmeneti",JSON_2024,"2025-07-24 14:34:07","2025-07-24 14:34:07",6
1293,"Kenéz","község",Vas,"Sárvári",717.0,246,111,47.4979,19.0402,"Átmeneti",JSON_2024,"2025-07-24 14:34:07","2025-07-24 14:34:07",5
1294,"Kenézlő","község","Borsod-Abaúj-Zemplén","Sárospataki",2296.0,949,493,47.4979,19.0402,"Átmeneti",JSON_2024,"2025-07-24 14:34:07","2025-07-24 14:34:07",5
1295,Kengyel,"község","Jász-Nagykun-Szolnok","Törökszentmiklósi",7914.0,3204,1377,47.4979,19.0402,"Átmeneti",JSON_2024,"2025-07-24 14:34:07","2025-07-24 14:34:07",6
1296,Kenyeri,"község",Vas,"Celldömölki",3396.0,773,444,47.4979,19.0402,"Átmeneti",JSON_2024,"2025-07-24 14:34:07","2025-07-24 14:34:07",5
1297,Kercaszomor,"község",Vas,"Körmendi",1287.0,180,127,47.4979,19.0402,"Átmeneti",JSON_2024,"2025-07-24 14:34:07","2025-07-24 14:34:07",5
1298,Kercseliget,"község",Somogy,"Kaposvári",1947.0,343,150,47.4979,19.0402,"Átmeneti",JSON_2024,"2025-07-24 14:34:07","2025-07-24 14:34:07",5
1299,Kerecsend,"község",Heves,Egri,2458.0,2215,743,47.4979,19.0402,"Átmeneti",JSON_2024,"2025-07-24 14:34:07","2025-07-24 14:34:07",6
1300,Kerecseny,"község",Zala,Nagykanizsai,1283.0,240,138,47.4979,19.0402,"Átmeneti",JSON_2024,"2025-07-24 14:34:07","2025-07-24 14:34:07",5
1301,"Kerekegyháza","város","Bács-Kiskun","Kecskeméti",8128.0,6451,2826,47.4979,19.0402,"Átmeneti",JSON_2024,"2025-07-24 14:34:07","2025-07-24 14:34:07",6
1302,Kerekharaszt,"község",Heves,Hatvani,1436.0,932,338,47.4979,19.0402,"Átmeneti",JSON_2024,"2025-07-24 14:34:07","2025-07-24 14:34:07",5
1303,Kereki,"község",Somogy,"Siófoki",1443.0,523,236,47.4979,19.0402,"Átmeneti",JSON_2024,"2025-07-24 14:34:07","2025-07-24 14:34:07",5
1304,"Kerékteleki","község","Komárom-Esztergom","Kisbéri",2945.0,633,278,47.4979,19.0402,"Átmeneti",JSON_2024,"2025-07-24 14:34:07","2025-07-24 14:34:07",5
1305,Kerepes,"város",Pest,"Gödöllői",2425.0,11136,4140,47.4979,19.0402,"Átmeneti",JSON_2024,"2025-07-24 14:34:07","2025-07-24 14:34:07",7
1306,"Keresztéte","község","Borsod-Abaúj-Zemplén",Encsi,397.0,25,26,47.4979,19.0402,"Átmeneti",JSON_2024,"2025-07-24 14:34:07","2025-07-24 14:34:07",5
1307,"Kerkabarabás","község",Zala,Lenti,1029.0,270,134,47.4979,19.0402,"Átmeneti",JSON_2024,"2025-07-24 14:34:07","2025-07-24 14:34:07",5
1308,Kerkafalva,"község",Zala,Lenti,1850.0,122,83,47.4979,19.0402,"Átmeneti",JSON_2024,"2025-07-24 14:34:07","2025-07-24 14:34:07",5
1309,Kerkakutas,"község",Zala,Lenti,2007.0,127,96,47.4979,19.0402,"Átmeneti",JSON_2024,"2025-07-24 14:34:07","2025-07-24 14:34:07",5
1310,"Kerkáskápolna","község",Vas,"Körmendi",920.0,77,50,47.4979,19.0402,"Átmeneti",JSON_2024,"2025-07-24 14:34:07","2025-07-24 14:34:07",5
1311,"Kerkaszentkirály","község",Zala,Letenyei,810.0,186,114,47.4979,19.0402,"Átmeneti",JSON_2024,"2025-07-24 14:34:07","2025-07-24 14:34:07",5
1312,"Kerkateskánd","község",Zala,Lenti,894.0,170,90,47.4979,19.0402,"Átmeneti",JSON_2024,"2025-07-24 14:34:07","2025-07-24 14:34:07",5
1313,"Kérsemjén","község","Szabolcs-Szatmár-Bereg","Fehérgyarmati",708.0,289,120,47.4979,19.0402,"Átmeneti",JSON_2024,"2025-07-24 14:34:07","2025-07-24 14:34:07",5
1314,Kerta,"község","Veszprém",Devecseri,1546.0,503,249,47.4979,19.0402,"Átmeneti",JSON_2024,"2025-07-24 14:34:07","2025-07-24 14:34:07",5
1315,"Kertészsziget","község","Békés",Szeghalmi,3911.0,302,185,47.4979,19.0402,"Átmeneti",JSON_2024,"2025-07-24 14:34:07","2025-07-24 14:34:07",5
1316,Keszeg,"község","Nógrád","Rétsági",995.0,722,310,47.4979,19.0402,"Átmeneti",JSON_2024,"2025-07-24 14:34:07","2025-07-24 14:34:07",5
1317,"Kesznyéten","község","Borsod-Abaúj-Zemplén","Tiszaújvárosi",3641.0,1844,631,47.4979,19.0402,"Átmeneti",JSON_2024,"2025-07-24 14:34:07","2025-07-24 14:34:07",6
1318,"Keszőhidegkút","község",Tolna,"Tamási",1032.0,175,116,47.4979,19.0402,"Átmeneti",JSON_2024,"2025-07-24 14:34:07","2025-07-24 14:34:07",5
1319,Keszthely,"város",Zala,Keszthelyi,7598.0,17849,10500,47.4979,19.0402,"Átmeneti",JSON_2024,"2025-07-24 14:34:07","2025-07-24 14:34:07",7
1320,"Kesztölc","község","Komárom-Esztergom",Esztergomi,2200.0,2647,1070,47.4979,19.0402,"Átmeneti",JSON_2024,"2025-07-24 14:34:07","2025-07-24 14:34:07",6
1321,"Keszü","község",Baranya,"Pécsi",731.0,1371,491,47.4979,19.0402,"Átmeneti",JSON_2024,"2025-07-24 14:34:07","2025-07-24 14:34:07",6
1322,"Kétbodony","község","Nógrád","Rétsági",1305.0,443,238,47.4979,19.0402,"Átmeneti",JSON_2024,"2025-07-24 14:34:07","2025-07-24 14:34:07",5
1323,"Kétegyháza","nagyközség","Békés",Gyulai,5049.0,3274,1673,47.4979,19.0402,"Átmeneti",JSON_2024,"2025-07-24 14:34:07","2025-07-24 14:34:07",6
1324,"Kéthely","község",Somogy,Marcali,4906.0,2151,886,47.4979,19.0402,"Átmeneti",JSON_2024,"2025-07-24 14:34:07","2025-07-24 14:34:07",6
1325,"Kétpó","község","Jász-Nagykun-Szolnok","Mezőtúri",6676.0,567,290,47.4979,19.0402,"Átmeneti",JSON_2024,"2025-07-24 14:34:07","2025-07-24 14:34:07",5
1326,"Kétsoprony","község","Békés","Békéscsabai",5124.0,1241,572,47.4979,19.0402,"Átmeneti",JSON_2024,"2025-07-24 14:34:07","2025-07-24 14:34:07",6
1327,"Kétújfalu","község",Baranya,"Szigetvári",1630.0,632,256,47.4979,19.0402,"Átmeneti",JSON_2024,"2025-07-24 14:34:07","2025-07-24 14:34:07",5
1328,"Kétvölgy","község",Vas,"Szentgotthárdi",628.0,99,68,47.4979,19.0402,"Átmeneti",JSON_2024,"2025-07-24 14:34:07","2025-07-24 14:34:07",5
1329,"Kéty","község",Tolna,"Bonyhádi",1651.0,639,265,47.4979,19.0402,"Átmeneti",JSON_2024,"2025-07-24 14:34:07","2025-07-24 14:34:07",5
1330,Kevermes,"nagyközség","Békés","Mezőkovácsházai",4334.0,1611,969,47.4979,19.0402,"Átmeneti",JSON_2024,"2025-07-24 14:34:07","2025-07-24 14:34:07",6
1331,"Kilimán","község",Zala,Nagykanizsai,572.0,214,97,47.4979,19.0402,"Átmeneti",JSON_2024,"2025-07-24 14:34:07","2025-07-24 14:34:07",5
1332,Kimle,"község","Győr-Moson-Sopron","Mosonmagyaróvári",3726.0,2364,912,47.4979,19.0402,"Átmeneti",JSON_2024,"2025-07-24 14:34:07","2025-07-24 14:34:07",6
1333,"Kincsesbánya","község","Fejér","Móri",1087.0,1446,645,47.4979,19.0402,"Átmeneti",JSON_2024,"2025-07-24 14:34:07","2025-07-24 14:34:07",6
1334,"Királd","község","Borsod-Abaúj-Zemplén",Putnoki,788.0,634,412,47.4979,19.0402,"Átmeneti",JSON_2024,"2025-07-24 14:34:07","2025-07-24 14:34:07",5
1335,"Királyegyháza","község",Baranya,"Szentlőrinci",2288.0,827,306,47.4979,19.0402,"Átmeneti",JSON_2024,"2025-07-24 14:34:07","2025-07-24 14:34:07",5
1336,"Királyhegyes","község","Csongrád-Csanád","Makói",2980.0,585,329,47.4979,19.0402,"Átmeneti",JSON_2024,"2025-07-24 14:34:07","2025-07-24 14:34:07",5
1337,"Királyszentistván","község","Veszprém","Balatonalmádi",891.0,466,168,47.4979,19.0402,"Átmeneti",JSON_2024,"2025-07-24 14:34:07","2025-07-24 14:34:07",5
1338,"Kisapáti","község","Veszprém",Tapolcai,689.0,366,179,47.4979,19.0402,"Átmeneti",JSON_2024,"2025-07-24 14:34:07","2025-07-24 14:34:07",5
1339,Kisapostag,"község","Fejér","Dunaújvárosi",942.0,1426,619,47.4979,19.0402,"Átmeneti",JSON_2024,"2025-07-24 14:34:07","2025-07-24 14:34:07",6
1340,Kisar,"község","Szabolcs-Szatmár-Bereg","Fehérgyarmati",1543.0,936,369,47.4979,19.0402,"Átmeneti",JSON_2024,"2025-07-24 14:34:07","2025-07-24 14:34:07",5
1341,Kisasszond,"község",Somogy,"Kaposvári",784.0,150,76,47.4979,19.0402,"Átmeneti",JSON_2024,"2025-07-24 14:34:07","2025-07-24 14:34:07",5
1342,Kisasszonyfa,"község",Baranya,Sellyei,887.0,182,69,47.4979,19.0402,"Átmeneti",JSON_2024,"2025-07-24 14:34:07","2025-07-24 14:34:07",5
1343,Kisbabot,"község","Győr-Moson-Sopron","Téti",610.0,237,110,47.4979,19.0402,"Átmeneti",JSON_2024,"2025-07-24 14:34:07","2025-07-24 14:34:07",5
1344,"Kisbágyon","község","Nógrád","Pásztói",1024.0,402,195,47.4979,19.0402,"Átmeneti",JSON_2024,"2025-07-24 14:34:07","2025-07-24 14:34:07",5
1345,Kisbajcs,"község","Győr-Moson-Sopron","Győri",874.0,942,331,47.4979,19.0402,"Átmeneti",JSON_2024,"2025-07-24 14:34:07","2025-07-24 14:34:07",5
1346,Kisbajom,"község",Somogy,"Nagyatádi",1367.0,319,171,47.4979,19.0402,"Átmeneti",JSON_2024,"2025-07-24 14:34:07","2025-07-24 14:34:07",5
1347,"Kisbárapáti","község",Somogy,Tabi,2871.0,325,219,47.4979,19.0402,"Átmeneti",JSON_2024,"2025-07-24 14:34:07","2025-07-24 14:34:07",5
1348,"Kisbárkány","község","Nógrád","Salgótarjáni",803.0,132,101,47.4979,19.0402,"Átmeneti",JSON_2024,"2025-07-24 14:34:07","2025-07-24 14:34:07",5
1349,"Kisbér","város","Komárom-Esztergom","Kisbéri",5216.0,5514,2270,47.4979,19.0402,"Átmeneti",JSON_2024,"2025-07-24 14:34:07","2025-07-24 14:34:07",6
1350,"Kisberény","község",Somogy,"Fonyódi",746.0,185,75,47.4979,19.0402,"Átmeneti",JSON_2024,"2025-07-24 14:34:07","2025-07-24 14:34:07",5
1351,Kisberzseny,"község","Veszprém",Devecseri,529.0,91,57,47.4979,19.0402,"Átmeneti",JSON_2024,"2025-07-24 14:34:07","2025-07-24 14:34:07",5
1352,Kisbeszterce,"község",Baranya,"Hegyháti",747.0,79,39,47.4979,19.0402,"Átmeneti",JSON_2024,"2025-07-24 14:34:07","2025-07-24 14:34:07",5
1353,Kisbodak,"község","Győr-Moson-Sopron","Mosonmagyaróvári",910.0,357,170,47.4979,19.0402,"Átmeneti",JSON_2024,"2025-07-24 14:34:07","2025-07-24 14:34:07",5
1354,Kisbucsa,"község",Zala,Zalaegerszegi,879.0,411,185,47.4979,19.0402,"Átmeneti",JSON_2024,"2025-07-24 14:34:07","2025-07-24 14:34:07",5
1355,"Kisbudmér","község",Baranya,"Bólyi",572.0,89,39,47.4979,19.0402,"Átmeneti",JSON_2024,"2025-07-24 14:34:07","2025-07-24 14:34:07",5
1356,"Kiscsécs","község","Borsod-Abaúj-Zemplén","Tiszaújvárosi",413.0,191,50,47.4979,19.0402,"Átmeneti",JSON_2024,"2025-07-24 14:34:07","2025-07-24 14:34:07",5
1357,Kiscsehi,"község",Zala,Letenyei,1143.0,161,93,47.4979,19.0402,"Átmeneti",JSON_2024,"2025-07-24 14:34:07","2025-07-24 14:34:07",5
1358,"Kiscsősz","község","Veszprém",Devecseri,904.0,110,65,47.4979,19.0402,"Átmeneti",JSON_2024,"2025-07-24 14:34:07","2025-07-24 14:34:07",5
1359,"Kisdér","község",Baranya,"Siklósi",437.0,114,52,47.4979,19.0402,"Átmeneti",JSON_2024,"2025-07-24 14:34:07","2025-07-24 14:34:07",5
1360,Kisdobsza,"község",Baranya,"Szigetvári",995.0,240,102,47.4979,19.0402,"Átmeneti",JSON_2024,"2025-07-24 14:34:07","2025-07-24 14:34:07",5
1361,"Kisdombegyház","község","Békés","Mezőkovácsházai",1261.0,347,257,47.4979,19.0402,"Átmeneti",JSON_2024,"2025-07-24 14:34:07","2025-07-24 14:34:07",5
1362,Kisdorog,"község",Tolna,"Bonyhádi",2000.0,643,283,47.4979,19.0402,"Átmeneti",JSON_2024,"2025-07-24 14:34:07","2025-07-24 14:34:07",5
1363,Kisecset,"község","Nógrád","Rétsági",862.0,207,152,47.4979,19.0402,"Átmeneti",JSON_2024,"2025-07-24 14:34:07","2025-07-24 14:34:07",5
1364,Kisfalud,"község","Győr-Moson-Sopron","Kapuvári",1510.0,687,309,47.4979,19.0402,"Átmeneti",JSON_2024,"2025-07-24 14:34:07","2025-07-24 14:34:07",5
1365,"Kisfüzes","község",Heves,"Pétervásárai",481.0,116,81,47.4979,19.0402,"Átmeneti",JSON_2024,"2025-07-24 14:34:07","2025-07-24 14:34:07",5
1366,"Kisgörbő","község",Zala,"Zalaszentgróti",659.0,171,97,47.4979,19.0402,"Átmeneti",JSON_2024,"2025-07-24 14:34:07","2025-07-24 14:34:07",5
1367,"Kisgyalán","község",Somogy,"Kaposvári",941.0,202,98,47.4979,19.0402,"Átmeneti",JSON_2024,"2025-07-24 14:34:07","2025-07-24 14:34:07",5
1368,"Kisgyőr","község","Borsod-Abaúj-Zemplén",Miskolci,7113.0,1571,643,47.4979,19.0402,"Átmeneti",JSON_2024,"2025-07-24 14:34:07","2025-07-24 14:34:07",6
1369,"Kishajmás","község",Baranya,"Hegyháti",1176.0,174,87,47.4979,19.0402,"Átmeneti",JSON_2024,"2025-07-24 14:34:07","2025-07-24 14:34:07",5
1370,"Kisharsány","község",Baranya,"Siklósi",1293.0,468,195,47.4979,19.0402,"Átmeneti",JSON_2024,"2025-07-24 14:34:07","2025-07-24 14:34:07",5
1371,"Kishartyán","község","Nógrád","Salgótarjáni",895.0,513,252,47.4979,19.0402,"Átmeneti",JSON_2024,"2025-07-24 14:34:07","2025-07-24 14:34:07",5
1372,Kisherend,"község",Baranya,"Pécsi",692.0,179,77,47.4979,19.0402,"Átmeneti",JSON_2024,"2025-07-24 14:34:07","2025-07-24 14:34:07",5
1373,"Kishódos","község","Szabolcs-Szatmár-Bereg","Fehérgyarmati",892.0,52,33,47.4979,19.0402,"Átmeneti",JSON_2024,"2025-07-24 14:34:07","2025-07-24 14:34:07",5
1374,Kishuta,"község","Borsod-Abaúj-Zemplén","Sátoraljaújhelyi",518.0,259,150,47.4979,19.0402,"Átmeneti",JSON_2024,"2025-07-24 14:34:07","2025-07-24 14:34:07",5
1375,"Kisigmánd","község","Komárom-Esztergom","Komáromi",1314.0,459,201,47.4979,19.0402,"Átmeneti",JSON_2024,"2025-07-24 14:34:07","2025-07-24 14:34:07",5
1376,Kisjakabfalva,"község",Baranya,"Siklósi",662.0,92,70,47.4979,19.0402,"Átmeneti",JSON_2024,"2025-07-24 14:34:07","2025-07-24 14:34:07",5
1377,Kiskassa,"község",Baranya,"Siklósi",1333.0,229,105,47.4979,19.0402,"Átmeneti",JSON_2024,"2025-07-24 14:34:07","2025-07-24 14:34:07",5
1378,Kiskinizs,"község","Borsod-Abaúj-Zemplén","Szikszói",717.0,346,123,47.4979,19.0402,"Átmeneti",JSON_2024,"2025-07-24 14:34:07","2025-07-24 14:34:07",5
1379,"Kiskorpád","község",Somogy,"Kaposvári",1695.0,838,338,47.4979,19.0402,"Átmeneti",JSON_2024,"2025-07-24 14:34:07","2025-07-24 14:34:07",5
1380,"Kisköre","város",Heves,Hevesi,6842.0,2593,1256,47.4979,19.0402,"Átmeneti",JSON_2024,"2025-07-24 14:34:07","2025-07-24 14:34:07",6
1381,"Kiskőrös","város","Bács-Kiskun","Kiskőrösi",10223.0,13173,6876,47.4979,19.0402,"Átmeneti",JSON_2024,"2025-07-24 14:34:07","2025-07-24 14:34:07",7
1382,"Kiskunfélegyháza","város","Bács-Kiskun","Kiskunfélegyházi",25630.0,28562,14646,47.4979,19.0402,"Átmeneti",JSON_2024,"2025-07-24 14:34:07","2025-07-24 14:34:07",7
1383,Kiskunhalas,"város","Bács-Kiskun",Kiskunhalasi,22758.0,26009,12620,47.4979,19.0402,"Átmeneti",JSON_2024,"2025-07-24 14:34:07","2025-07-24 14:34:07",7
1384,"Kiskunlacháza","város",Pest,"Ráckevei",9405.0,9272,3750,47.4979,19.0402,"Átmeneti",JSON_2024,"2025-07-24 14:34:07","2025-07-24 14:34:07",6
1385,Kiskunmajsa,"város","Bács-Kiskun",Kiskunmajsai,22227.0,11127,5473,47.4979,19.0402,"Átmeneti",JSON_2024,"2025-07-24 14:34:07","2025-07-24 14:34:07",7
1386,Kiskutas,"község",Zala,Zalaegerszegi,469.0,190,87,47.4979,19.0402,"Átmeneti",JSON_2024,"2025-07-24 14:34:07","2025-07-24 14:34:07",5
1387,"Kisláng","község","Fejér",Enyingi,5306.0,2409,1007,47.4979,19.0402,"Átmeneti",JSON_2024,"2025-07-24 14:34:07","2025-07-24 14:34:07",6
1388,"Kisléta","község","Szabolcs-Szatmár-Bereg","Nyírbátori",2201.0,1587,562,47.4979,19.0402,"Átmeneti",JSON_2024,"2025-07-24 14:34:07","2025-07-24 14:34:07",6
1389,"Kislippó","község",Baranya,"Siklósi",837.0,260,116,47.4979,19.0402,"Átmeneti",JSON_2024,"2025-07-24 14:34:07","2025-07-24 14:34:07",5
1390,"Kislőd","község","Veszprém",Ajkai,3818.0,1156,440,47.4979,19.0402,"Átmeneti",JSON_2024,"2025-07-24 14:34:07","2025-07-24 14:34:07",6
1391,"Kismányok","község",Tolna,"Bonyhádi",543.0,309,131,47.4979,19.0402,"Átmeneti",JSON_2024,"2025-07-24 14:34:07","2025-07-24 14:34:07",5
1392,Kismarja,"község","Hajdú-Bihar",Derecskei,4717.0,1099,483,47.4979,19.0402,"Átmeneti",JSON_2024,"2025-07-24 14:34:07","2025-07-24 14:34:07",6
1393,Kismaros,"község",Pest,Szobi,1196.0,2619,1024,47.4979,19.0402,"Átmeneti",JSON_2024,"2025-07-24 14:34:07","2025-07-24 14:34:07",6
1394,"Kisnamény","község","Szabolcs-Szatmár-Bereg","Fehérgyarmati",1801.0,270,136,47.4979,19.0402,"Átmeneti",JSON_2024,"2025-07-24 14:34:07","2025-07-24 14:34:07",5
1395,"Kisnána","község",Heves,"Gyöngyösi",2260.0,953,519,47.4979,19.0402,"Átmeneti",JSON_2024,"2025-07-24 14:34:07","2025-07-24 14:34:07",5
1396,"Kisnémedi","község",Pest,"Váci",1386.0,679,294,47.4979,19.0402,"Átmeneti",JSON_2024,"2025-07-24 14:34:07","2025-07-24 14:34:07",5
1397,"Kisnyárád","község",Baranya,"Mohácsi",903.0,144,99,47.4979,19.0402,"Átmeneti",JSON_2024,"2025-07-24 14:34:07","2025-07-24 14:34:07",5
1398,Kisoroszi,"község",Pest,Szentendrei,1094.0,902,488,47.4979,19.0402,"Átmeneti",JSON_2024,"2025-07-24 14:34:07","2025-07-24 14:34:07",5
1399,"Kispalád","község","Szabolcs-Szatmár-Bereg","Fehérgyarmati",1674.0,597,183,47.4979,19.0402,"Átmeneti",JSON_2024,"2025-07-24 14:34:07","2025-07-24 14:34:07",5
1400,"Kispáli","község",Zala,Zalaegerszegi,451.0,272,118,47.4979,19.0402,"Átmeneti",JSON_2024,"2025-07-24 14:34:07","2025-07-24 14:34:07",5
1401,Kispirit,"község","Veszprém",Devecseri,496.0,60,59,47.4979,19.0402,"Átmeneti",JSON_2024,"2025-07-24 14:34:07","2025-07-24 14:34:07",5
1402,"Kisrákos","község",Vas,"Körmendi",1106.0,161,101,47.4979,19.0402,"Átmeneti",JSON_2024,"2025-07-24 14:34:07","2025-07-24 14:34:07",5
1403,"Kisrécse","község",Zala,Nagykanizsai,342.0,167,89,47.4979,19.0402,"Átmeneti",JSON_2024,"2025-07-24 14:34:07","2025-07-24 14:34:07",5
1404,"Kisrozvágy","község","Borsod-Abaúj-Zemplén","Cigándi",834.0,185,77,47.4979,19.0402,"Átmeneti",JSON_2024,"2025-07-24 14:34:07","2025-07-24 14:34:07",5
1405,"Kissikátor","község","Borsod-Abaúj-Zemplén","Ózdi",1038.0,276,130,47.4979,19.0402,"Átmeneti",JSON_2024,"2025-07-24 14:34:07","2025-07-24 14:34:07",5
1406,"Kissomlyó","község",Vas,"Celldömölki",858.0,220,142,47.4979,19.0402,"Átmeneti",JSON_2024,"2025-07-24 14:34:07","2025-07-24 14:34:07",5
1407,"Kistamási","község",Baranya,"Szigetvári",438.0,112,44,47.4979,19.0402,"Átmeneti",JSON_2024,"2025-07-24 14:34:07","2025-07-24 14:34:07",5
1408,Kistapolca,"község",Baranya,"Siklósi",357.0,204,74,47.4979,19.0402,"Átmeneti",JSON_2024,"2025-07-24 14:34:07","2025-07-24 14:34:07",5
1409,Kistarcsa,"város",Pest,"Gödöllői",1102.0,13569,5090,47.4979,19.0402,"Átmeneti",JSON_2024,"2025-07-24 14:34:07","2025-07-24 14:34:07",7
1410,Kistelek,"város","Csongrád-Csanád",Kisteleki,6919.0,7072,3391,47.4979,19.0402,"Átmeneti",JSON_2024,"2025-07-24 14:34:07","2025-07-24 14:34:07",6
1411,Kistokaj,"község","Borsod-Abaúj-Zemplén",Miskolci,976.0,2434,859,47.4979,19.0402,"Átmeneti",JSON_2024,"2025-07-24 14:34:07","2025-07-24 14:34:07",6
1412,"Kistolmács","község",Zala,Letenyei,1220.0,157,82,47.4979,19.0402,"Átmeneti",JSON_2024,"2025-07-24 14:34:07","2025-07-24 14:34:07",5
1413,"Kistormás","község",Tolna,"Szekszárdi",1135.0,273,126,47.4979,19.0402,"Átmeneti",JSON_2024,"2025-07-24 14:34:07","2025-07-24 14:34:07",5
1414,"Kistótfalu","község",Baranya,"Siklósi",1050.0,283,130,47.4979,19.0402,"Átmeneti",JSON_2024,"2025-07-24 14:34:07","2025-07-24 14:34:07",5
1415,"Kisújszállás","város","Jász-Nagykun-Szolnok",Karcagi,20527.0,9869,4665,47.4979,19.0402,"Átmeneti",JSON_2024,"2025-07-24 14:34:07","2025-07-24 14:34:07",6
1416,Kisunyom,"község",Vas,Szombathelyi,1000.0,446,179,47.4979,19.0402,"Átmeneti",JSON_2024,"2025-07-24 14:34:07","2025-07-24 14:34:07",5
1417,"Kisvárda","város","Szabolcs-Szatmár-Bereg","Kisvárdai",3590.0,14888,6968,47.4979,19.0402,"Átmeneti",JSON_2024,"2025-07-24 14:34:07","2025-07-24 14:34:07",7
1418,"Kisvarsány","község","Szabolcs-Szatmár-Bereg","Vásárosnaményi",1283.0,968,389,47.4979,19.0402,"Átmeneti",JSON_2024,"2025-07-24 14:34:07","2025-07-24 14:34:07",5
1419,"Kisvásárhely","község",Zala,"Zalaszentgróti",435.0,43,37,47.4979,19.0402,"Átmeneti",JSON_2024,"2025-07-24 14:34:07","2025-07-24 14:34:07",5
1420,Kisvaszar,"község",Baranya,"Hegyháti",2035.0,293,112,47.4979,19.0402,"Átmeneti",JSON_2024,"2025-07-24 14:34:07","2025-07-24 14:34:07",5
1421,Kisvejke,"község",Tolna,"Bonyhádi",1133.0,355,140,47.4979,19.0402,"Átmeneti",JSON_2024,"2025-07-24 14:34:07","2025-07-24 14:34:07",5
1422,Kiszombor,"nagyközség","Csongrád-Csanád","Makói",6581.0,3621,1621,47.4979,19.0402,"Átmeneti",JSON_2024,"2025-07-24 14:34:07","2025-07-24 14:34:07",6
1423,"Kiszsidány","község",Vas,"Kőszegi",493.0,89,43,47.4979,19.0402,"Átmeneti",JSON_2024,"2025-07-24 14:34:07","2025-07-24 14:34:07",5
1424,"Kisszállás","község","Bács-Kiskun",Kiskunhalasi,9205.0,2149,1144,47.4979,19.0402,"Átmeneti",JSON_2024,"2025-07-24 14:34:07","2025-07-24 14:34:07",6
1425,"Kisszékely","község",Tolna,"Tamási",2830.0,293,184,47.4979,19.0402,"Átmeneti",JSON_2024,"2025-07-24 14:34:07","2025-07-24 14:34:07",5
1426,Kisszekeres,"község","Szabolcs-Szatmár-Bereg","Fehérgyarmati",1467.0,504,214,47.4979,19.0402,"Átmeneti",JSON_2024,"2025-07-24 14:34:07","2025-07-24 14:34:07",5
1427,"Kisszentmárton","község",Baranya,Sellyei,1486.0,214,109,47.4979,19.0402,"Átmeneti",JSON_2024,"2025-07-24 14:34:07","2025-07-24 14:34:07",5
1428,Kissziget,"község",Zala,Lenti,706.0,157,88,47.4979,19.0402,"Átmeneti",JSON_2024,"2025-07-24 14:34:07","2025-07-24 14:34:07",5
1429,"Kisszőlős","község","Veszprém",Devecseri,649.0,125,61,47.4979,19.0402,"Átmeneti",JSON_2024,"2025-07-24 14:34:07","2025-07-24 14:34:07",5
1430,"Klárafalva","község","Csongrád-Csanád",Szegedi,910.0,435,203,47.4979,19.0402,"Átmeneti",JSON_2024,"2025-07-24 14:34:07","2025-07-24 14:34:07",5
1431,Kocs,"község","Komárom-Esztergom",Tatai,5831.0,2687,1019,47.4979,19.0402,"Átmeneti",JSON_2024,"2025-07-24 14:34:07","2025-07-24 14:34:07",6
1432,"Kocsér","község",Pest,"Nagykőrösi",6728.0,1828,960,47.4979,19.0402,"Átmeneti",JSON_2024,"2025-07-24 14:34:07","2025-07-24 14:34:07",6
1433,Kocsola,"község",Tolna,"Dombóvári",3334.0,1147,476,47.4979,19.0402,"Átmeneti",JSON_2024,"2025-07-24 14:34:07","2025-07-24 14:34:07",6
1434,Kocsord,"község","Szabolcs-Szatmár-Bereg","Mátészalkai",2547.0,2688,1018,47.4979,19.0402,"Átmeneti",JSON_2024,"2025-07-24 14:34:07","2025-07-24 14:34:07",6
1435,"Kóka","község",Pest,"Nagykátai",4436.0,4407,1847,47.4979,19.0402,"Átmeneti",JSON_2024,"2025-07-24 14:34:07","2025-07-24 14:34:07",6
1436,Kokad,"község","Hajdú-Bihar",Derecskei,1610.0,521,243,47.4979,19.0402,"Átmeneti",JSON_2024,"2025-07-24 14:34:07","2025-07-24 14:34:07",5
1437,"Kolontár","község","Veszprém",Devecseri,2172.0,683,268,47.4979,19.0402,"Átmeneti",JSON_2024,"2025-07-24 14:34:07","2025-07-24 14:34:07",5
1438,"Komádi","város","Hajdú-Bihar","Berettyóújfalui",14465.0,4868,2441,47.4979,19.0402,"Átmeneti",JSON_2024,"2025-07-24 14:34:07","2025-07-24 14:34:07",6
1439,"Komárom","város","Komárom-Esztergom","Komáromi",6991.0,20391,8991,47.4979,19.0402,"Átmeneti",JSON_2024,"2025-07-24 14:34:07","2025-07-24 14:34:07",7
1440,"Komjáti","község","Borsod-Abaúj-Zemplén","Edelényi",1108.0,187,135,47.4979,19.0402,"Átmeneti",JSON_2024,"2025-07-24 14:34:07","2025-07-24 14:34:07",5
1441,"Komló","város",Baranya,"Komlói",4655.0,21695,11479,47.4979,19.0402,"Átmeneti",JSON_2024,"2025-07-24 14:34:07","2025-07-24 14:34:07",7
1442,"Komlódtótfalu","község","Szabolcs-Szatmár-Bereg",Csengeri,697.0,88,67,47.4979,19.0402,"Átmeneti",JSON_2024,"2025-07-24 14:34:07","2025-07-24 14:34:07",5
1443,"Komlósd","község",Somogy,Barcsi,746.0,167,93,47.4979,19.0402,"Átmeneti",JSON_2024,"2025-07-24 14:34:07","2025-07-24 14:34:07",5
1444,"Komlóska","község","Borsod-Abaúj-Zemplén","Sárospataki",2987.0,220,168,47.4979,19.0402,"Átmeneti",JSON_2024,"2025-07-24 14:34:07","2025-07-24 14:34:07",5
1445,"Komoró","község","Szabolcs-Szatmár-Bereg","Záhonyi",1169.0,1123,458,47.4979,19.0402,"Átmeneti",JSON_2024,"2025-07-24 14:34:07","2025-07-24 14:34:07",6
1446,Kompolt,"község",Heves,"Füzesabonyi",2273.0,1853,741,47.4979,19.0402,"Átmeneti",JSON_2024,"2025-07-24 14:34:07","2025-07-24 14:34:07",6
1447,"Kondó","község","Borsod-Abaúj-Zemplén",Miskolci,1963.0,485,213,47.4979,19.0402,"Átmeneti",JSON_2024,"2025-07-24 14:34:07","2025-07-24 14:34:07",5
1448,Kondorfa,"község",Vas,"Szentgotthárdi",2161.0,483,295,47.4979,19.0402,"Átmeneti",JSON_2024,"2025-07-24 14:34:07","2025-07-24 14:34:07",5
1449,Kondoros,"város","Békés",Szarvasi,8184.0,4521,2424,47.4979,19.0402,"Átmeneti",JSON_2024,"2025-07-24 14:34:07","2025-07-24 14:34:07",6
1450,"Kóny","község","Győr-Moson-Sopron",Csornai,2887.0,2697,1089,47.4979,19.0402,"Átmeneti",JSON_2024,"2025-07-24 14:34:07","2025-07-24 14:34:07",6
1451,"Konyár","község","Hajdú-Bihar",Derecskei,4170.0,2026,829,47.4979,19.0402,"Átmeneti",JSON_2024,"2025-07-24 14:34:07","2025-07-24 14:34:07",6
1452,"Kópháza","község","Győr-Moson-Sopron",Soproni,873.0,2023,757,47.4979,19.0402,"Átmeneti",JSON_2024,"2025-07-24 14:34:07","2025-07-24 14:34:07",6
1453,"Koppányszántó","község",Tolna,"Tamási",2255.0,300,204,47.4979,19.0402,"Átmeneti",JSON_2024,"2025-07-24 14:34:07","2025-07-24 14:34:07",5
1454,"Korlát","község","Borsod-Abaúj-Zemplén","Gönci",791.0,304,136,47.4979,19.0402,"Átmeneti",JSON_2024,"2025-07-24 14:34:07","2025-07-24 14:34:07",5
1455,"Koroncó","község","Győr-Moson-Sopron","Győri",2690.0,2620,920,47.4979,19.0402,"Átmeneti",JSON_2024,"2025-07-24 14:34:07","2025-07-24 14:34:07",6
1456,"Kórós","község",Baranya,Sellyei,1512.0,163,78,47.4979,19.0402,"Átmeneti",JSON_2024,"2025-07-24 14:34:07","2025-07-24 14:34:07",5
1457,Kosd,"község",Pest,"Váci",3409.0,2480,921,47.4979,19.0402,"Átmeneti",JSON_2024,"2025-07-24 14:34:07","2025-07-24 14:34:07",6
1458,"Kóspallag","község",Pest,Szobi,1277.0,704,311,47.4979,19.0402,"Átmeneti",JSON_2024,"2025-07-24 14:34:07","2025-07-24 14:34:07",5
1459,"Kótaj","község","Szabolcs-Szatmár-Bereg","Nyíregyházi",2594.0,4464,1524,47.4979,19.0402,"Átmeneti",JSON_2024,"2025-07-24 14:34:07","2025-07-24 14:34:07",6
1460,"Kovácshida","község",Baranya,"Siklósi",809.0,222,96,47.4979,19.0402,"Átmeneti",JSON_2024,"2025-07-24 14:34:07","2025-07-24 14:34:07",5
1461,"Kovácsszénája","község",Baranya,"Pécsi",783.0,60,45,47.4979,19.0402,"Átmeneti",JSON_2024,"2025-07-24 14:34:07","2025-07-24 14:34:07",5
1462,"Kovácsvágás","község","Borsod-Abaúj-Zemplén","Sátoraljaújhelyi",2108.0,575,225,47.4979,19.0402,"Átmeneti",JSON_2024,"2025-07-24 14:34:07","2025-07-24 14:34:07",5
1463,"Kozárd","község","Nógrád","Pásztói",644.0,177,127,47.4979,19.0402,"Átmeneti",JSON_2024,"2025-07-24 14:34:07","2025-07-24 14:34:07",5
1464,"Kozármisleny","város",Baranya,"Pécsi",1445.0,6750,2415,47.4979,19.0402,"Átmeneti",JSON_2024,"2025-07-24 14:34:07","2025-07-24 14:34:07",6
1465,Kozmadombja,"község",Zala,Lenti,763.0,34,31,47.4979,19.0402,"Átmeneti",JSON_2024,"2025-07-24 14:34:07","2025-07-24 14:34:07",5
1466,"Köblény","község",Baranya,"Komlói",804.0,197,104,47.4979,19.0402,"Átmeneti",JSON_2024,"2025-07-24 14:34:07","2025-07-24 14:34:07",5
1467,"Köcsk","község",Vas,"Celldömölki",1258.0,243,156,47.4979,19.0402,"Átmeneti",JSON_2024,"2025-07-24 14:34:07","2025-07-24 14:34:07",5
1468,"Kökény","község",Baranya,"Pécsi",490.0,622,250,47.4979,19.0402,"Átmeneti",JSON_2024,"2025-07-24 14:34:07","2025-07-24 14:34:07",5
1469,"Kőkút","község",Somogy,"Kaposvári",2023.0,530,128,47.4979,19.0402,"Átmeneti",JSON_2024,"2025-07-24 14:34:07","2025-07-24 14:34:07",5
1470,"Kölcse","nagyközség","Szabolcs-Szatmár-Bereg","Fehérgyarmati",2824.0,1184,530,47.4979,19.0402,"Átmeneti",JSON_2024,"2025-07-24 14:34:07","2025-07-24 14:34:07",6
1471,"Kölesd","község",Tolna,"Szekszárdi",3813.0,1306,592,47.4979,19.0402,"Átmeneti",JSON_2024,"2025-07-24 14:34:07","2025-07-24 14:34:07",6
1472,"Kölked","község",Baranya,"Mohácsi",6194.0,949,374,47.4979,19.0402,"Átmeneti",JSON_2024,"2025-07-24 14:34:07","2025-07-24 14:34:07",5
1473,"Kömlő","község",Heves,Hevesi,4922.0,1909,656,47.4979,19.0402,"Átmeneti",JSON_2024,"2025-07-24 14:34:07","2025-07-24 14:34:07",6
1474,"Kömlőd","község","Komárom-Esztergom","Oroszlányi",2284.0,1108,394,47.4979,19.0402,"Átmeneti",JSON_2024,"2025-07-24 14:34:07","2025-07-24 14:34:07",6
1475,"Kömörő","község","Szabolcs-Szatmár-Bereg","Fehérgyarmati",1637.0,485,230,47.4979,19.0402,"Átmeneti",JSON_2024,"2025-07-24 14:34:07","2025-07-24 14:34:07",5
1476,"Kömpöc","község","Bács-Kiskun",Kiskunmajsai,2998.0,662,345,47.4979,19.0402,"Átmeneti",JSON_2024,"2025-07-24 14:34:07","2025-07-24 14:34:07",5
1477,"Körmend","város",Vas,"Körmendi",5279.0,10177,5101,47.4979,19.0402,"Átmeneti",JSON_2024,"2025-07-24 14:34:07","2025-07-24 14:34:07",7
1478,"Környe","község","Komárom-Esztergom","Tatabányai",4537.0,4858,1843,47.4979,19.0402,"Átmeneti",JSON_2024,"2025-07-24 14:34:07","2025-07-24 14:34:07",6
1479,"Köröm","község","Borsod-Abaúj-Zemplén",Miskolci,834.0,1341,329,47.4979,19.0402,"Átmeneti",JSON_2024,"2025-07-24 14:34:07","2025-07-24 14:34:07",6
1480,"Kőröshegy","község",Somogy,"Siófoki",2139.0,1422,692,47.4979,19.0402,"Átmeneti",JSON_2024,"2025-07-24 14:34:07","2025-07-24 14:34:07",6
1481,"Körösladány","város","Békés",Szeghalmi,12379.0,4066,1894,47.4979,19.0402,"Átmeneti",JSON_2024,"2025-07-24 14:34:07","2025-07-24 14:34:07",6
1482,"Körösnagyharsány","község","Békés",Sarkadi,1991.0,414,333,47.4979,19.0402,"Átmeneti",JSON_2024,"2025-07-24 14:34:07","2025-07-24 14:34:07",5
1483,"Köröstarcsa","község","Békés","Békési",6280.0,2175,1189,47.4979,19.0402,"Átmeneti",JSON_2024,"2025-07-24 14:34:07","2025-07-24 14:34:07",6
1484,"Kőröstetétlen","község",Pest,"Ceglédi",3265.0,704,329,47.4979,19.0402,"Átmeneti",JSON_2024,"2025-07-24 14:34:07","2025-07-24 14:34:07",5
1485,"Körösújfalu","község","Békés",Szeghalmi,2530.0,335,262,47.4979,19.0402,"Átmeneti",JSON_2024,"2025-07-24 14:34:07","2025-07-24 14:34:07",5
1486,"Körösszakál","község","Hajdú-Bihar","Berettyóújfalui",1502.0,671,331,47.4979,19.0402,"Átmeneti",JSON_2024,"2025-07-24 14:34:07","2025-07-24 14:34:07",5
1487,"Körösszegapáti","község","Hajdú-Bihar","Berettyóújfalui",4585.0,799,474,47.4979,19.0402,"Átmeneti",JSON_2024,"2025-07-24 14:34:07","2025-07-24 14:34:07",5
1488,"Kőszárhegy","község","Fejér","Székesfehérvári",590.0,1545,599,47.4979,19.0402,"Átmeneti",JSON_2024,"2025-07-24 14:34:07","2025-07-24 14:34:07",6
1489,"Kőszeg","város",Vas,"Kőszegi",5466.0,11757,5169,47.4979,19.0402,"Átmeneti",JSON_2024,"2025-07-24 14:34:07","2025-07-24 14:34:07",7
1490,"Kőszegdoroszló","község",Vas,"Kőszegi",965.0,324,127,47.4979,19.0402,"Átmeneti",JSON_2024,"2025-07-24 14:34:07","2025-07-24 14:34:07",5
1491,"Kőszegpaty","község",Vas,"Kőszegi",1225.0,192,83,47.4979,19.0402,"Átmeneti",JSON_2024,"2025-07-24 14:34:07","2025-07-24 14:34:07",5
1492,"Kőszegszerdahely","község",Vas,"Kőszegi",737.0,535,224,47.4979,19.0402,"Átmeneti",JSON_2024,"2025-07-24 14:34:07","2025-07-24 14:34:07",5
1493,"Kötcse","község",Somogy,"Siófoki",1954.0,488,290,47.4979,19.0402,"Átmeneti",JSON_2024,"2025-07-24 14:34:07","2025-07-24 14:34:07",5
1494,"Kötegyán","község","Békés",Sarkadi,4295.0,1158,685,47.4979,19.0402,"Átmeneti",JSON_2024,"2025-07-24 14:34:07","2025-07-24 14:34:07",6
1495,"Kőtelek","község","Jász-Nagykun-Szolnok",Szolnoki,4514.0,1506,813,47.4979,19.0402,"Átmeneti",JSON_2024,"2025-07-24 14:34:07","2025-07-24 14:34:07",6
1496,"Kővágóörs","község","Veszprém",Tapolcai,2206.0,648,418,47.4979,19.0402,"Átmeneti",JSON_2024,"2025-07-24 14:34:07","2025-07-24 14:34:07",5
1497,"Kővágószőlős","község",Baranya,"Pécsi",1825.0,1332,567,47.4979,19.0402,"Átmeneti",JSON_2024,"2025-07-24 14:34:07","2025-07-24 14:34:07",6
1498,"Kővágótöttös","község",Baranya,"Pécsi",1394.0,325,132,47.4979,19.0402,"Átmeneti",JSON_2024,"2025-07-24 14:34:07","2025-07-24 14:34:07",5
1499,"Kövegy","község","Csongrád-Csanád","Makói",971.0,314,230,47.4979,19.0402,"Átmeneti",JSON_2024,"2025-07-24 14:34:07","2025-07-24 14:34:07",5
1500,"Köveskál","község","Veszprém",Tapolcai,1445.0,306,191,47.4979,19.0402,"Átmeneti",JSON_2024,"2025-07-24 14:34:07","2025-07-24 14:34:07",5
1501,Krasznokvajda,"község","Borsod-Abaúj-Zemplén",Encsi,1144.0,450,201,47.4979,19.0402,"Átmeneti",JSON_2024,"2025-07-24 14:34:07","2025-07-24 14:34:07",5
1502,Kulcs,"község","Fejér","Dunaújvárosi",1673.0,3591,1526,47.4979,19.0402,"Átmeneti",JSON_2024,"2025-07-24 14:34:07","2025-07-24 14:34:07",6
1503,Kunadacs,"község","Bács-Kiskun","Kunszentmiklósi",8990.0,1345,708,47.4979,19.0402,"Átmeneti",JSON_2024,"2025-07-24 14:34:07","2025-07-24 14:34:07",6
1504,"Kunágota","község","Békés","Mezőkovácsházai",6396.0,2274,1242,47.4979,19.0402,"Átmeneti",JSON_2024,"2025-07-24 14:34:07","2025-07-24 14:34:07",6
1505,Kunbaja,"község","Bács-Kiskun","Bácsalmási",3372.0,1352,703,47.4979,19.0402,"Átmeneti",JSON_2024,"2025-07-24 14:34:07","2025-07-24 14:34:07",6
1506,Kunbaracs,"község","Bács-Kiskun","Kecskeméti",5511.0,665,384,47.4979,19.0402,"Átmeneti",JSON_2024,"2025-07-24 14:34:07","2025-07-24 14:34:07",5
1507,Kuncsorba,"község","Jász-Nagykun-Szolnok","Törökszentmiklósi",3363.0,532,287,47.4979,19.0402,"Átmeneti",JSON_2024,"2025-07-24 14:34:07","2025-07-24 14:34:07",5
1508,"Kunfehértó","község","Bács-Kiskun",Kiskunhalasi,7837.0,2043,1045,47.4979,19.0402,"Átmeneti",JSON_2024,"2025-07-24 14:34:07","2025-07-24 14:34:07",6
1509,Kunhegyes,"város","Jász-Nagykun-Szolnok",Kunhegyesi,14893.0,6829,3255,47.4979,19.0402,"Átmeneti",JSON_2024,"2025-07-24 14:34:07","2025-07-24 14:34:07",6
1510,Kunmadaras,"nagyközség","Jász-Nagykun-Szolnok",Karcagi,15355.0,4908,1985,47.4979,19.0402,"Átmeneti",JSON_2024,"2025-07-24 14:34:07","2025-07-24 14:34:07",6
1511,"Kunpeszér","község","Bács-Kiskun","Kunszentmiklósi",7755.0,766,372,47.4979,19.0402,"Átmeneti",JSON_2024,"2025-07-24 14:34:07","2025-07-24 14:34:07",5
1512,"Kunszállás","község","Bács-Kiskun","Kecskeméti",2085.0,1702,766,47.4979,19.0402,"Átmeneti",JSON_2024,"2025-07-24 14:34:07","2025-07-24 14:34:07",6
1513,"Kunszentmárton","város","Jász-Nagykun-Szolnok","Kunszentmártoni",14365.0,7159,3970,47.4979,19.0402,"Átmeneti",JSON_2024,"2025-07-24 14:34:07","2025-07-24 14:34:07",6
1514,"Kunszentmiklós","város","Bács-Kiskun","Kunszentmiklósi",17211.0,8110,3586,47.4979,19.0402,"Átmeneti",JSON_2024,"2025-07-24 14:34:07","2025-07-24 14:34:07",6
1515,Kunsziget,"község","Győr-Moson-Sopron","Győri",1787.0,1449,507,47.4979,19.0402,"Átmeneti",JSON_2024,"2025-07-24 14:34:07","2025-07-24 14:34:07",6
1516,Kup,"község","Veszprém","Pápai",2478.0,415,176,47.4979,19.0402,"Átmeneti",JSON_2024,"2025-07-24 14:34:07","2025-07-24 14:34:07",5
1517,Kupa,"község","Borsod-Abaúj-Zemplén","Szikszói",784.0,152,79,47.4979,19.0402,"Átmeneti",JSON_2024,"2025-07-24 14:34:07","2025-07-24 14:34:07",5
1518,Kurd,"község",Tolna,"Dombóvári",3119.0,990,466,47.4979,19.0402,"Átmeneti",JSON_2024,"2025-07-24 14:34:07","2025-07-24 14:34:07",5
1519,"Kurityán","község","Borsod-Abaúj-Zemplén",Kazincbarcikai,754.0,1443,602,47.4979,19.0402,"Átmeneti",JSON_2024,"2025-07-24 14:34:07","2025-07-24 14:34:07",6
1520,"Kustánszeg","község",Zala,Zalaegerszegi,1142.0,461,221,47.4979,19.0402,"Átmeneti",JSON_2024,"2025-07-24 14:34:07","2025-07-24 14:34:07",5
1521,Kutas,"község",Somogy,"Nagyatádi",3655.0,1254,510,47.4979,19.0402,"Átmeneti",JSON_2024,"2025-07-24 14:34:07","2025-07-24 14:34:07",6
1522,"Kutasó","község","Nógrád","Pásztói",605.0,85,69,47.4979,19.0402,"Átmeneti",JSON_2024,"2025-07-24 14:34:07","2025-07-24 14:34:07",5
1523,"Kübekháza","község","Csongrád-Csanád",Szegedi,2732.0,1460,580,47.4979,19.0402,"Átmeneti",JSON_2024,"2025-07-24 14:34:07","2025-07-24 14:34:07",6
1524,"Külsősárd","község",Zala,Lenti,152.0,58,36,47.4979,19.0402,"Átmeneti",JSON_2024,"2025-07-24 14:34:07","2025-07-24 14:34:07",5
1525,"Külsővat","község","Veszprém","Pápai",1931.0,773,256,47.4979,19.0402,"Átmeneti",JSON_2024,"2025-07-24 14:34:07","2025-07-24 14:34:07",5
1526,"Küngös","község","Veszprém","Balatonalmádi",948.0,489,181,47.4979,19.0402,"Átmeneti",JSON_2024,"2025-07-24 14:34:07","2025-07-24 14:34:07",5
1527,"Lábatlan","város","Komárom-Esztergom",Esztergomi,2637.0,4888,2106,47.4979,19.0402,"Átmeneti",JSON_2024,"2025-07-24 14:34:07","2025-07-24 14:34:07",6
1528,"Lábod","község",Somogy,"Nagyatádi",6651.0,1768,749,47.4979,19.0402,"Átmeneti",JSON_2024,"2025-07-24 14:34:07","2025-07-24 14:34:07",6
1529,"Lácacséke","község","Borsod-Abaúj-Zemplén","Cigándi",1625.0,254,104,47.4979,19.0402,"Átmeneti",JSON_2024,"2025-07-24 14:34:07","2025-07-24 14:34:07",5
1530,Lad,"község",Somogy,Barcsi,2235.0,535,267,47.4979,19.0402,"Átmeneti",JSON_2024,"2025-07-24 14:34:07","2025-07-24 14:34:07",5
1531,"Ladánybene","község","Bács-Kiskun","Kecskeméti",4074.0,1698,754,47.4979,19.0402,"Átmeneti",JSON_2024,"2025-07-24 14:34:07","2025-07-24 14:34:07",6
1532,"Ládbesenyő","község","Borsod-Abaúj-Zemplén","Edelényi",1040.0,270,125,47.4979,19.0402,"Átmeneti",JSON_2024,"2025-07-24 14:34:07","2025-07-24 14:34:07",5
1533,"Lajoskomárom","nagyközség","Fejér",Enyingi,7567.0,1901,862,47.4979,19.0402,"Átmeneti",JSON_2024,"2025-07-24 14:34:07","2025-07-24 14:34:07",6
1534,Lajosmizse,"város","Bács-Kiskun","Kecskeméti",16466.0,11659,4956,47.4979,19.0402,"Átmeneti",JSON_2024,"2025-07-24 14:34:07","2025-07-24 14:34:07",7
1535,Lak,"község","Borsod-Abaúj-Zemplén","Edelényi",1976.0,630,197,47.4979,19.0402,"Átmeneti",JSON_2024,"2025-07-24 14:34:07","2025-07-24 14:34:07",5
1536,Lakhegy,"község",Zala,Zalaegerszegi,860.0,434,224,47.4979,19.0402,"Átmeneti",JSON_2024,"2025-07-24 14:34:07","2025-07-24 14:34:07",5
1537,Lakitelek,"nagyközség","Bács-Kiskun","Tiszakécskei",5466.0,4862,2269,47.4979,19.0402,"Átmeneti",JSON_2024,"2025-07-24 14:34:07","2025-07-24 14:34:07",6
1538,"Lakócsa","község",Somogy,Barcsi,2532.0,499,239,47.4979,19.0402,"Átmeneti",JSON_2024,"2025-07-24 14:34:07","2025-07-24 14:34:07",5
1539,"Lánycsók","község",Baranya,"Mohácsi",2540.0,2194,891,47.4979,19.0402,"Átmeneti",JSON_2024,"2025-07-24 14:34:07","2025-07-24 14:34:07",6
1540,"Lápafő","község",Tolna,"Dombóvári",931.0,146,84,47.4979,19.0402,"Átmeneti",JSON_2024,"2025-07-24 14:34:07","2025-07-24 14:34:07",5
1541,"Lapáncsa","község",Baranya,"Siklósi",436.0,156,72,47.4979,19.0402,"Átmeneti",JSON_2024,"2025-07-24 14:34:07","2025-07-24 14:34:07",5
1542,Laskod,"község","Szabolcs-Szatmár-Bereg","Baktalórántházai",1359.0,795,380,47.4979,19.0402,"Átmeneti",JSON_2024,"2025-07-24 14:34:07","2025-07-24 14:34:07",5
1543,Lasztonya,"község",Zala,Letenyei,877.0,49,42,47.4979,19.0402,"Átmeneti",JSON_2024,"2025-07-24 14:34:07","2025-07-24 14:34:07",5
1544,"Látrány","község",Somogy,"Fonyódi",2231.0,1316,594,47.4979,19.0402,"Átmeneti",JSON_2024,"2025-07-24 14:34:07","2025-07-24 14:34:07",6
1545,"Lázi","község","Győr-Moson-Sopron",Pannonhalmi,1679.0,507,209,47.4979,19.0402,"Átmeneti",JSON_2024,"2025-07-24 14:34:07","2025-07-24 14:34:07",5
1546,"Leányfalu","nagyközség",Pest,Szentendrei,1537.0,3990,1764,47.4979,19.0402,"Átmeneti",JSON_2024,"2025-07-24 14:34:07","2025-07-24 14:34:07",6
1547,"Leányvár","község","Komárom-Esztergom",Esztergomi,725.0,1778,641,47.4979,19.0402,"Átmeneti",JSON_2024,"2025-07-24 14:34:07","2025-07-24 14:34:07",6
1548,"Lébény","város","Győr-Moson-Sopron","Mosonmagyaróvári",8139.0,3230,1318,47.4979,19.0402,"Átmeneti",JSON_2024,"2025-07-24 14:34:07","2025-07-24 14:34:07",6
1549,"Legénd","község","Nógrád","Rétsági",1841.0,441,248,47.4979,19.0402,"Átmeneti",JSON_2024,"2025-07-24 14:34:07","2025-07-24 14:34:07",5
1550,"Legyesbénye","község","Borsod-Abaúj-Zemplén",Szerencsi,2031.0,1387,618,47.4979,19.0402,"Átmeneti",JSON_2024,"2025-07-24 14:34:07","2025-07-24 14:34:07",6
1551,"Léh","község","Borsod-Abaúj-Zemplén","Szikszói",843.0,429,156,47.4979,19.0402,"Átmeneti",JSON_2024,"2025-07-24 14:34:07","2025-07-24 14:34:07",5
1552,"Lénárddaróc","község","Borsod-Abaúj-Zemplén","Ózdi",516.0,243,155,47.4979,19.0402,"Átmeneti",JSON_2024,"2025-07-24 14:34:07","2025-07-24 14:34:07",5
1553,Lendvadedes,"község",Zala,Lenti,402.0,32,29,47.4979,19.0402,"Átmeneti",JSON_2024,"2025-07-24 14:34:07","2025-07-24 14:34:07",5
1554,Lendvajakabfa,"község",Zala,Lenti,620.0,31,37,47.4979,19.0402,"Átmeneti",JSON_2024,"2025-07-24 14:34:07","2025-07-24 14:34:07",5
1555,Lengyel,"község",Tolna,"Bonyhádi",2003.0,472,235,47.4979,19.0402,"Átmeneti",JSON_2024,"2025-07-24 14:34:07","2025-07-24 14:34:07",5
1556,"Lengyeltóti","város",Somogy,"Fonyódi",3957.0,2915,1223,47.4979,19.0402,"Átmeneti",JSON_2024,"2025-07-24 14:34:07","2025-07-24 14:34:07",6
1557,Lenti,"város",Zala,Lenti,7379.0,6955,3954,47.4979,19.0402,"Átmeneti",JSON_2024,"2025-07-24 14:34:07","2025-07-24 14:34:07",6
1558,"Lepsény","nagyközség","Fejér",Enyingi,3908.0,3055,1213,47.4979,19.0402,"Átmeneti",JSON_2024,"2025-07-24 14:34:07","2025-07-24 14:34:07",6
1559,Lesencefalu,"község","Veszprém",Tapolcai,718.0,294,152,47.4979,19.0402,"Átmeneti",JSON_2024,"2025-07-24 14:34:07","2025-07-24 14:34:07",5
1560,"Lesenceistvánd","község","Veszprém",Tapolcai,1739.0,940,386,47.4979,19.0402,"Átmeneti",JSON_2024,"2025-07-24 14:34:07","2025-07-24 14:34:07",5
1561,Lesencetomaj,"község","Veszprém",Tapolcai,2408.0,1001,374,47.4979,19.0402,"Átmeneti",JSON_2024,"2025-07-24 14:34:07","2025-07-24 14:34:07",6
1562,"Létavértes","város","Hajdú-Bihar",Derecskei,11661.0,6756,2631,47.4979,19.0402,"Átmeneti",JSON_2024,"2025-07-24 14:34:07","2025-07-24 14:34:07",6
1563,Letenye,"város",Zala,Letenyei,4174.0,3745,1564,47.4979,19.0402,"Átmeneti",JSON_2024,"2025-07-24 14:34:07","2025-07-24 14:34:07",6
1564,"Letkés","község",Pest,Szobi,2456.0,1043,431,47.4979,19.0402,"Átmeneti",JSON_2024,"2025-07-24 14:34:07","2025-07-24 14:34:07",6
1565,"Levél","község","Győr-Moson-Sopron","Mosonmagyaróvári",2492.0,2583,913,47.4979,19.0402,"Átmeneti",JSON_2024,"2025-07-24 14:34:07","2025-07-24 14:34:07",6
1566,Levelek,"nagyközség","Szabolcs-Szatmár-Bereg","Baktalórántházai",2572.0,2713,950,47.4979,19.0402,"Átmeneti",JSON_2024,"2025-07-24 14:34:07","2025-07-24 14:34:07",6
1567,Libickozma,"község",Somogy,Marcali,2297.0,31,52,47.4979,19.0402,"Átmeneti",JSON_2024,"2025-07-24 14:34:07","2025-07-24 14:34:07",5
1568,"Lickóvadamos","község",Zala,Zalaegerszegi,669.0,195,124,47.4979,19.0402,"Átmeneti",JSON_2024,"2025-07-24 14:34:07","2025-07-24 14:34:07",5
1569,Liget,"község",Baranya,"Komlói",1207.0,363,143,47.4979,19.0402,"Átmeneti",JSON_2024,"2025-07-24 14:34:07","2025-07-24 14:34:07",5
1570,Ligetfalva,"község",Zala,Keszthelyi,473.0,63,39,47.4979,19.0402,"Átmeneti",JSON_2024,"2025-07-24 14:34:07","2025-07-24 14:34:07",5
1571,"Lipót","község","Győr-Moson-Sopron","Mosonmagyaróvári",1609.0,798,352,47.4979,19.0402,"Átmeneti",JSON_2024,"2025-07-24 14:34:07","2025-07-24 14:34:07",5
1572,"Lippó","község",Baranya,"Mohácsi",1453.0,454,206,47.4979,19.0402,"Átmeneti",JSON_2024,"2025-07-24 14:34:07","2025-07-24 14:34:07",5
1573,"Liptód","község",Baranya,"Bólyi",1499.0,177,127,47.4979,19.0402,"Átmeneti",JSON_2024,"2025-07-24 14:34:07","2025-07-24 14:34:07",5
1574,"Lispeszentadorján","község",Zala,Letenyei,914.0,229,158,47.4979,19.0402,"Átmeneti",JSON_2024,"2025-07-24 14:34:07","2025-07-24 14:34:07",5
1575,"Liszó","község",Zala,Nagykanizsai,2591.0,348,171,47.4979,19.0402,"Átmeneti",JSON_2024,"2025-07-24 14:34:07","2025-07-24 14:34:07",5
1576,"Litér","község","Veszprém","Balatonalmádi",1283.0,2208,774,47.4979,19.0402,"Átmeneti",JSON_2024,"2025-07-24 14:34:07","2025-07-24 14:34:07",6
1577,Litka,"község","Borsod-Abaúj-Zemplén",Encsi,666.0,33,37,47.4979,19.0402,"Átmeneti",JSON_2024,"2025-07-24 14:34:07","2025-07-24 14:34:07",5
1578,Litke,"község","Nógrád","Salgótarjáni",1816.0,746,328,47.4979,19.0402,"Átmeneti",JSON_2024,"2025-07-24 14:34:07","2025-07-24 14:34:07",5
1579,"Lócs","község",Vas,"Kőszegi",513.0,145,100,47.4979,19.0402,"Átmeneti",JSON_2024,"2025-07-24 14:34:07","2025-07-24 14:34:07",5
1580,"Lókút","község","Veszprém",Zirci,1811.0,476,226,47.4979,19.0402,"Átmeneti",JSON_2024,"2025-07-24 14:34:07","2025-07-24 14:34:07",5
1581,"Lónya","község","Szabolcs-Szatmár-Bereg","Vásárosnaményi",3548.0,674,387,47.4979,19.0402,"Átmeneti",JSON_2024,"2025-07-24 14:34:07","2025-07-24 14:34:07",5
1582,"Lórév","község",Pest,"Ráckevei",988.0,303,123,47.4979,19.0402,"Átmeneti",JSON_2024,"2025-07-24 14:34:07","2025-07-24 14:34:07",5
1583,"Lothárd","község",Baranya,"Pécsi",1046.0,238,111,47.4979,19.0402,"Átmeneti",JSON_2024,"2025-07-24 14:34:07","2025-07-24 14:34:07",5
1584,Lovas,"község","Veszprém","Balatonfüredi",595.0,519,240,47.4979,19.0402,"Átmeneti",JSON_2024,"2025-07-24 14:34:07","2025-07-24 14:34:07",5
1585,"Lovasberény","község","Fejér","Székesfehérvári",6062.0,2720,1198,47.4979,19.0402,"Átmeneti",JSON_2024,"2025-07-24 14:34:07","2025-07-24 14:34:07",6
1586,"Lovászhetény","község",Baranya,"Pécsváradi",895.0,268,113,47.4979,19.0402,"Átmeneti",JSON_2024,"2025-07-24 14:34:07","2025-07-24 14:34:07",5
1587,"Lovászi","község",Zala,Lenti,967.0,1090,571,47.4979,19.0402,"Átmeneti",JSON_2024,"2025-07-24 14:34:07","2025-07-24 14:34:07",6
1588,"Lovászpatona","község","Veszprém","Pápai",4990.0,1134,512,47.4979,19.0402,"Átmeneti",JSON_2024,"2025-07-24 14:34:07","2025-07-24 14:34:07",6
1589,"Lőkösháza","község","Békés",Gyulai,5202.0,1430,787,47.4979,19.0402,"Átmeneti",JSON_2024,"2025-07-24 14:34:07","2025-07-24 14:34:07",6
1590,"Lőrinci","város",Heves,Hatvani,2353.0,5415,2305,47.4979,19.0402,"Átmeneti",JSON_2024,"2025-07-24 14:34:07","2025-07-24 14:34:07",6
1591,"Lövő","község","Győr-Moson-Sopron",Soproni,1747.0,1379,562,47.4979,19.0402,"Átmeneti",JSON_2024,"2025-07-24 14:34:07","2025-07-24 14:34:07",6
1592,"Lövőpetri","község","Szabolcs-Szatmár-Bereg","Kisvárdai",926.0,420,217,47.4979,19.0402,"Átmeneti",JSON_2024,"2025-07-24 14:34:07","2025-07-24 14:34:07",5
1593,Lucfalva,"község","Nógrád","Salgótarjáni",1410.0,574,214,47.4979,19.0402,"Átmeneti",JSON_2024,"2025-07-24 14:34:07","2025-07-24 14:34:07",5
1594,"Ludányhalászi","község","Nógrád","Szécsényi",2113.0,1425,469,47.4979,19.0402,"Átmeneti",JSON_2024,"2025-07-24 14:34:07","2025-07-24 14:34:07",6
1595,Ludas,"község",Heves,"Gyöngyösi",1079.0,682,371,47.4979,19.0402,"Átmeneti",JSON_2024,"2025-07-24 14:34:07","2025-07-24 14:34:07",5
1596,"Lukácsháza","község",Vas,"Kőszegi",936.0,1062,411,47.4979,19.0402,"Átmeneti",JSON_2024,"2025-07-24 14:34:07","2025-07-24 14:34:07",6
1597,Lulla,"község",Somogy,Tabi,1039.0,209,96,47.4979,19.0402,"Átmeneti",JSON_2024,"2025-07-24 14:34:07","2025-07-24 14:34:07",5
1598,"Lúzsok","község",Baranya,Sellyei,652.0,196,70,47.4979,19.0402,"Átmeneti",JSON_2024,"2025-07-24 14:34:07","2025-07-24 14:34:07",5
1599,"Mád","község","Borsod-Abaúj-Zemplén",Szerencsi,3186.0,1814,1093,47.4979,19.0402,"Átmeneti",JSON_2024,"2025-07-24 14:34:07","2025-07-24 14:34:07",6
1600,Madaras,"község","Bács-Kiskun","Bácsalmási",4931.0,2468,1425,47.4979,19.0402,"Átmeneti",JSON_2024,"2025-07-24 14:34:07","2025-07-24 14:34:07",6
1601,Madocsa,"község",Tolna,Paksi,4333.0,1764,825,47.4979,19.0402,"Átmeneti",JSON_2024,"2025-07-24 14:34:07","2025-07-24 14:34:07",6
1602,"Maglóca","község","Győr-Moson-Sopron",Csornai,577.0,134,64,47.4979,19.0402,"Átmeneti",JSON_2024,"2025-07-24 14:34:07","2025-07-24 14:34:07",5
1603,"Maglód","város",Pest,"Vecsési",2238.0,12431,4434,47.4979,19.0402,"Átmeneti",JSON_2024,"2025-07-24 14:34:07","2025-07-24 14:34:07",7
1604,"Mágocs","város",Baranya,"Hegyháti",4254.0,2122,910,47.4979,19.0402,"Átmeneti",JSON_2024,"2025-07-24 14:34:07","2025-07-24 14:34:07",6
1605,Magosliget,"község","Szabolcs-Szatmár-Bereg","Fehérgyarmati",517.0,302,87,47.4979,19.0402,"Átmeneti",JSON_2024,"2025-07-24 14:34:07","2025-07-24 14:34:07",5
1606,Magy,"község","Szabolcs-Szatmár-Bereg","Baktalórántházai",2070.0,851,317,47.4979,19.0402,"Átmeneti",JSON_2024,"2025-07-24 14:34:07","2025-07-24 14:34:07",5
1607,"Magyaralmás","község","Fejér","Móri",2242.0,1642,617,47.4979,19.0402,"Átmeneti",JSON_2024,"2025-07-24 14:34:07","2025-07-24 14:34:07",6
1608,"Magyaratád","község",Somogy,"Kaposvári",1882.0,729,324,47.4979,19.0402,"Átmeneti",JSON_2024,"2025-07-24 14:34:07","2025-07-24 14:34:07",5
1609,"Magyarbánhegyes","község","Békés","Mezőkovácsházai",3656.0,1784,1045,47.4979,19.0402,"Átmeneti",JSON_2024,"2025-07-24 14:34:07","2025-07-24 14:34:07",6
1610,"Magyarbóly","község",Baranya,"Siklósi",1722.0,901,359,47.4979,19.0402,"Átmeneti",JSON_2024,"2025-07-24 14:34:07","2025-07-24 14:34:07",5
1611,"Magyarcsanád","község","Csongrád-Csanád","Makói",4802.0,1236,680,47.4979,19.0402,"Átmeneti",JSON_2024,"2025-07-24 14:34:07","2025-07-24 14:34:07",6
1612,"Magyardombegyház","község","Békés","Mezőkovácsházai",765.0,164,153,47.4979,19.0402,"Átmeneti",JSON_2024,"2025-07-24 14:34:07","2025-07-24 14:34:07",5
1613,Magyaregregy,"község",Baranya,"Komlói",2681.0,656,338,47.4979,19.0402,"Átmeneti",JSON_2024,"2025-07-24 14:34:07","2025-07-24 14:34:07",5
1614,Magyaregres,"község",Somogy,"Kaposvári",1440.0,544,216,47.4979,19.0402,"Átmeneti",JSON_2024,"2025-07-24 14:34:07","2025-07-24 14:34:07",5
1615,"Magyarföld","község",Zala,Lenti,889.0,37,30,47.4979,19.0402,"Átmeneti",JSON_2024,"2025-07-24 14:34:07","2025-07-24 14:34:07",5
1616,"Magyargéc","község","Nógrád","Szécsényi",1235.0,785,288,47.4979,19.0402,"Átmeneti",JSON_2024,"2025-07-24 14:34:07","2025-07-24 14:34:07",5
1617,Magyargencs,"község","Veszprém","Pápai",3800.0,469,257,47.4979,19.0402,"Átmeneti",JSON_2024,"2025-07-24 14:34:07","2025-07-24 14:34:07",5
1618,Magyarhertelend,"község",Baranya,"Komlói",1616.0,544,282,47.4979,19.0402,"Átmeneti",JSON_2024,"2025-07-24 14:34:07","2025-07-24 14:34:07",5
1619,Magyarhomorog,"község","Hajdú-Bihar","Berettyóújfalui",3958.0,732,441,47.4979,19.0402,"Átmeneti",JSON_2024,"2025-07-24 14:34:07","2025-07-24 14:34:07",5
1620,"Magyarkeresztúr","község","Győr-Moson-Sopron",Csornai,1673.0,407,218,47.4979,19.0402,"Átmeneti",JSON_2024,"2025-07-24 14:34:07","2025-07-24 14:34:07",5
1621,Magyarkeszi,"község",Tolna,"Tamási",3816.0,1040,582,47.4979,19.0402,"Átmeneti",JSON_2024,"2025-07-24 14:34:07","2025-07-24 14:34:07",6
1622,Magyarlak,"község",Vas,"Szentgotthárdi",762.0,744,317,47.4979,19.0402,"Átmeneti",JSON_2024,"2025-07-24 14:34:07","2025-07-24 14:34:07",5
1623,Magyarlukafa,"község",Baranya,"Szigetvári",1297.0,82,52,47.4979,19.0402,"Átmeneti",JSON_2024,"2025-07-24 14:34:07","2025-07-24 14:34:07",5
1624,Magyarmecske,"község",Baranya,Sellyei,1195.0,290,110,47.4979,19.0402,"Átmeneti",JSON_2024,"2025-07-24 14:34:07","2025-07-24 14:34:07",5
1625,"Magyarnádalja","község",Vas,"Körmendi",385.0,275,96,47.4979,19.0402,"Átmeneti",JSON_2024,"2025-07-24 14:34:07","2025-07-24 14:34:07",5
1626,"Magyarnándor","község","Nógrád",Balassagyarmati,1867.0,1052,464,47.4979,19.0402,"Átmeneti",JSON_2024,"2025-07-24 14:34:07","2025-07-24 14:34:07",6
1627,"Magyarpolány","község","Veszprém",Ajkai,2696.0,1268,526,47.4979,19.0402,"Átmeneti",JSON_2024,"2025-07-24 14:34:07","2025-07-24 14:34:07",6
1628,"Magyarsarlós","község",Baranya,"Pécsi",803.0,256,111,47.4979,19.0402,"Átmeneti",JSON_2024,"2025-07-24 14:34:07","2025-07-24 14:34:07",5
1629,"Magyarszecsőd","község",Vas,"Körmendi",1126.0,403,189,47.4979,19.0402,"Átmeneti",JSON_2024,"2025-07-24 14:34:07","2025-07-24 14:34:07",5
1630,"Magyarszék","község",Baranya,"Komlói",1386.0,973,389,47.4979,19.0402,"Átmeneti",JSON_2024,"2025-07-24 14:34:07","2025-07-24 14:34:07",5
1631,"Magyarszentmiklós","község",Zala,Nagykanizsai,420.0,235,102,47.4979,19.0402,"Átmeneti",JSON_2024,"2025-07-24 14:34:07","2025-07-24 14:34:07",5
1632,Magyarszerdahely,"község",Zala,Nagykanizsai,1622.0,420,173,47.4979,19.0402,"Átmeneti",JSON_2024,"2025-07-24 14:34:07","2025-07-24 14:34:07",5
1633,Magyarszombatfa,"község",Vas,"Körmendi",1594.0,233,131,47.4979,19.0402,"Átmeneti",JSON_2024,"2025-07-24 14:34:07","2025-07-24 14:34:07",5
1634,Magyartelek,"község",Baranya,Sellyei,684.0,189,67,47.4979,19.0402,"Átmeneti",JSON_2024,"2025-07-24 14:34:07","2025-07-24 14:34:07",5
1635,"Majosháza","község",Pest,"Szigetszentmiklósi",1142.0,1706,710,47.4979,19.0402,"Átmeneti",JSON_2024,"2025-07-24 14:34:07","2025-07-24 14:34:07",6
1636,Majs,"község",Baranya,"Mohácsi",3206.0,844,401,47.4979,19.0402,"Átmeneti",JSON_2024,"2025-07-24 14:34:07","2025-07-24 14:34:07",5
1637,"Makád","község",Pest,"Ráckevei",3177.0,1227,579,47.4979,19.0402,"Átmeneti",JSON_2024,"2025-07-24 14:34:07","2025-07-24 14:34:07",6
1638,Makkoshotyka,"község","Borsod-Abaúj-Zemplén","Sárospataki",1041.0,751,293,47.4979,19.0402,"Átmeneti",JSON_2024,"2025-07-24 14:34:07","2025-07-24 14:34:07",5
1639,"Maklár","község",Heves,Egri,2801.0,2380,969,47.4979,19.0402,"Átmeneti",JSON_2024,"2025-07-24 14:34:07","2025-07-24 14:34:07",6
1640,"Makó","város","Csongrád-Csanád","Makói",22923.0,21759,11047,47.4979,19.0402,"Átmeneti",JSON_2024,"2025-07-24 14:34:07","2025-07-24 14:34:07",7
1641,Malomsok,"község","Veszprém","Pápai",2574.0,486,247,47.4979,19.0402,"Átmeneti",JSON_2024,"2025-07-24 14:34:07","2025-07-24 14:34:07",5
1642,"Mályi","község","Borsod-Abaúj-Zemplén",Miskolci,1128.0,4307,1745,47.4979,19.0402,"Átmeneti",JSON_2024,"2025-07-24 14:34:07","2025-07-24 14:34:07",6
1643,"Mályinka","község","Borsod-Abaúj-Zemplén",Kazincbarcikai,2421.0,458,246,47.4979,19.0402,"Átmeneti",JSON_2024,"2025-07-24 14:34:07","2025-07-24 14:34:07",5
1644,"Mánd","község","Szabolcs-Szatmár-Bereg","Fehérgyarmati",517.0,270,100,47.4979,19.0402,"Átmeneti",JSON_2024,"2025-07-24 14:34:07","2025-07-24 14:34:07",5
1645,"Mándok","város","Szabolcs-Szatmár-Bereg","Záhonyi",2891.0,3721,1441,47.4979,19.0402,"Átmeneti",JSON_2024,"2025-07-24 14:34:07","2025-07-24 14:34:07",6
1646,"Mánfa","község",Baranya,"Komlói",2770.0,736,321,47.4979,19.0402,"Átmeneti",JSON_2024,"2025-07-24 14:34:07","2025-07-24 14:34:07",5
1647,"Mány","község","Fejér",Bicskei,4472.0,2381,896,47.4979,19.0402,"Átmeneti",JSON_2024,"2025-07-24 14:34:07","2025-07-24 14:34:07",6
1648,"Maráza","község",Baranya,"Mohácsi",970.0,178,92,47.4979,19.0402,"Átmeneti",JSON_2024,"2025-07-24 14:34:07","2025-07-24 14:34:07",5
1649,Marcalgergelyi,"község","Veszprém","Pápai",776.0,358,168,47.4979,19.0402,"Átmeneti",JSON_2024,"2025-07-24 14:34:07","2025-07-24 14:34:07",5
1650,Marcali,"város",Somogy,Marcali,10440.0,10502,5208,47.4979,19.0402,"Átmeneti",JSON_2024,"2025-07-24 14:34:07","2025-07-24 14:34:07",7
1651,"Marcaltő","község","Veszprém","Pápai",2208.0,722,335,47.4979,19.0402,"Átmeneti",JSON_2024,"2025-07-24 14:34:07","2025-07-24 14:34:07",5
1652,"Márfa","község",Baranya,"Siklósi",409.0,179,75,47.4979,19.0402,"Átmeneti",JSON_2024,"2025-07-24 14:34:07","2025-07-24 14:34:07",5
1653,"Máriahalom","község","Komárom-Esztergom",Esztergomi,1084.0,645,282,47.4979,19.0402,"Átmeneti",JSON_2024,"2025-07-24 14:34:07","2025-07-24 14:34:07",5
1654,"Máriakálnok","község","Győr-Moson-Sopron","Mosonmagyaróvári",1548.0,2075,768,47.4979,19.0402,"Átmeneti",JSON_2024,"2025-07-24 14:34:07","2025-07-24 14:34:07",6
1655,"Máriakéménd","község",Baranya,"Bólyi",1578.0,545,221,47.4979,19.0402,"Átmeneti",JSON_2024,"2025-07-24 14:34:07","2025-07-24 14:34:07",5
1656,"Márianosztra","község",Pest,Szobi,2027.0,938,376,47.4979,19.0402,"Átmeneti",JSON_2024,"2025-07-24 14:34:07","2025-07-24 14:34:07",5
1657,"Máriapócs","város","Szabolcs-Szatmár-Bereg","Nyírbátori",2208.0,1822,677,47.4979,19.0402,"Átmeneti",JSON_2024,"2025-07-24 14:34:07","2025-07-24 14:34:07",6
1658,Markaz,"község",Heves,"Gyöngyösi",2561.0,1697,957,47.4979,19.0402,"Átmeneti",JSON_2024,"2025-07-24 14:34:07","2025-07-24 14:34:07",6
1659,"Márkháza","község","Nógrád","Salgótarjáni",631.0,220,109,47.4979,19.0402,"Átmeneti",JSON_2024,"2025-07-24 14:34:07","2025-07-24 14:34:07",5
1660,"Márkó","község","Veszprém","Veszprémi",3441.0,1797,614,47.4979,19.0402,"Átmeneti",JSON_2024,"2025-07-24 14:34:07","2025-07-24 14:34:07",6
1661,"Markóc","község",Baranya,Sellyei,579.0,64,32,47.4979,19.0402,"Átmeneti",JSON_2024,"2025-07-24 14:34:07","2025-07-24 14:34:07",5
1662,"Markotabödöge","község","Győr-Moson-Sopron",Csornai,1629.0,523,232,47.4979,19.0402,"Átmeneti",JSON_2024,"2025-07-24 14:34:07","2025-07-24 14:34:07",5
1663,"Maróc","község",Zala,Letenyei,516.0,57,70,47.4979,19.0402,"Átmeneti",JSON_2024,"2025-07-24 14:34:07","2025-07-24 14:34:07",5
1664,"Marócsa","község",Baranya,Sellyei,1138.0,71,45,47.4979,19.0402,"Átmeneti",JSON_2024,"2025-07-24 14:34:07","2025-07-24 14:34:07",5
1665,"Márok","község",Baranya,"Siklósi",1593.0,376,183,47.4979,19.0402,"Átmeneti",JSON_2024,"2025-07-24 14:34:07","2025-07-24 14:34:07",5
1666,"Márokföld","község",Zala,Lenti,744.0,62,35,47.4979,19.0402,"Átmeneti",JSON_2024,"2025-07-24 14:34:07","2025-07-24 14:34:07",5
1667,"Márokpapi","község","Szabolcs-Szatmár-Bereg","Vásárosnaményi",2118.0,523,211,47.4979,19.0402,"Átmeneti",JSON_2024,"2025-07-24 14:34:07","2025-07-24 14:34:07",5
1668,Maroslele,"község","Csongrád-Csanád","Makói",4656.0,2024,924,47.4979,19.0402,"Átmeneti",JSON_2024,"2025-07-24 14:34:07","2025-07-24 14:34:07",6
1669,"Mártély","község","Csongrád-Csanád","Hódmezővásárhelyi",3646.0,1285,575,47.4979,19.0402,"Átmeneti",JSON_2024,"2025-07-24 14:34:07","2025-07-24 14:34:07",6
1670,"Martfű","város","Jász-Nagykun-Szolnok",Szolnoki,2308.0,5599,2934,47.4979,19.0402,"Átmeneti",JSON_2024,"2025-07-24 14:34:07","2025-07-24 14:34:07",6
1671,Martonfa,"község",Baranya,"Pécsváradi",569.0,209,91,47.4979,19.0402,"Átmeneti",JSON_2024,"2025-07-24 14:34:07","2025-07-24 14:34:07",5
1672,"Martonvásár","város","Fejér","Martonvásári",3125.0,5984,2150,47.4979,19.0402,"Átmeneti",JSON_2024,"2025-07-24 14:34:07","2025-07-24 14:34:07",6
1673,Martonyi,"község","Borsod-Abaúj-Zemplén","Edelényi",1757.0,298,180,47.4979,19.0402,"Átmeneti",JSON_2024,"2025-07-24 14:34:07","2025-07-24 14:34:07",5
1674,"Mátészalka","város","Szabolcs-Szatmár-Bereg","Mátészalkai",4140.0,15157,7161,47.4979,19.0402,"Átmeneti",JSON_2024,"2025-07-24 14:34:07","2025-07-24 14:34:07",7
1675,"Mátételke","község","Bács-Kiskun","Bácsalmási",2795.0,462,278,47.4979,19.0402,"Átmeneti",JSON_2024,"2025-07-24 14:34:07","2025-07-24 14:34:07",5
1676,"Mátraballa","község",Heves,"Pétervásárai",2636.0,645,424,47.4979,19.0402,"Átmeneti",JSON_2024,"2025-07-24 14:34:07","2025-07-24 14:34:07",5
1677,"Mátraderecske","község",Heves,"Pétervásárai",1399.0,1689,1006,47.4979,19.0402,"Átmeneti",JSON_2024,"2025-07-24 14:34:07","2025-07-24 14:34:07",6
1678,"Mátramindszent","község","Nógrád","Bátonyterenyei",1673.0,700,425,47.4979,19.0402,"Átmeneti",JSON_2024,"2025-07-24 14:34:07","2025-07-24 14:34:07",5
1679,"Mátranovák","község","Nógrád","Bátonyterenyei",2697.0,1529,1042,47.4979,19.0402,"Átmeneti",JSON_2024,"2025-07-24 14:34:07","2025-07-24 14:34:07",6
1680,"Mátraszele","község","Nógrád","Salgótarjáni",1697.0,873,465,47.4979,19.0402,"Átmeneti",JSON_2024,"2025-07-24 14:34:07","2025-07-24 14:34:07",5
1681,"Mátraszentimre","község",Heves,"Gyöngyösi",2129.0,442,320,47.4979,19.0402,"Átmeneti",JSON_2024,"2025-07-24 14:34:07","2025-07-24 14:34:07",5
1682,"Mátraszőlős","község","Nógrád","Pásztói",2917.0,1457,663,47.4979,19.0402,"Átmeneti",JSON_2024,"2025-07-24 14:34:07","2025-07-24 14:34:07",6
1683,"Mátraterenye","község","Nógrád","Bátonyterenyei",2813.0,1642,872,47.4979,19.0402,"Átmeneti",JSON_2024,"2025-07-24 14:34:07","2025-07-24 14:34:07",6
1684,"Mátraverebély","község","Nógrád","Bátonyterenyei",1840.0,1682,811,47.4979,19.0402,"Átmeneti",JSON_2024,"2025-07-24 14:34:07","2025-07-24 14:34:07",6
1685,"Mátyásdomb","község","Fejér",Enyingi,3539.0,715,279,47.4979,19.0402,"Átmeneti",JSON_2024,"2025-07-24 14:34:07","2025-07-24 14:34:07",5
1686,Matty,"község",Baranya,"Siklósi",1690.0,314,140,47.4979,19.0402,"Átmeneti",JSON_2024,"2025-07-24 14:34:07","2025-07-24 14:34:07",5
1687,"Mátyus","község","Szabolcs-Szatmár-Bereg","Vásárosnaményi",1103.0,245,130,47.4979,19.0402,"Átmeneti",JSON_2024,"2025-07-24 14:34:07","2025-07-24 14:34:07",5
1688,"Máza","község",Baranya,"Komlói",1069.0,1080,485,47.4979,19.0402,"Átmeneti",JSON_2024,"2025-07-24 14:34:07","2025-07-24 14:34:07",6
1689,"Mecseknádasd","község",Baranya,"Pécsváradi",3608.0,1458,666,47.4979,19.0402,"Átmeneti",JSON_2024,"2025-07-24 14:34:07","2025-07-24 14:34:07",6
1690,"Mecsekpölöske","község",Baranya,"Komlói",731.0,376,156,47.4979,19.0402,"Átmeneti",JSON_2024,"2025-07-24 14:34:07","2025-07-24 14:34:07",5
1691,"Mecsér","község","Győr-Moson-Sopron","Mosonmagyaróvári",2109.0,678,306,47.4979,19.0402,"Átmeneti",JSON_2024,"2025-07-24 14:34:07","2025-07-24 14:34:07",5
1692,"Medgyesbodzás","község","Békés","Mezőkovácsházai",3167.0,827,533,47.4979,19.0402,"Átmeneti",JSON_2024,"2025-07-24 14:34:07","2025-07-24 14:34:07",5
1693,"Medgyesegyháza","város","Békés","Mezőkovácsházai",6429.0,3126,1808,47.4979,19.0402,"Átmeneti",JSON_2024,"2025-07-24 14:34:07","2025-07-24 14:34:07",6
1694,Medina,"község",Tolna,"Szekszárdi",2224.0,672,327,47.4979,19.0402,"Átmeneti",JSON_2024,"2025-07-24 14:34:07","2025-07-24 14:34:07",5
1695,"Megyaszó","község","Borsod-Abaúj-Zemplén",Szerencsi,5342.0,2544,828,47.4979,19.0402,"Átmeneti",JSON_2024,"2025-07-24 14:34:07","2025-07-24 14:34:07",6
1696,"Megyehíd","község",Vas,"Sárvári",599.0,304,121,47.4979,19.0402,"Átmeneti",JSON_2024,"2025-07-24 14:34:07","2025-07-24 14:34:07",5
1697,Megyer,"község","Veszprém","Sümegi",426.0,30,25,47.4979,19.0402,"Átmeneti",JSON_2024,"2025-07-24 14:34:07","2025-07-24 14:34:07",5
1698,"Meggyeskovácsi","község",Vas,"Sárvári",2464.0,718,340,47.4979,19.0402,"Átmeneti",JSON_2024,"2025-07-24 14:34:07","2025-07-24 14:34:07",5
1699,"Méhkerék","község","Békés",Sarkadi,2585.0,1886,843,47.4979,19.0402,"Átmeneti",JSON_2024,"2025-07-24 14:34:07","2025-07-24 14:34:07",6
1700,"Méhtelek","község","Szabolcs-Szatmár-Bereg","Fehérgyarmati",863.0,647,274,47.4979,19.0402,"Átmeneti",JSON_2024,"2025-07-24 14:34:07","2025-07-24 14:34:07",5
1701,"Mekényes","község",Baranya,"Hegyháti",1777.0,240,137,47.4979,19.0402,"Átmeneti",JSON_2024,"2025-07-24 14:34:07","2025-07-24 14:34:07",5
1702,"Mélykút","város","Bács-Kiskun","Jánoshalmai",12347.0,4602,2680,47.4979,19.0402,"Átmeneti",JSON_2024,"2025-07-24 14:34:07","2025-07-24 14:34:07",6
1703,Mencshely,"község","Veszprém","Veszprémi",1261.0,300,137,47.4979,19.0402,"Átmeneti",JSON_2024,"2025-07-24 14:34:07","2025-07-24 14:34:07",5
1704,Mende,"község",Pest,"Nagykátai",2715.0,4185,1523,47.4979,19.0402,"Átmeneti",JSON_2024,"2025-07-24 14:34:07","2025-07-24 14:34:07",6
1705,"Méra","község","Borsod-Abaúj-Zemplén",Encsi,1512.0,1442,561,47.4979,19.0402,"Átmeneti",JSON_2024,"2025-07-24 14:34:07","2025-07-24 14:34:07",6
1706,Merenye,"község",Baranya,"Szigetvári",1447.0,234,122,47.4979,19.0402,"Átmeneti",JSON_2024,"2025-07-24 14:34:07","2025-07-24 14:34:07",5
1707,"Mérges","község","Győr-Moson-Sopron","Téti",651.0,104,53,47.4979,19.0402,"Átmeneti",JSON_2024,"2025-07-24 14:34:07","2025-07-24 14:34:07",5
1708,"Mérk","nagyközség","Szabolcs-Szatmár-Bereg","Mátészalkai",2508.0,1910,785,47.4979,19.0402,"Átmeneti",JSON_2024,"2025-07-24 14:34:07","2025-07-24 14:34:07",6
1709,Mernye,"község",Somogy,"Kaposvári",2593.0,1310,544,47.4979,19.0402,"Átmeneti",JSON_2024,"2025-07-24 14:34:07","2025-07-24 14:34:07",6
1710,"Mersevát","község",Vas,"Celldömölki",1054.0,566,236,47.4979,19.0402,"Átmeneti",JSON_2024,"2025-07-24 14:34:07","2025-07-24 14:34:07",5
1711,"Mesterháza","község",Vas,"Sárvári",419.0,140,78,47.4979,19.0402,"Átmeneti",JSON_2024,"2025-07-24 14:34:07","2025-07-24 14:34:07",5
1712,Mesteri,"község",Vas,"Celldömölki",1169.0,273,150,47.4979,19.0402,"Átmeneti",JSON_2024,"2025-07-24 14:34:07","2025-07-24 14:34:07",5
1713,"Mesterszállás","község","Jász-Nagykun-Szolnok","Mezőtúri",4292.0,645,373,47.4979,19.0402,"Átmeneti",JSON_2024,"2025-07-24 14:34:07","2025-07-24 14:34:07",5
1714,Meszes,"község","Borsod-Abaúj-Zemplén","Edelényi",1140.0,160,117,47.4979,19.0402,"Átmeneti",JSON_2024,"2025-07-24 14:34:07","2025-07-24 14:34:07",5
1715,Meszlen,"község",Vas,Szombathelyi,1202.0,203,96,47.4979,19.0402,"Átmeneti",JSON_2024,"2025-07-24 14:34:07","2025-07-24 14:34:07",5
1716,"Mesztegnyő","község",Somogy,Marcali,4471.0,1262,557,47.4979,19.0402,"Átmeneti",JSON_2024,"2025-07-24 14:34:07","2025-07-24 14:34:07",6
1717,"Mezőberény","város","Békés","Békési",11853.0,9414,4456,47.4979,19.0402,"Átmeneti",JSON_2024,"2025-07-24 14:34:07","2025-07-24 14:34:07",6
1718,"Mezőcsát","város","Borsod-Abaúj-Zemplén","Mezőcsáti",10309.0,5611,2401,47.4979,19.0402,"Átmeneti",JSON_2024,"2025-07-24 14:34:07","2025-07-24 14:34:07",6
1719,"Mezőcsokonya","község",Somogy,"Kaposvári",3078.0,1143,444,47.4979,19.0402,"Átmeneti",JSON_2024,"2025-07-24 14:34:07","2025-07-24 14:34:07",6
1720,"Meződ","község",Baranya,"Hegyháti",1041.0,121,67,47.4979,19.0402,"Átmeneti",JSON_2024,"2025-07-24 14:34:07","2025-07-24 14:34:07",5
1721,"Mezőfalva","nagyközség","Fejér","Dunaújvárosi",8042.0,4474,1843,47.4979,19.0402,"Átmeneti",JSON_2024,"2025-07-24 14:34:07","2025-07-24 14:34:07",6
1722,"Mezőgyán","község","Békés",Sarkadi,5987.0,824,468,47.4979,19.0402,"Átmeneti",JSON_2024,"2025-07-24 14:34:07","2025-07-24 14:34:07",5
1723,"Mezőhegyes","város","Békés","Mezőkovácsházai",15544.0,4286,2833,47.4979,19.0402,"Átmeneti",JSON_2024,"2025-07-24 14:34:07","2025-07-24 14:34:07",6
1724,"Mezőhék","község","Jász-Nagykun-Szolnok","Mezőtúri",8982.0,311,168,47.4979,19.0402,"Átmeneti",JSON_2024,"2025-07-24 14:34:07","2025-07-24 14:34:07",5
1725,"Mezőkeresztes","város","Borsod-Abaúj-Zemplén","Mezőkövesdi",7426.0,3515,1614,47.4979,19.0402,"Átmeneti",JSON_2024,"2025-07-24 14:34:07","2025-07-24 14:34:07",6
1726,"Mezőkomárom","község","Fejér",Enyingi,2905.0,847,401,47.4979,19.0402,"Átmeneti",JSON_2024,"2025-07-24 14:34:07","2025-07-24 14:34:07",5
1727,"Mezőkovácsháza","város","Békés","Mezőkovácsházai",6259.0,5272,2873,47.4979,19.0402,"Átmeneti",JSON_2024,"2025-07-24 14:34:07","2025-07-24 14:34:07",6
1728,"Mezőkövesd","város","Borsod-Abaúj-Zemplén","Mezőkövesdi",10049.0,15541,7642,47.4979,19.0402,"Átmeneti",JSON_2024,"2025-07-24 14:34:07","2025-07-24 14:34:07",7
1729,"Mezőladány","község","Szabolcs-Szatmár-Bereg","Kisvárdai",1407.0,899,338,47.4979,19.0402,"Átmeneti",JSON_2024,"2025-07-24 14:34:07","2025-07-24 14:34:07",5
1730,"Mezőlak","község","Veszprém","Pápai",2157.0,921,391,47.4979,19.0402,"Átmeneti",JSON_2024,"2025-07-24 14:34:07","2025-07-24 14:34:07",5
1731,"Mezőnagymihály","község","Borsod-Abaúj-Zemplén","Mezőkövesdi",6186.0,929,490,47.4979,19.0402,"Átmeneti",JSON_2024,"2025-07-24 14:34:07","2025-07-24 14:34:07",5
1732,"Mezőnyárád","község","Borsod-Abaúj-Zemplén","Mezőkövesdi",1406.0,1527,689,47.4979,19.0402,"Átmeneti",JSON_2024,"2025-07-24 14:34:07","2025-07-24 14:34:07",6
1733,"Mezőörs","község","Győr-Moson-Sopron","Győri",4848.0,956,351,47.4979,19.0402,"Átmeneti",JSON_2024,"2025-07-24 14:34:07","2025-07-24 14:34:07",5
1734,"Mezőpeterd","község","Hajdú-Bihar","Berettyóújfalui",1823.0,521,262,47.4979,19.0402,"Átmeneti",JSON_2024,"2025-07-24 14:34:07","2025-07-24 14:34:07",5
1735,"Mezősas","község","Hajdú-Bihar","Berettyóújfalui",2639.0,588,291,47.4979,19.0402,"Átmeneti",JSON_2024,"2025-07-24 14:34:07","2025-07-24 14:34:07",5
1736,"Mezőszemere","község",Heves,"Füzesabonyi",2148.0,1035,576,47.4979,19.0402,"Átmeneti",JSON_2024,"2025-07-24 14:34:07","2025-07-24 14:34:07",6
1737,"Mezőszentgyörgy","község","Fejér",Enyingi,2712.0,1233,448,47.4979,19.0402,"Átmeneti",JSON_2024,"2025-07-24 14:34:07","2025-07-24 14:34:07",6
1738,"Mezőszilas","község","Fejér","Sárbogárdi",6497.0,2010,809,47.4979,19.0402,"Átmeneti",JSON_2024,"2025-07-24 14:34:07","2025-07-24 14:34:07",6
1739,"Mezőtárkány","község",Heves,"Füzesabonyi",4061.0,1496,656,47.4979,19.0402,"Átmeneti",JSON_2024,"2025-07-24 14:34:07","2025-07-24 14:34:07",6
1740,"Mezőtúr","város","Jász-Nagykun-Szolnok","Mezőtúri",28972.0,15469,7736,47.4979,19.0402,"Átmeneti",JSON_2024,"2025-07-24 14:34:07","2025-07-24 14:34:07",7
1741,"Mezőzombor","község","Borsod-Abaúj-Zemplén",Szerencsi,3879.0,2191,839,47.4979,19.0402,"Átmeneti",JSON_2024,"2025-07-24 14:34:07","2025-07-24 14:34:07",6
1742,"Miháld","község",Zala,Nagykanizsai,2164.0,666,347,47.4979,19.0402,"Átmeneti",JSON_2024,"2025-07-24 14:34:07","2025-07-24 14:34:07",5
1743,"Mihályfa","község",Zala,"Zalaszentgróti",1207.0,351,176,47.4979,19.0402,"Átmeneti",JSON_2024,"2025-07-24 14:34:07","2025-07-24 14:34:07",5
1744,"Mihálygerge","község","Nógrád","Salgótarjáni",1106.0,506,282,47.4979,19.0402,"Átmeneti",JSON_2024,"2025-07-24 14:34:07","2025-07-24 14:34:07",5
1745,"Mihályháza","község","Veszprém","Pápai",2152.0,660,308,47.4979,19.0402,"Átmeneti",JSON_2024,"2025-07-24 14:34:07","2025-07-24 14:34:07",5
1746,"Mihályi","község","Győr-Moson-Sopron","Kapuvári",1628.0,1043,461,47.4979,19.0402,"Átmeneti",JSON_2024,"2025-07-24 14:34:07","2025-07-24 14:34:07",6
1747,Mike,"község",Somogy,"Kaposvári",3241.0,562,243,47.4979,19.0402,"Átmeneti",JSON_2024,"2025-07-24 14:34:07","2025-07-24 14:34:07",5
1748,Mikebuda,"község",Pest,"Ceglédi",4217.0,675,313,47.4979,19.0402,"Átmeneti",JSON_2024,"2025-07-24 14:34:07","2025-07-24 14:34:07",5
1749,"Mikekarácsonyfa","község",Zala,Lenti,850.0,321,138,47.4979,19.0402,"Átmeneti",JSON_2024,"2025-07-24 14:34:07","2025-07-24 14:34:07",5
1750,"Mikepércs","község","Hajdú-Bihar",Derecskei,3693.0,5389,1876,47.4979,19.0402,"Átmeneti",JSON_2024,"2025-07-24 14:34:07","2025-07-24 14:34:07",6
1751,"Miklósi","község",Somogy,Tabi,1047.0,177,123,47.4979,19.0402,"Átmeneti",JSON_2024,"2025-07-24 14:34:07","2025-07-24 14:34:07",5
1752,"Mikófalva","község",Heves,"Bélapátfalvai",1441.0,640,314,47.4979,19.0402,"Átmeneti",JSON_2024,"2025-07-24 14:34:07","2025-07-24 14:34:07",5
1753,"Mikóháza","község","Borsod-Abaúj-Zemplén","Sátoraljaújhelyi",1691.0,500,240,47.4979,19.0402,"Átmeneti",JSON_2024,"2025-07-24 14:34:07","2025-07-24 14:34:07",5
1754,"Mikosszéplak","község",Vas,"Vasvári",1866.0,308,150,47.4979,19.0402,"Átmeneti",JSON_2024,"2025-07-24 14:34:07","2025-07-24 14:34:07",5
1755,Milejszeg,"község",Zala,Zalaegerszegi,908.0,299,144,47.4979,19.0402,"Átmeneti",JSON_2024,"2025-07-24 14:34:07","2025-07-24 14:34:07",5
1756,Milota,"község","Szabolcs-Szatmár-Bereg","Fehérgyarmati",1539.0,883,313,47.4979,19.0402,"Átmeneti",JSON_2024,"2025-07-24 14:34:07","2025-07-24 14:34:07",5
1757,Mindszent,"város","Csongrád-Csanád","Hódmezővásárhelyi",5935.0,6210,3155,47.4979,19.0402,"Átmeneti",JSON_2024,"2025-07-24 14:34:07","2025-07-24 14:34:07",6
1758,Mindszentgodisa,"község",Baranya,"Hegyháti",2297.0,696,343,47.4979,19.0402,"Átmeneti",JSON_2024,"2025-07-24 14:34:07","2025-07-24 14:34:07",5
1759,"Mindszentkálla","község","Veszprém",Tapolcai,1084.0,229,141,47.4979,19.0402,"Átmeneti",JSON_2024,"2025-07-24 14:34:07","2025-07-24 14:34:07",5
1760,Misefa,"község",Zala,Zalaegerszegi,651.0,266,122,47.4979,19.0402,"Átmeneti",JSON_2024,"2025-07-24 14:34:07","2025-07-24 14:34:07",5
1761,Miske,"község","Bács-Kiskun",Kalocsai,4227.0,1548,696,47.4979,19.0402,"Átmeneti",JSON_2024,"2025-07-24 14:34:07","2025-07-24 14:34:07",6
1762,Miskolc,"megyeszékhely, megyei jogú város","Borsod-Abaúj-Zemplén",Miskolci,23667.0,143502,79213,47.4979,19.0402,"Átmeneti",JSON_2024,"2025-07-24 14:34:07","2025-07-24 14:34:07",9
1763,Miszla,"község",Tolna,"Tamási",3472.0,252,176,47.4979,19.0402,"Átmeneti",JSON_2024,"2025-07-24 14:34:07","2025-07-24 14:34:07",5
1764,Mocsa,"község","Komárom-Esztergom","Komáromi",6719.0,2121,826,47.4979,19.0402,"Átmeneti",JSON_2024,"2025-07-24 14:34:07","2025-07-24 14:34:07",6
1765,"Mogyoród","nagyközség",Pest,"Gödöllői",3449.0,8164,3280,47.4979,19.0402,"Átmeneti",JSON_2024,"2025-07-24 14:34:07","2025-07-24 14:34:07",6
1766,"Mogyorósbánya","község","Komárom-Esztergom",Esztergomi,732.0,856,331,47.4979,19.0402,"Átmeneti",JSON_2024,"2025-07-24 14:34:07","2025-07-24 14:34:07",5
1767,"Mogyoróska","község","Borsod-Abaúj-Zemplén","Gönci",1917.0,78,113,47.4979,19.0402,"Átmeneti",JSON_2024,"2025-07-24 14:34:07","2025-07-24 14:34:07",5
1768,Moha,"község","Fejér","Székesfehérvári",988.0,559,259,47.4979,19.0402,"Átmeneti",JSON_2024,"2025-07-24 14:34:07","2025-07-24 14:34:07",5
1769,"Mohács","város",Baranya,"Mohácsi",11223.0,17200,8536,47.4979,19.0402,"Átmeneti",JSON_2024,"2025-07-24 14:34:07","2025-07-24 14:34:07",7
1770,Mohora,"község","Nógrád",Balassagyarmati,1595.0,923,367,47.4979,19.0402,"Átmeneti",JSON_2024,"2025-07-24 14:34:07","2025-07-24 14:34:07",5
1771,"Molnári","község",Zala,Letenyei,1286.0,589,264,47.4979,19.0402,"Átmeneti",JSON_2024,"2025-07-24 14:34:07","2025-07-24 14:34:07",5
1772,"Molnaszecsőd","község",Vas,"Körmendi",1169.0,417,183,47.4979,19.0402,"Átmeneti",JSON_2024,"2025-07-24 14:34:07","2025-07-24 14:34:07",5
1773,"Molvány","község",Baranya,"Szigetvári",1376.0,158,82,47.4979,19.0402,"Átmeneti",JSON_2024,"2025-07-24 14:34:07","2025-07-24 14:34:07",5
1774,Monaj,"község","Borsod-Abaúj-Zemplén","Szikszói",1153.0,242,99,47.4979,19.0402,"Átmeneti",JSON_2024,"2025-07-24 14:34:07","2025-07-24 14:34:07",5
1775,Monok,"község","Borsod-Abaúj-Zemplén",Szerencsi,4196.0,1407,766,47.4979,19.0402,"Átmeneti",JSON_2024,"2025-07-24 14:34:07","2025-07-24 14:34:07",6
1776,Monor,"város",Pest,Monori,4679.0,19743,7021,47.4979,19.0402,"Átmeneti",JSON_2024,"2025-07-24 14:34:07","2025-07-24 14:34:07",7
1777,"Monorierdő","község",Pest,Monori,1507.0,5137,1909,47.4979,19.0402,"Átmeneti",JSON_2024,"2025-07-24 14:34:07","2025-07-24 14:34:07",6
1778,"Mónosbél","község",Heves,"Bélapátfalvai",1378.0,403,143,47.4979,19.0402,"Átmeneti",JSON_2024,"2025-07-24 14:34:07","2025-07-24 14:34:07",5
1779,"Monostorapáti","község","Veszprém",Tapolcai,2554.0,1074,487,47.4979,19.0402,"Átmeneti",JSON_2024,"2025-07-24 14:34:07","2025-07-24 14:34:07",6
1780,"Monostorpályi","község","Hajdú-Bihar",Derecskei,4444.0,2114,943,47.4979,19.0402,"Átmeneti",JSON_2024,"2025-07-24 14:34:07","2025-07-24 14:34:07",6
1781,"Monoszló","község","Veszprém","Balatonfüredi",746.0,106,64,47.4979,19.0402,"Átmeneti",JSON_2024,"2025-07-24 14:34:07","2025-07-24 14:34:07",5
1782,"Monyoród","község",Baranya,"Bólyi",712.0,169,93,47.4979,19.0402,"Átmeneti",JSON_2024,"2025-07-24 14:34:07","2025-07-24 14:34:07",5
1783,"Mór","város","Fejér","Móri",10861.0,13509,5755,47.4979,19.0402,"Átmeneti",JSON_2024,"2025-07-24 14:34:07","2025-07-24 14:34:07",7
1784,"Mórágy","község",Tolna,"Bonyhádi",1761.0,649,296,47.4979,19.0402,"Átmeneti",JSON_2024,"2025-07-24 14:34:07","2025-07-24 14:34:07",5
1785,"Mórahalom","város","Csongrád-Csanád","Mórahalmi",8315.0,6341,2842,47.4979,19.0402,"Átmeneti",JSON_2024,"2025-07-24 14:34:07","2025-07-24 14:34:07",6
1786,"Móricgát","község","Bács-Kiskun",Kiskunmajsai,3289.0,400,289,47.4979,19.0402,"Átmeneti",JSON_2024,"2025-07-24 14:34:07","2025-07-24 14:34:07",5
1787,"Mórichida","község","Győr-Moson-Sopron","Téti",3230.0,807,351,47.4979,19.0402,"Átmeneti",JSON_2024,"2025-07-24 14:34:07","2025-07-24 14:34:07",5
1788,"Mosdós","község",Somogy,"Kaposvári",1695.0,862,324,47.4979,19.0402,"Átmeneti",JSON_2024,"2025-07-24 14:34:07","2025-07-24 14:34:07",5
1789,"Mosonmagyaróvár","város","Győr-Moson-Sopron","Mosonmagyaróvári",8379.0,34165,16575,47.4979,19.0402,"Átmeneti",JSON_2024,"2025-07-24 14:34:07","2025-07-24 14:34:07",7
1790,"Mosonszentmiklós","község","Győr-Moson-Sopron","Győri",3071.0,2637,1013,47.4979,19.0402,"Átmeneti",JSON_2024,"2025-07-24 14:34:07","2025-07-24 14:34:07",6
1791,Mosonszolnok,"község","Győr-Moson-Sopron","Mosonmagyaróvári",4392.0,1873,649,47.4979,19.0402,"Átmeneti",JSON_2024,"2025-07-24 14:34:07","2025-07-24 14:34:07",6
1792,Mosonudvar,"község","Győr-Moson-Sopron","Mosonmagyaróvári",157.0,384,155,47.4979,19.0402,"Átmeneti",JSON_2024,"2025-07-24 14:34:07","2025-07-24 14:34:07",5
1793,"Mozsgó","község",Baranya,"Szigetvári",2176.0,866,337,47.4979,19.0402,"Átmeneti",JSON_2024,"2025-07-24 14:34:07","2025-07-24 14:34:07",5
1794,"Mőcsény","község",Tolna,"Bonyhádi",1214.0,327,143,47.4979,19.0402,"Átmeneti",JSON_2024,"2025-07-24 14:34:07","2025-07-24 14:34:07",5
1795,Mucsfa,"község",Tolna,"Bonyhádi",1275.0,289,148,47.4979,19.0402,"Átmeneti",JSON_2024,"2025-07-24 14:34:07","2025-07-24 14:34:07",5
1796,Mucsi,"község",Tolna,"Tamási",2476.0,419,199,47.4979,19.0402,"Átmeneti",JSON_2024,"2025-07-24 14:34:07","2025-07-24 14:34:07",5
1797,"Múcsony","nagyközség","Borsod-Abaúj-Zemplén",Kazincbarcikai,1755.0,2685,1186,47.4979,19.0402,"Átmeneti",JSON_2024,"2025-07-24 14:34:07","2025-07-24 14:34:07",6
1798,Muhi,"község","Borsod-Abaúj-Zemplén","Tiszaújvárosi",962.0,481,206,47.4979,19.0402,"Átmeneti",JSON_2024,"2025-07-24 14:34:07","2025-07-24 14:34:07",5
1799,"Murakeresztúr","község",Zala,Nagykanizsai,1172.0,1511,686,47.4979,19.0402,"Átmeneti",JSON_2024,"2025-07-24 14:34:07","2025-07-24 14:34:07",6
1800,"Murarátka","község",Zala,Letenyei,1204.0,229,128,47.4979,19.0402,"Átmeneti",JSON_2024,"2025-07-24 14:34:07","2025-07-24 14:34:07",5
1801,Muraszemenye,"község",Zala,Letenyei,1615.0,488,271,47.4979,19.0402,"Átmeneti",JSON_2024,"2025-07-24 14:34:07","2025-07-24 14:34:07",5
1802,Murga,"község",Tolna,"Bonyhádi",659.0,41,49,47.4979,19.0402,"Átmeneti",JSON_2024,"2025-07-24 14:34:07","2025-07-24 14:34:07",5
1803,Murony,"község","Békés","Békési",3568.0,1094,546,47.4979,19.0402,"Átmeneti",JSON_2024,"2025-07-24 14:34:07","2025-07-24 14:34:07",6
1804,"Nábrád","község","Szabolcs-Szatmár-Bereg","Fehérgyarmati",1763.0,859,366,47.4979,19.0402,"Átmeneti",JSON_2024,"2025-07-24 14:34:07","2025-07-24 14:34:07",5
1805,Nadap,"község","Fejér","Gárdonyi",693.0,797,320,47.4979,19.0402,"Átmeneti",JSON_2024,"2025-07-24 14:34:07","2025-07-24 14:34:07",5
1806,"Nádasd","község",Vas,"Körmendi",3560.0,1310,599,47.4979,19.0402,"Átmeneti",JSON_2024,"2025-07-24 14:34:07","2025-07-24 14:34:07",6
1807,"Nádasdladány","község","Fejér","Székesfehérvári",2635.0,1652,625,47.4979,19.0402,"Átmeneti",JSON_2024,"2025-07-24 14:34:07","2025-07-24 14:34:07",6
1808,"Nádudvar","város","Hajdú-Bihar","Hajdúszoboszlói",22591.0,8066,3626,47.4979,19.0402,"Átmeneti",JSON_2024,"2025-07-24 14:34:07","2025-07-24 14:34:07",6
1809,"Nágocs","község",Somogy,Tabi,2226.0,587,263,47.4979,19.0402,"Átmeneti",JSON_2024,"2025-07-24 14:34:07","2025-07-24 14:34:07",5
1810,"Nagyacsád","község","Veszprém","Pápai",1395.0,594,251,47.4979,19.0402,"Átmeneti",JSON_2024,"2025-07-24 14:34:07","2025-07-24 14:34:07",5
1811,"Nagyalásony","község","Veszprém",Devecseri,1401.0,495,203,47.4979,19.0402,"Átmeneti",JSON_2024,"2025-07-24 14:34:07","2025-07-24 14:34:07",5
1812,Nagyar,"község","Szabolcs-Szatmár-Bereg","Fehérgyarmati",1599.0,613,279,47.4979,19.0402,"Átmeneti",JSON_2024,"2025-07-24 14:34:07","2025-07-24 14:34:07",5
1813,"Nagyatád","város",Somogy,"Nagyatádi",7060.0,9333,4868,47.4979,19.0402,"Átmeneti",JSON_2024,"2025-07-24 14:34:07","2025-07-24 14:34:07",6
1814,Nagybajcs,"község","Győr-Moson-Sopron","Győri",765.0,1228,468,47.4979,19.0402,"Átmeneti",JSON_2024,"2025-07-24 14:34:07","2025-07-24 14:34:07",6
1815,Nagybajom,"város",Somogy,"Kaposvári",10806.0,3176,1128,47.4979,19.0402,"Átmeneti",JSON_2024,"2025-07-24 14:34:07","2025-07-24 14:34:07",6
1816,"Nagybakónak","község",Zala,Nagykanizsai,1794.0,374,213,47.4979,19.0402,"Átmeneti",JSON_2024,"2025-07-24 14:34:07","2025-07-24 14:34:07",5
1817,"Nagybánhegyes","község","Békés","Mezőkovácsházai",4224.0,1021,778,47.4979,19.0402,"Átmeneti",JSON_2024,"2025-07-24 14:34:07","2025-07-24 14:34:07",6
1818,Nagybaracska,"község","Bács-Kiskun",Bajai,3795.0,1981,1009,47.4979,19.0402,"Átmeneti",JSON_2024,"2025-07-24 14:34:07","2025-07-24 14:34:07",6
1819,Nagybarca,"község","Borsod-Abaúj-Zemplén",Kazincbarcikai,1439.0,865,354,47.4979,19.0402,"Átmeneti",JSON_2024,"2025-07-24 14:34:07","2025-07-24 14:34:07",5
1820,"Nagybárkány","község","Nógrád","Salgótarjáni",884.0,640,242,47.4979,19.0402,"Átmeneti",JSON_2024,"2025-07-24 14:34:07","2025-07-24 14:34:07",5
1821,"Nagyberény","község",Somogy,"Siófoki",2314.0,1284,594,47.4979,19.0402,"Átmeneti",JSON_2024,"2025-07-24 14:34:07","2025-07-24 14:34:07",6
1822,Nagyberki,"község",Somogy,"Kaposvári",2174.0,1299,506,47.4979,19.0402,"Átmeneti",JSON_2024,"2025-07-24 14:34:07","2025-07-24 14:34:07",6
1823,"Nagybörzsöny","község",Pest,Szobi,5065.0,562,358,47.4979,19.0402,"Átmeneti",JSON_2024,"2025-07-24 14:34:07","2025-07-24 14:34:07",5
1824,"Nagybudmér","község",Baranya,"Bólyi",1022.0,158,78,47.4979,19.0402,"Átmeneti",JSON_2024,"2025-07-24 14:34:07","2025-07-24 14:34:07",5
1825,Nagycenk,"nagyközség","Győr-Moson-Sopron",Soproni,1945.0,2763,1067,47.4979,19.0402,"Átmeneti",JSON_2024,"2025-07-24 14:34:07","2025-07-24 14:34:07",6
1826,"Nagycsány","község",Baranya,Sellyei,565.0,130,43,47.4979,19.0402,"Átmeneti",JSON_2024,"2025-07-24 14:34:07","2025-07-24 14:34:07",5
1827,"Nagycsécs","község","Borsod-Abaúj-Zemplén","Tiszaújvárosi",983.0,748,283,47.4979,19.0402,"Átmeneti",JSON_2024,"2025-07-24 14:34:07","2025-07-24 14:34:07",5
1828,Nagycsepely,"község",Somogy,"Siófoki",1980.0,363,185,47.4979,19.0402,"Átmeneti",JSON_2024,"2025-07-24 14:34:07","2025-07-24 14:34:07",5
1829,Nagycserkesz,"község","Szabolcs-Szatmár-Bereg","Nyíregyházi",4147.0,1530,642,47.4979,19.0402,"Átmeneti",JSON_2024,"2025-07-24 14:34:07","2025-07-24 14:34:07",6
1830,"Nagydém","község","Veszprém","Pápai",1332.0,338,167,47.4979,19.0402,"Átmeneti",JSON_2024,"2025-07-24 14:34:07","2025-07-24 14:34:07",5
1831,Nagydobos,"község","Szabolcs-Szatmár-Bereg","Mátészalkai",2693.0,2053,735,47.4979,19.0402,"Átmeneti",JSON_2024,"2025-07-24 14:34:07","2025-07-24 14:34:07",6
1832,Nagydobsza,"község",Baranya,"Szigetvári",1323.0,525,227,47.4979,19.0402,"Átmeneti",JSON_2024,"2025-07-24 14:34:07","2025-07-24 14:34:07",5
1833,Nagydorog,"nagyközség",Tolna,Paksi,4144.0,2445,1065,47.4979,19.0402,"Átmeneti",JSON_2024,"2025-07-24 14:34:07","2025-07-24 14:34:07",6
1834,Nagyecsed,"város","Szabolcs-Szatmár-Bereg","Mátészalkai",4385.0,5953,2291,47.4979,19.0402,"Átmeneti",JSON_2024,"2025-07-24 14:34:07","2025-07-24 14:34:07",6
1835,"Nagyér","község","Csongrád-Csanád","Makói",1229.0,462,239,47.4979,19.0402,"Átmeneti",JSON_2024,"2025-07-24 14:34:07","2025-07-24 14:34:07",5
1836,"Nagyesztergár","község","Veszprém",Zirci,1829.0,1105,403,47.4979,19.0402,"Átmeneti",JSON_2024,"2025-07-24 14:34:07","2025-07-24 14:34:07",6
1837,"Nagyfüged","község",Heves,"Gyöngyösi",2751.0,1750,694,47.4979,19.0402,"Átmeneti",JSON_2024,"2025-07-24 14:34:07","2025-07-24 14:34:07",6
1838,Nagygeresd,"község",Vas,"Sárvári",940.0,255,144,47.4979,19.0402,"Átmeneti",JSON_2024,"2025-07-24 14:34:07","2025-07-24 14:34:07",5
1839,"Nagygörbő","község",Zala,"Zalaszentgróti",745.0,184,99,47.4979,19.0402,"Átmeneti",JSON_2024,"2025-07-24 14:34:07","2025-07-24 14:34:07",5
1840,"Nagygyimót","község","Veszprém","Pápai",2344.0,518,251,47.4979,19.0402,"Átmeneti",JSON_2024,"2025-07-24 14:34:07","2025-07-24 14:34:07",5
1841,"Nagyhajmás","község",Baranya,"Hegyháti",1801.0,272,131,47.4979,19.0402,"Átmeneti",JSON_2024,"2025-07-24 14:34:07","2025-07-24 14:34:07",5
1842,"Nagyhalász","város","Szabolcs-Szatmár-Bereg","Ibrányi",4430.0,5311,1950,47.4979,19.0402,"Átmeneti",JSON_2024,"2025-07-24 14:34:07","2025-07-24 14:34:07",6
1843,"Nagyharsány","község",Baranya,"Siklósi",2601.0,1336,516,47.4979,19.0402,"Átmeneti",JSON_2024,"2025-07-24 14:34:07","2025-07-24 14:34:07",6
1844,Nagyhegyes,"község","Hajdú-Bihar","Hajdúszoboszlói",13277.0,2884,1111,47.4979,19.0402,"Átmeneti",JSON_2024,"2025-07-24 14:34:07","2025-07-24 14:34:07",6
1845,"Nagyhódos","község","Szabolcs-Szatmár-Bereg","Fehérgyarmati",764.0,110,84,47.4979,19.0402,"Átmeneti",JSON_2024,"2025-07-24 14:34:07","2025-07-24 14:34:07",5
1846,Nagyhuta,"község","Borsod-Abaúj-Zemplén","Sátoraljaújhelyi",3506.0,78,36,47.4979,19.0402,"Átmeneti",JSON_2024,"2025-07-24 14:34:07","2025-07-24 14:34:07",5
1847,"Nagyigmánd","nagyközség","Komárom-Esztergom","Komáromi",5135.0,2696,1158,47.4979,19.0402,"Átmeneti",JSON_2024,"2025-07-24 14:34:07","2025-07-24 14:34:07",6
1848,"Nagyiván","község","Jász-Nagykun-Szolnok","Tiszafüredi",4316.0,1018,493,47.4979,19.0402,"Átmeneti",JSON_2024,"2025-07-24 14:34:07","2025-07-24 14:34:07",6
1849,"Nagykálló","város","Szabolcs-Szatmár-Bereg","Nagykállói",6851.0,9033,3632,47.4979,19.0402,"Átmeneti",JSON_2024,"2025-07-24 14:34:07","2025-07-24 14:34:07",6
1850,"Nagykamarás","község","Békés","Mezőkovácsházai",4310.0,1089,782,47.4979,19.0402,"Átmeneti",JSON_2024,"2025-07-24 14:34:07","2025-07-24 14:34:07",6
1851,Nagykanizsa,"megyei jogú város",Zala,Nagykanizsai,14840.0,42502,23490,47.4979,19.0402,"Átmeneti",JSON_2024,"2025-07-24 14:34:07","2025-07-24 14:34:07",8
1852,Nagykapornak,"község",Zala,Zalaegerszegi,2441.0,907,373,47.4979,19.0402,"Átmeneti",JSON_2024,"2025-07-24 14:34:07","2025-07-24 14:34:07",5
1853,"Nagykarácsony","község","Fejér","Dunaújvárosi",3046.0,1295,592,47.4979,19.0402,"Átmeneti",JSON_2024,"2025-07-24 14:34:07","2025-07-24 14:34:07",6
1854,"Nagykáta","város",Pest,"Nagykátai",8161.0,11855,4945,47.4979,19.0402,"Átmeneti",JSON_2024,"2025-07-24 14:34:07","2025-07-24 14:34:07",7
1855,Nagykereki,"község","Hajdú-Bihar","Berettyóújfalui",3727.0,1108,470,47.4979,19.0402,"Átmeneti",JSON_2024,"2025-07-24 14:34:07","2025-07-24 14:34:07",6
1856,"Nagykeresztúr","község","Nógrád","Salgótarjáni",820.0,230,102,47.4979,19.0402,"Átmeneti",JSON_2024,"2025-07-24 14:34:07","2025-07-24 14:34:07",5
1857,Nagykinizs,"község","Borsod-Abaúj-Zemplén","Szikszói",658.0,304,122,47.4979,19.0402,"Átmeneti",JSON_2024,"2025-07-24 14:34:07","2025-07-24 14:34:07",5
1858,"Nagykónyi","község",Tolna,"Tamási",4788.0,957,496,47.4979,19.0402,"Átmeneti",JSON_2024,"2025-07-24 14:34:07","2025-07-24 14:34:07",5
1859,"Nagykorpád","község",Somogy,"Nagyatádi",3342.0,496,219,47.4979,19.0402,"Átmeneti",JSON_2024,"2025-07-24 14:34:07","2025-07-24 14:34:07",5
1860,"Nagykovácsi","nagyközség",Pest,Budakeszi,2767.0,8809,3081,47.4979,19.0402,"Átmeneti",JSON_2024,"2025-07-24 14:34:07","2025-07-24 14:34:07",6
1861,"Nagykozár","község",Baranya,"Pécsi",1146.0,1998,709,47.4979,19.0402,"Átmeneti",JSON_2024,"2025-07-24 14:34:07","2025-07-24 14:34:07",6
1862,"Nagykökényes","község",Heves,Hatvani,1728.0,542,262,47.4979,19.0402,"Átmeneti",JSON_2024,"2025-07-24 14:34:07","2025-07-24 14:34:07",5
1863,"Nagykölked","község",Vas,"Körmendi",978.0,171,70,47.4979,19.0402,"Átmeneti",JSON_2024,"2025-07-24 14:34:07","2025-07-24 14:34:07",5
1864,"Nagykőrös","város",Pest,"Nagykőrösi",22794.0,23016,10730,47.4979,19.0402,"Átmeneti",JSON_2024,"2025-07-24 14:34:07","2025-07-24 14:34:07",7
1865,"Nagykörű","község","Jász-Nagykun-Szolnok",Szolnoki,4281.0,1559,919,47.4979,19.0402,"Átmeneti",JSON_2024,"2025-07-24 14:34:07","2025-07-24 14:34:07",6
1866,Nagykutas,"község",Zala,Zalaegerszegi,845.0,453,182,47.4979,19.0402,"Átmeneti",JSON_2024,"2025-07-24 14:34:07","2025-07-24 14:34:07",5
1867,Nagylak,"község","Csongrád-Csanád","Makói",469.0,362,297,47.4979,19.0402,"Átmeneti",JSON_2024,"2025-07-24 14:34:07","2025-07-24 14:34:07",5
1868,Nagylengyel,"község",Zala,Zalaegerszegi,1024.0,506,205,47.4979,19.0402,"Átmeneti",JSON_2024,"2025-07-24 14:34:07","2025-07-24 14:34:07",5
1869,"Nagylóc","község","Nógrád","Szécsényi",3912.0,1429,683,47.4979,19.0402,"Átmeneti",JSON_2024,"2025-07-24 14:34:07","2025-07-24 14:34:07",6
1870,"Nagylók","község","Fejér","Sárbogárdi",3244.0,987,457,47.4979,19.0402,"Átmeneti",JSON_2024,"2025-07-24 14:34:07","2025-07-24 14:34:07",5
1871,"Nagylózs","község","Győr-Moson-Sopron",Soproni,1924.0,952,324,47.4979,19.0402,"Átmeneti",JSON_2024,"2025-07-24 14:34:07","2025-07-24 14:34:07",5
1872,"Nagymágocs","nagyközség","Csongrád-Csanád",Szentesi,7509.0,2677,1234,47.4979,19.0402,"Átmeneti",JSON_2024,"2025-07-24 14:34:07","2025-07-24 14:34:07",6
1873,"Nagymányok","város",Tolna,"Bonyhádi",1068.0,2118,915,47.4979,19.0402,"Átmeneti",JSON_2024,"2025-07-24 14:34:07","2025-07-24 14:34:07",6
1874,Nagymaros,"város",Pest,Szobi,3437.0,5052,2302,47.4979,19.0402,"Átmeneti",JSON_2024,"2025-07-24 14:34:07","2025-07-24 14:34:07",6
1875,"Nagymizdó","község",Vas,"Körmendi",676.0,114,71,47.4979,19.0402,"Átmeneti",JSON_2024,"2025-07-24 14:34:07","2025-07-24 14:34:07",5
1876,"Nagynyárád","község",Baranya,"Mohácsi",2434.0,622,315,47.4979,19.0402,"Átmeneti",JSON_2024,"2025-07-24 14:34:07","2025-07-24 14:34:07",5
1877,Nagyoroszi,"község","Nógrád","Rétsági",4003.0,1894,840,47.4979,19.0402,"Átmeneti",JSON_2024,"2025-07-24 14:34:07","2025-07-24 14:34:07",6
1878,"Nagypáli","község",Zala,Zalaegerszegi,632.0,569,212,47.4979,19.0402,"Átmeneti",JSON_2024,"2025-07-24 14:34:07","2025-07-24 14:34:07",5
1879,Nagypall,"község",Baranya,"Pécsváradi",713.0,345,149,47.4979,19.0402,"Átmeneti",JSON_2024,"2025-07-24 14:34:07","2025-07-24 14:34:07",5
1880,Nagypeterd,"község",Baranya,"Szigetvári",1163.0,644,249,47.4979,19.0402,"Átmeneti",JSON_2024,"2025-07-24 14:34:07","2025-07-24 14:34:07",5
1881,Nagypirit,"község","Veszprém",Devecseri,1016.0,221,153,47.4979,19.0402,"Átmeneti",JSON_2024,"2025-07-24 14:34:07","2025-07-24 14:34:07",5
1882,"Nagyrábé","nagyközség","Hajdú-Bihar","Püspökladányi",8542.0,1861,925,47.4979,19.0402,"Átmeneti",JSON_2024,"2025-07-24 14:34:07","2025-07-24 14:34:07",6
1883,Nagyrada,"község",Zala,Nagykanizsai,1285.0,425,202,47.4979,19.0402,"Átmeneti",JSON_2024,"2025-07-24 14:34:07","2025-07-24 14:34:07",5
1884,"Nagyrákos","község",Vas,"Körmendi",1611.0,253,140,47.4979,19.0402,"Átmeneti",JSON_2024,"2025-07-24 14:34:07","2025-07-24 14:34:07",5
1885,"Nagyrécse","község",Zala,Nagykanizsai,2699.0,1118,436,47.4979,19.0402,"Átmeneti",JSON_2024,"2025-07-24 14:34:07","2025-07-24 14:34:07",6
1886,"Nagyréde","nagyközség",Heves,"Gyöngyösi",3434.0,3100,1260,47.4979,19.0402,"Átmeneti",JSON_2024,"2025-07-24 14:34:07","2025-07-24 14:34:07",6
1887,"Nagyrév","község","Jász-Nagykun-Szolnok","Kunszentmártoni",2979.0,593,378,47.4979,19.0402,"Átmeneti",JSON_2024,"2025-07-24 14:34:07","2025-07-24 14:34:07",5
1888,"Nagyrozvágy","község","Borsod-Abaúj-Zemplén","Cigándi",2681.0,592,274,47.4979,19.0402,"Átmeneti",JSON_2024,"2025-07-24 14:34:07","2025-07-24 14:34:07",5
1889,"Nagysáp","község","Komárom-Esztergom",Esztergomi,2478.0,1414,491,47.4979,19.0402,"Átmeneti",JSON_2024,"2025-07-24 14:34:07","2025-07-24 14:34:07",6
1890,Nagysimonyi,"község",Vas,"Celldömölki",1567.0,915,421,47.4979,19.0402,"Átmeneti",JSON_2024,"2025-07-24 14:34:07","2025-07-24 14:34:07",5
1891,"Nagyszakácsi","község",Somogy,Marcali,2137.0,456,266,47.4979,19.0402,"Átmeneti",JSON_2024,"2025-07-24 14:34:07","2025-07-24 14:34:07",5
1892,"Nagyszékely","község",Tolna,"Tamási",3671.0,367,229,47.4979,19.0402,"Átmeneti",JSON_2024,"2025-07-24 14:34:07","2025-07-24 14:34:07",5
1893,Nagyszekeres,"község","Szabolcs-Szatmár-Bereg","Fehérgyarmati",1051.0,456,200,47.4979,19.0402,"Átmeneti",JSON_2024,"2025-07-24 14:34:07","2025-07-24 14:34:07",5
1894,"Nagyszénás","nagyközség","Békés","Orosházi",9556.0,4319,2280,47.4979,19.0402,"Átmeneti",JSON_2024,"2025-07-24 14:34:07","2025-07-24 14:34:07",6
1895,"Nagyszentjános","község","Győr-Moson-Sopron","Győri",3030.0,1970,734,47.4979,19.0402,"Átmeneti",JSON_2024,"2025-07-24 14:34:07","2025-07-24 14:34:07",6
1896,Nagyszokoly,"község",Tolna,"Tamási",2799.0,861,415,47.4979,19.0402,"Átmeneti",JSON_2024,"2025-07-24 14:34:07","2025-07-24 14:34:07",5
1897,"Nagytálya","község",Heves,Egri,1319.0,894,356,47.4979,19.0402,"Átmeneti",JSON_2024,"2025-07-24 14:34:07","2025-07-24 14:34:07",5
1898,Nagytarcsa,"község",Pest,"Gödöllői",1214.0,6569,2430,47.4979,19.0402,"Átmeneti",JSON_2024,"2025-07-24 14:34:07","2025-07-24 14:34:07",6
1899,Nagytevel,"község","Veszprém","Pápai",1441.0,519,220,47.4979,19.0402,"Átmeneti",JSON_2024,"2025-07-24 14:34:07","2025-07-24 14:34:07",5
1900,Nagytilaj,"község",Vas,"Vasvári",1566.0,149,132,47.4979,19.0402,"Átmeneti",JSON_2024,"2025-07-24 14:34:07","2025-07-24 14:34:07",5
1901,"Nagytótfalu","község",Baranya,"Siklósi",1117.0,303,129,47.4979,19.0402,"Átmeneti",JSON_2024,"2025-07-24 14:34:07","2025-07-24 14:34:07",5
1902,"Nagytőke","község","Csongrád-Csanád",Szentesi,5468.0,365,222,47.4979,19.0402,"Átmeneti",JSON_2024,"2025-07-24 14:34:07","2025-07-24 14:34:07",5
1903,"Nagyút","község",Heves,"Füzesabonyi",1894.0,662,338,47.4979,19.0402,"Átmeneti",JSON_2024,"2025-07-24 14:34:07","2025-07-24 14:34:07",5
1904,"Nagyvarsány","község","Szabolcs-Szatmár-Bereg","Vásárosnaményi",1255.0,1276,541,47.4979,19.0402,"Átmeneti",JSON_2024,"2025-07-24 14:34:07","2025-07-24 14:34:07",6
1905,"Nagyváty","község",Baranya,"Szigetvári",1267.0,290,130,47.4979,19.0402,"Átmeneti",JSON_2024,"2025-07-24 14:34:07","2025-07-24 14:34:07",5
1906,"Nagyvázsony","község","Veszprém","Veszprémi",7629.0,1677,675,47.4979,19.0402,"Átmeneti",JSON_2024,"2025-07-24 14:34:07","2025-07-24 14:34:07",6
1907,Nagyvejke,"község",Tolna,"Bonyhádi",777.0,154,93,47.4979,19.0402,"Átmeneti",JSON_2024,"2025-07-24 14:34:07","2025-07-24 14:34:07",5
1908,Nagyveleg,"község","Fejér","Móri",1317.0,649,275,47.4979,19.0402,"Átmeneti",JSON_2024,"2025-07-24 14:34:07","2025-07-24 14:34:07",5
1909,Nagyvenyim,"nagyközség","Fejér","Dunaújvárosi",4368.0,4285,1592,47.4979,19.0402,"Átmeneti",JSON_2024,"2025-07-24 14:34:07","2025-07-24 14:34:07",6
1910,"Nagyvisnyó","község",Heves,"Bélapátfalvai",4302.0,819,496,47.4979,19.0402,"Átmeneti",JSON_2024,"2025-07-24 14:34:07","2025-07-24 14:34:07",5
1911,Nak,"község",Tolna,"Dombóvári",2778.0,452,271,47.4979,19.0402,"Átmeneti",JSON_2024,"2025-07-24 14:34:07","2025-07-24 14:34:07",5
1912,Napkor,"nagyközség","Szabolcs-Szatmár-Bereg","Nyíregyházi",3735.0,3554,1342,47.4979,19.0402,"Átmeneti",JSON_2024,"2025-07-24 14:34:07","2025-07-24 14:34:07",6
1913,"Nárai","község",Vas,Szombathelyi,1599.0,1527,535,47.4979,19.0402,"Átmeneti",JSON_2024,"2025-07-24 14:34:07","2025-07-24 14:34:07",6
1914,Narda,"község",Vas,Szombathelyi,1035.0,496,200,47.4979,19.0402,"Átmeneti",JSON_2024,"2025-07-24 14:34:07","2025-07-24 14:34:07",5
1915,"Naszály","község","Komárom-Esztergom",Tatai,3022.0,2352,898,47.4979,19.0402,"Átmeneti",JSON_2024,"2025-07-24 14:34:07","2025-07-24 14:34:07",6
1916,"Négyes","község","Borsod-Abaúj-Zemplén","Mezőkövesdi",1732.0,252,219,47.4979,19.0402,"Átmeneti",JSON_2024,"2025-07-24 14:34:07","2025-07-24 14:34:07",5
1917,"Nekézseny","község","Borsod-Abaúj-Zemplén","Ózdi",1410.0,609,330,47.4979,19.0402,"Átmeneti",JSON_2024,"2025-07-24 14:34:07","2025-07-24 14:34:07",5
1918,"Nemesapáti","község",Zala,Zalaegerszegi,1037.0,471,218,47.4979,19.0402,"Átmeneti",JSON_2024,"2025-07-24 14:34:07","2025-07-24 14:34:07",5
1919,Nemesbikk,"község","Borsod-Abaúj-Zemplén","Tiszaújvárosi",2410.0,897,371,47.4979,19.0402,"Átmeneti",JSON_2024,"2025-07-24 14:34:07","2025-07-24 14:34:07",5
1920,Nemesborzova,"község","Szabolcs-Szatmár-Bereg","Fehérgyarmati",220.0,106,41,47.4979,19.0402,"Átmeneti",JSON_2024,"2025-07-24 14:34:07","2025-07-24 14:34:07",5
1921,"Nemesbőd","község",Vas,Szombathelyi,914.0,645,253,47.4979,19.0402,"Átmeneti",JSON_2024,"2025-07-24 14:34:07","2025-07-24 14:34:07",5
1922,"Nemesbük","község",Zala,Keszthelyi,998.0,730,421,47.4979,19.0402,"Átmeneti",JSON_2024,"2025-07-24 14:34:07","2025-07-24 14:34:07",5
1923,"Nemescsó","község",Vas,"Kőszegi",738.0,306,124,47.4979,19.0402,"Átmeneti",JSON_2024,"2025-07-24 14:34:07","2025-07-24 14:34:07",5
1924,"Nemesdéd","község",Somogy,Marcali,2661.0,818,313,47.4979,19.0402,"Átmeneti",JSON_2024,"2025-07-24 14:34:07","2025-07-24 14:34:07",5
1925,"Nemesgörzsöny","község","Veszprém","Pápai",1925.0,621,297,47.4979,19.0402,"Átmeneti",JSON_2024,"2025-07-24 14:34:07","2025-07-24 14:34:07",5
1926,"Nemesgulács","község","Veszprém",Tapolcai,835.0,939,382,47.4979,19.0402,"Átmeneti",JSON_2024,"2025-07-24 14:34:07","2025-07-24 14:34:07",5
1927,Nemeshany,"község","Veszprém","Sümegi",1049.0,336,160,47.4979,19.0402,"Átmeneti",JSON_2024,"2025-07-24 14:34:07","2025-07-24 14:34:07",5
1928,"Nemeshetés","község",Zala,Zalaegerszegi,661.0,280,196,47.4979,19.0402,"Átmeneti",JSON_2024,"2025-07-24 14:34:07","2025-07-24 14:34:07",5
1929,Nemeske,"község",Baranya,"Szigetvári",1057.0,209,109,47.4979,19.0402,"Átmeneti",JSON_2024,"2025-07-24 14:34:07","2025-07-24 14:34:07",5
1930,"Nemeskér","község","Győr-Moson-Sopron",Soproni,642.0,196,98,47.4979,19.0402,"Átmeneti",JSON_2024,"2025-07-24 14:34:07","2025-07-24 14:34:07",5
1931,"Nemeskeresztúr","község",Vas,"Celldömölki",1217.0,275,157,47.4979,19.0402,"Átmeneti",JSON_2024,"2025-07-24 14:34:07","2025-07-24 14:34:07",5
1932,Nemeskisfalud,"község",Somogy,Marcali,282.0,137,42,47.4979,19.0402,"Átmeneti",JSON_2024,"2025-07-24 14:34:07","2025-07-24 14:34:07",5
1933,Nemeskocs,"község",Vas,"Celldömölki",793.0,322,145,47.4979,19.0402,"Átmeneti",JSON_2024,"2025-07-24 14:34:07","2025-07-24 14:34:07",5
1934,Nemeskolta,"község",Vas,Szombathelyi,734.0,358,139,47.4979,19.0402,"Átmeneti",JSON_2024,"2025-07-24 14:34:07","2025-07-24 14:34:07",5
1935,"Nemesládony","község",Vas,"Sárvári",567.0,154,95,47.4979,19.0402,"Átmeneti",JSON_2024,"2025-07-24 14:34:07","2025-07-24 14:34:07",5
1936,Nemesmedves,"község",Vas,"Szentgotthárdi",474.0,23,15,47.4979,19.0402,"Átmeneti",JSON_2024,"2025-07-24 14:34:07","2025-07-24 14:34:07",5
1937,"Nemesnádudvar","község","Bács-Kiskun",Bajai,5878.0,1621,731,47.4979,19.0402,"Átmeneti",JSON_2024,"2025-07-24 14:34:07","2025-07-24 14:34:07",6
1938,"Nemesnép","község",Zala,Lenti,972.0,113,72,47.4979,19.0402,"Átmeneti",JSON_2024,"2025-07-24 14:34:07","2025-07-24 14:34:07",5
1939,"Nemespátró","község",Zala,Nagykanizsai,1225.0,241,149,47.4979,19.0402,"Átmeneti",JSON_2024,"2025-07-24 14:34:07","2025-07-24 14:34:07",5
1940,"Nemesrádó","község",Zala,Zalaegerszegi,1402.0,305,174,47.4979,19.0402,"Átmeneti",JSON_2024,"2025-07-24 14:34:07","2025-07-24 14:34:07",5
1941,"Nemesrempehollós","község",Vas,"Körmendi",1205.0,258,149,47.4979,19.0402,"Átmeneti",JSON_2024,"2025-07-24 14:34:07","2025-07-24 14:34:07",5
1942,"Nemessándorháza","község",Zala,Zalaegerszegi,1115.0,300,160,47.4979,19.0402,"Átmeneti",JSON_2024,"2025-07-24 14:34:07","2025-07-24 14:34:07",5
1943,"Nemesvámos","község","Veszprém","Veszprémi",4078.0,3000,1028,47.4979,19.0402,"Átmeneti",JSON_2024,"2025-07-24 14:34:07","2025-07-24 14:34:07",6
1944,Nemesvid,"község",Somogy,Marcali,1838.0,594,345,47.4979,19.0402,"Átmeneti",JSON_2024,"2025-07-24 14:34:07","2025-07-24 14:34:07",5
1945,Nemesvita,"község","Veszprém",Tapolcai,925.0,342,193,47.4979,19.0402,"Átmeneti",JSON_2024,"2025-07-24 14:34:07","2025-07-24 14:34:07",5
1946,"Nemesszalók","község","Veszprém","Pápai",2055.0,784,360,47.4979,19.0402,"Átmeneti",JSON_2024,"2025-07-24 14:34:07","2025-07-24 14:34:07",5
1947,"Nemesszentandrás","község",Zala,Zalaegerszegi,546.0,242,126,47.4979,19.0402,"Átmeneti",JSON_2024,"2025-07-24 14:34:07","2025-07-24 14:34:07",5
1948,"Németbánya","község","Veszprém","Pápai",1219.0,114,82,47.4979,19.0402,"Átmeneti",JSON_2024,"2025-07-24 14:34:07","2025-07-24 14:34:07",5
1949,"Németfalu","község",Zala,Zalaegerszegi,867.0,196,71,47.4979,19.0402,"Átmeneti",JSON_2024,"2025-07-24 14:34:07","2025-07-24 14:34:07",5
1950,"Németkér","község",Tolna,Paksi,6497.0,1513,758,47.4979,19.0402,"Átmeneti",JSON_2024,"2025-07-24 14:34:07","2025-07-24 14:34:07",6
1951,Nemti,"község","Nógrád","Bátonyterenyei",1106.0,653,428,47.4979,19.0402,"Átmeneti",JSON_2024,"2025-07-24 14:34:07","2025-07-24 14:34:07",5
1952,"Neszmély","község","Komárom-Esztergom",Tatai,2772.0,1380,584,47.4979,19.0402,"Átmeneti",JSON_2024,"2025-07-24 14:34:07","2025-07-24 14:34:07",6
1953,"Nézsa","község","Nógrád","Rétsági",1867.0,1175,495,47.4979,19.0402,"Átmeneti",JSON_2024,"2025-07-24 14:34:07","2025-07-24 14:34:07",6
1954,Nick,"község",Vas,"Sárvári",1140.0,552,288,47.4979,19.0402,"Átmeneti",JSON_2024,"2025-07-24 14:34:07","2025-07-24 14:34:07",5
1955,Nikla,"község",Somogy,Marcali,2335.0,713,318,47.4979,19.0402,"Átmeneti",JSON_2024,"2025-07-24 14:34:07","2025-07-24 14:34:07",5
1956,"Nógrád","község","Nógrád","Rétsági",2954.0,1634,736,47.4979,19.0402,"Átmeneti",JSON_2024,"2025-07-24 14:34:07","2025-07-24 14:34:07",6
1957,"Nógrádkövesd","község","Nógrád",Balassagyarmati,899.0,645,293,47.4979,19.0402,"Átmeneti",JSON_2024,"2025-07-24 14:34:07","2025-07-24 14:34:07",5
1958,"Nógrádmarcal","község","Nógrád",Balassagyarmati,1993.0,436,198,47.4979,19.0402,"Átmeneti",JSON_2024,"2025-07-24 14:34:07","2025-07-24 14:34:07",5
1959,"Nógrádmegyer","község","Nógrád","Szécsényi",2277.0,1522,575,47.4979,19.0402,"Átmeneti",JSON_2024,"2025-07-24 14:34:07","2025-07-24 14:34:07",6
1960,"Nógrádsáp","község","Nógrád","Rétsági",1547.0,898,377,47.4979,19.0402,"Átmeneti",JSON_2024,"2025-07-24 14:34:07","2025-07-24 14:34:07",5
1961,"Nógrádsipek","község","Nógrád","Szécsényi",2012.0,613,303,47.4979,19.0402,"Átmeneti",JSON_2024,"2025-07-24 14:34:07","2025-07-24 14:34:07",5
1962,"Nógrádszakál","község","Nógrád","Szécsényi",1872.0,570,249,47.4979,19.0402,"Átmeneti",JSON_2024,"2025-07-24 14:34:07","2025-07-24 14:34:07",5
1963,"Nóráp","község","Veszprém","Pápai",758.0,192,98,47.4979,19.0402,"Átmeneti",JSON_2024,"2025-07-24 14:34:07","2025-07-24 14:34:07",5
1964,Noszlop,"község","Veszprém",Devecseri,3405.0,977,414,47.4979,19.0402,"Átmeneti",JSON_2024,"2025-07-24 14:34:07","2025-07-24 14:34:07",5
1965,Noszvaj,"község",Heves,Egri,1884.0,1867,788,47.4979,19.0402,"Átmeneti",JSON_2024,"2025-07-24 14:34:07","2025-07-24 14:34:07",6
1966,Nova,"község",Zala,Lenti,3929.0,724,351,47.4979,19.0402,"Átmeneti",JSON_2024,"2025-07-24 14:34:07","2025-07-24 14:34:07",5
1967,Novaj,"község",Heves,Egri,1852.0,1293,564,47.4979,19.0402,"Átmeneti",JSON_2024,"2025-07-24 14:34:07","2025-07-24 14:34:07",6
1968,"Novajidrány","község","Borsod-Abaúj-Zemplén",Encsi,1431.0,1315,436,47.4979,19.0402,"Átmeneti",JSON_2024,"2025-07-24 14:34:07","2025-07-24 14:34:07",6
1969,"Nőtincs","község","Nógrád","Rétsági",2047.0,1158,530,47.4979,19.0402,"Átmeneti",JSON_2024,"2025-07-24 14:34:07","2025-07-24 14:34:07",6
1970,Nyalka,"község","Győr-Moson-Sopron",Pannonhalmi,1286.0,509,203,47.4979,19.0402,"Átmeneti",JSON_2024,"2025-07-24 14:34:07","2025-07-24 14:34:07",5
1971,"Nyárád","község","Veszprém","Pápai",1979.0,867,350,47.4979,19.0402,"Átmeneti",JSON_2024,"2025-07-24 14:34:07","2025-07-24 14:34:07",5
1972,"Nyáregyháza","nagyközség",Pest,Monori,3201.0,3847,1502,47.4979,19.0402,"Átmeneti",JSON_2024,"2025-07-24 14:34:07","2025-07-24 14:34:07",6
1973,"Nyárlőrinc","község","Bács-Kiskun","Kecskeméti",6636.0,2258,1013,47.4979,19.0402,"Átmeneti",JSON_2024,"2025-07-24 14:34:07","2025-07-24 14:34:07",6
1974,"Nyársapát","község",Pest,"Nagykőrösi",5403.0,2056,869,47.4979,19.0402,"Átmeneti",JSON_2024,"2025-07-24 14:34:07","2025-07-24 14:34:07",6
1975,"Nyékládháza","város","Borsod-Abaúj-Zemplén",Miskolci,2467.0,4978,2015,47.4979,19.0402,"Átmeneti",JSON_2024,"2025-07-24 14:34:07","2025-07-24 14:34:07",6
1976,"Nyergesújfalu","város","Komárom-Esztergom",Esztergomi,3964.0,7227,3309,47.4979,19.0402,"Átmeneti",JSON_2024,"2025-07-24 14:34:07","2025-07-24 14:34:07",6
1977,"Nyésta","község","Borsod-Abaúj-Zemplén","Szikszói",689.0,62,28,47.4979,19.0402,"Átmeneti",JSON_2024,"2025-07-24 14:34:07","2025-07-24 14:34:07",5
1978,Nyim,"község",Somogy,"Siófoki",976.0,321,148,47.4979,19.0402,"Átmeneti",JSON_2024,"2025-07-24 14:34:07","2025-07-24 14:34:07",5
1979,"Nyírábrány","nagyközség","Hajdú-Bihar","Nyíradonyi",5559.0,3581,1470,47.4979,19.0402,"Átmeneti",JSON_2024,"2025-07-24 14:34:07","2025-07-24 14:34:07",6
1980,"Nyíracsád","község","Hajdú-Bihar","Nyíradonyi",7493.0,3611,1439,47.4979,19.0402,"Átmeneti",JSON_2024,"2025-07-24 14:34:07","2025-07-24 14:34:07",6
1981,"Nyirád","község","Veszprém",Ajkai,6135.0,1756,763,47.4979,19.0402,"Átmeneti",JSON_2024,"2025-07-24 14:34:07","2025-07-24 14:34:07",6
1982,"Nyíradony","város","Hajdú-Bihar","Nyíradonyi",9657.0,7235,2632,47.4979,19.0402,"Átmeneti",JSON_2024,"2025-07-24 14:34:07","2025-07-24 14:34:07",6
1983,"Nyírbátor","város","Szabolcs-Szatmár-Bereg","Nyírbátori",6674.0,11237,4832,47.4979,19.0402,"Átmeneti",JSON_2024,"2025-07-24 14:34:07","2025-07-24 14:34:07",7
1984,"Nyírbéltek","nagyközség","Szabolcs-Szatmár-Bereg","Nyírbátori",6217.0,2690,1099,47.4979,19.0402,"Átmeneti",JSON_2024,"2025-07-24 14:34:07","2025-07-24 14:34:07",6
1985,"Nyírbogát","város","Szabolcs-Szatmár-Bereg","Nyírbátori",5536.0,2931,1232,47.4979,19.0402,"Átmeneti",JSON_2024,"2025-07-24 14:34:07","2025-07-24 14:34:07",6
1986,"Nyírbogdány","község","Szabolcs-Szatmár-Bereg",Kemecsei,3503.0,2696,1022,47.4979,19.0402,"Átmeneti",JSON_2024,"2025-07-24 14:34:07","2025-07-24 14:34:07",6
1987,"Nyírcsaholy","község","Szabolcs-Szatmár-Bereg","Mátészalkai",3434.0,2122,829,47.4979,19.0402,"Átmeneti",JSON_2024,"2025-07-24 14:34:07","2025-07-24 14:34:07",6
1988,"Nyírcsászári","község","Szabolcs-Szatmár-Bereg","Nyírbátori",1324.0,1046,411,47.4979,19.0402,"Átmeneti",JSON_2024,"2025-07-24 14:34:07","2025-07-24 14:34:07",6
1989,"Nyírderzs","község","Szabolcs-Szatmár-Bereg","Nyírbátori",1701.0,508,255,47.4979,19.0402,"Átmeneti",JSON_2024,"2025-07-24 14:34:07","2025-07-24 14:34:07",5
1990,"Nyíregyháza","megyeszékhely, megyei jogú város","Szabolcs-Szatmár-Bereg","Nyíregyházi",27454.0,115359,54092,47.4979,19.0402,"Átmeneti",JSON_2024,"2025-07-24 14:34:07","2025-07-24 14:34:07",9
1991,"Nyírgelse","község","Szabolcs-Szatmár-Bereg","Nyírbátori",2762.0,1012,476,47.4979,19.0402,"Átmeneti",JSON_2024,"2025-07-24 14:34:07","2025-07-24 14:34:07",6
1992,"Nyírgyulaj","község","Szabolcs-Szatmár-Bereg","Nyírbátori",3575.0,1833,764,47.4979,19.0402,"Átmeneti",JSON_2024,"2025-07-24 14:34:07","2025-07-24 14:34:07",6
1993,"Nyíri","község","Borsod-Abaúj-Zemplén","Sátoraljaújhelyi",1647.0,416,182,47.4979,19.0402,"Átmeneti",JSON_2024,"2025-07-24 14:34:07","2025-07-24 14:34:07",5
1994,"Nyíribrony","község","Szabolcs-Szatmár-Bereg","Baktalórántházai",2009.0,1065,419,47.4979,19.0402,"Átmeneti",JSON_2024,"2025-07-24 14:34:07","2025-07-24 14:34:07",6
1995,"Nyírjákó","község","Szabolcs-Szatmár-Bereg","Baktalórántházai",1034.0,819,359,47.4979,19.0402,"Átmeneti",JSON_2024,"2025-07-24 14:34:07","2025-07-24 14:34:07",5
1996,"Nyírkarász","község","Szabolcs-Szatmár-Bereg","Kisvárdai",4143.0,2191,837,47.4979,19.0402,"Átmeneti",JSON_2024,"2025-07-24 14:34:07","2025-07-24 14:34:07",6
1997,"Nyírkáta","község","Szabolcs-Szatmár-Bereg","Mátészalkai",3863.0,1883,636,47.4979,19.0402,"Átmeneti",JSON_2024,"2025-07-24 14:34:07","2025-07-24 14:34:07",6
1998,"Nyírkércs","község","Szabolcs-Szatmár-Bereg","Baktalórántházai",1428.0,692,301,47.4979,19.0402,"Átmeneti",JSON_2024,"2025-07-24 14:34:07","2025-07-24 14:34:07",5
1999,"Nyírlövő","község","Szabolcs-Szatmár-Bereg","Kisvárdai",791.0,632,245,47.4979,19.0402,"Átmeneti",JSON_2024,"2025-07-24 14:34:07","2025-07-24 14:34:07",5
2000,"Nyírlugos","város","Szabolcs-Szatmár-Bereg","Nyírbátori",5840.0,2418,1190,47.4979,19.0402,"Átmeneti",JSON_2024,"2025-07-24 14:34:07","2025-07-24 14:34:07",6
2001,"Nyírmada","város","Szabolcs-Szatmár-Bereg","Vásárosnaményi",3880.0,4630,1544,47.4979,19.0402,"Átmeneti",JSON_2024,"2025-07-24 14:34:07","2025-07-24 14:34:07",6
2002,"Nyírmártonfalva","község","Hajdú-Bihar","Nyíradonyi",5748.0,1855,788,47.4979,19.0402,"Átmeneti",JSON_2024,"2025-07-24 14:34:07","2025-07-24 14:34:07",6
2003,"Nyírmeggyes","község","Szabolcs-Szatmár-Bereg","Mátészalkai",2879.0,2463,1028,47.4979,19.0402,"Átmeneti",JSON_2024,"2025-07-24 14:34:07","2025-07-24 14:34:07",6
2004,"Nyírmihálydi","község","Szabolcs-Szatmár-Bereg","Nyírbátori",2549.0,2210,642,47.4979,19.0402,"Átmeneti",JSON_2024,"2025-07-24 14:34:07","2025-07-24 14:34:07",6
2005,"Nyírparasznya","község","Szabolcs-Szatmár-Bereg","Mátészalkai",1476.0,829,308,47.4979,19.0402,"Átmeneti",JSON_2024,"2025-07-24 14:34:07","2025-07-24 14:34:07",5
2006,"Nyírpazony","nagyközség","Szabolcs-Szatmár-Bereg","Nyíregyházi",1505.0,3719,1387,47.4979,19.0402,"Átmeneti",JSON_2024,"2025-07-24 14:34:07","2025-07-24 14:34:07",6
2007,"Nyírpilis","község","Szabolcs-Szatmár-Bereg","Nyírbátori",1634.0,955,174,47.4979,19.0402,"Átmeneti",JSON_2024,"2025-07-24 14:34:07","2025-07-24 14:34:07",5
2008,"Nyírtass","község","Szabolcs-Szatmár-Bereg","Kisvárdai",3795.0,1786,771,47.4979,19.0402,"Átmeneti",JSON_2024,"2025-07-24 14:34:07","2025-07-24 14:34:07",6
2009,"Nyírtelek","város","Szabolcs-Szatmár-Bereg","Nyíregyházi",6792.0,6455,2534,47.4979,19.0402,"Átmeneti",JSON_2024,"2025-07-24 14:34:07","2025-07-24 14:34:07",6
2010,"Nyírtét","község","Szabolcs-Szatmár-Bereg",Kemecsei,1718.0,917,361,47.4979,19.0402,"Átmeneti",JSON_2024,"2025-07-24 14:34:07","2025-07-24 14:34:07",5
2011,"Nyírtura","község","Szabolcs-Szatmár-Bereg","Nyíregyházi",2148.0,1786,711,47.4979,19.0402,"Átmeneti",JSON_2024,"2025-07-24 14:34:07","2025-07-24 14:34:07",6
2012,"Nyírvasvári","község","Szabolcs-Szatmár-Bereg","Nyírbátori",2842.0,1877,732,47.4979,19.0402,"Átmeneti",JSON_2024,"2025-07-24 14:34:07","2025-07-24 14:34:07",6
2013,"Nyomár","község","Borsod-Abaúj-Zemplén","Edelényi",1046.0,267,131,47.4979,19.0402,"Átmeneti",JSON_2024,"2025-07-24 14:34:07","2025-07-24 14:34:07",5
2014,"Nyőgér","község",Vas,"Sárvári",1073.0,334,169,47.4979,19.0402,"Átmeneti",JSON_2024,"2025-07-24 14:34:07","2025-07-24 14:34:07",5
2015,"Nyugotszenterzsébet","község",Baranya,"Szigetvári",923.0,205,81,47.4979,19.0402,"Átmeneti",JSON_2024,"2025-07-24 14:34:07","2025-07-24 14:34:07",5
2016,"Nyúl","község","Győr-Moson-Sopron","Győri",2514.0,4636,1798,47.4979,19.0402,"Átmeneti",JSON_2024,"2025-07-24 14:34:07","2025-07-24 14:34:07",6
2017,"Óbánya","község",Baranya,"Pécsváradi",749.0,88,70,47.4979,19.0402,"Átmeneti",JSON_2024,"2025-07-24 14:34:07","2025-07-24 14:34:07",5
2018,"Óbarok","község","Fejér",Bicskei,1926.0,900,374,47.4979,19.0402,"Átmeneti",JSON_2024,"2025-07-24 14:34:07","2025-07-24 14:34:07",5
2019,"Óbudavár","község","Veszprém","Balatonfüredi",323.0,50,23,47.4979,19.0402,"Átmeneti",JSON_2024,"2025-07-24 14:34:07","2025-07-24 14:34:07",5
2020,"Ócsa","város",Pest,"Gyáli",8166.0,9938,3609,47.4979,19.0402,"Átmeneti",JSON_2024,"2025-07-24 14:34:07","2025-07-24 14:34:07",6
2021,"Ócsárd","község",Baranya,"Pécsi",1266.0,356,145,47.4979,19.0402,"Átmeneti",JSON_2024,"2025-07-24 14:34:07","2025-07-24 14:34:07",5
2022,"Ófalu","község",Baranya,"Pécsváradi",985.0,336,156,47.4979,19.0402,"Átmeneti",JSON_2024,"2025-07-24 14:34:07","2025-07-24 14:34:07",5
2023,"Ófehértó","község","Szabolcs-Szatmár-Bereg","Baktalórántházai",4317.0,2386,965,47.4979,19.0402,"Átmeneti",JSON_2024,"2025-07-24 14:34:07","2025-07-24 14:34:07",6
2024,"Óföldeák","község","Csongrád-Csanád","Makói",3509.0,452,186,47.4979,19.0402,"Átmeneti",JSON_2024,"2025-07-24 14:34:07","2025-07-24 14:34:07",5
2025,"Óhíd","község",Zala,"Zalaszentgróti",1248.0,489,241,47.4979,19.0402,"Átmeneti",JSON_2024,"2025-07-24 14:34:07","2025-07-24 14:34:07",5
2026,"Okány","község","Békés",Sarkadi,7062.0,2115,1141,47.4979,19.0402,"Átmeneti",JSON_2024,"2025-07-24 14:34:07","2025-07-24 14:34:07",6
2027,"Okorág","község",Baranya,Sellyei,1185.0,139,66,47.4979,19.0402,"Átmeneti",JSON_2024,"2025-07-24 14:34:07","2025-07-24 14:34:07",5
2028,"Okorvölgy","község",Baranya,"Szentlőrinci",311.0,86,34,47.4979,19.0402,"Átmeneti",JSON_2024,"2025-07-24 14:34:07","2025-07-24 14:34:07",5
2029,Olasz,"község",Baranya,"Bólyi",1029.0,571,249,47.4979,19.0402,"Átmeneti",JSON_2024,"2025-07-24 14:34:07","2025-07-24 14:34:07",5
2030,Olaszfa,"község",Vas,"Vasvári",1654.0,385,245,47.4979,19.0402,"Átmeneti",JSON_2024,"2025-07-24 14:34:07","2025-07-24 14:34:07",5
2031,Olaszfalu,"község","Veszprém",Zirci,4280.0,1000,407,47.4979,19.0402,"Átmeneti",JSON_2024,"2025-07-24 14:34:07","2025-07-24 14:34:07",6
2032,Olaszliszka,"község","Borsod-Abaúj-Zemplén","Sárospataki",3949.0,1501,685,47.4979,19.0402,"Átmeneti",JSON_2024,"2025-07-24 14:34:07","2025-07-24 14:34:07",6
2033,Olcsva,"község","Szabolcs-Szatmár-Bereg","Vásárosnaményi",996.0,674,254,47.4979,19.0402,"Átmeneti",JSON_2024,"2025-07-24 14:34:07","2025-07-24 14:34:07",5
2034,"Olcsvaapáti","község","Szabolcs-Szatmár-Bereg","Fehérgyarmati",1102.0,261,152,47.4979,19.0402,"Átmeneti",JSON_2024,"2025-07-24 14:34:07","2025-07-24 14:34:07",5
2035,Old,"község",Baranya,"Siklósi",1407.0,319,127,47.4979,19.0402,"Átmeneti",JSON_2024,"2025-07-24 14:34:07","2025-07-24 14:34:07",5
2036,"Ólmod","község",Vas,"Kőszegi",366.0,113,57,47.4979,19.0402,"Átmeneti",JSON_2024,"2025-07-24 14:34:07","2025-07-24 14:34:07",5
2037,"Oltárc","község",Zala,Letenyei,2953.0,227,120,47.4979,19.0402,"Átmeneti",JSON_2024,"2025-07-24 14:34:07","2025-07-24 14:34:07",5
2038,Onga,"város","Borsod-Abaúj-Zemplén",Miskolci,3149.0,4703,1577,47.4979,19.0402,"Átmeneti",JSON_2024,"2025-07-24 14:34:07","2025-07-24 14:34:07",6
2039,"Ónod","község","Borsod-Abaúj-Zemplén",Miskolci,1774.0,2235,795,47.4979,19.0402,"Átmeneti",JSON_2024,"2025-07-24 14:34:07","2025-07-24 14:34:07",6
2040,"Ópályi","község","Szabolcs-Szatmár-Bereg","Mátészalkai",2672.0,2977,913,47.4979,19.0402,"Átmeneti",JSON_2024,"2025-07-24 14:34:07","2025-07-24 14:34:07",6
2041,"Ópusztaszer","község","Csongrád-Csanád",Kisteleki,5950.0,1979,868,47.4979,19.0402,"Átmeneti",JSON_2024,"2025-07-24 14:34:07","2025-07-24 14:34:07",6
2042,"Orbányosfa","község",Zala,Zalaegerszegi,567.0,93,58,47.4979,19.0402,"Átmeneti",JSON_2024,"2025-07-24 14:34:07","2025-07-24 14:34:07",5
2043,Orci,"község",Somogy,"Kaposvári",997.0,520,197,47.4979,19.0402,"Átmeneti",JSON_2024,"2025-07-24 14:34:07","2025-07-24 14:34:07",5
2044,Ordacsehi,"község",Somogy,"Fonyódi",2256.0,749,420,47.4979,19.0402,"Átmeneti",JSON_2024,"2025-07-24 14:34:07","2025-07-24 14:34:07",5
2045,Ordas,"község","Bács-Kiskun",Kalocsai,1631.0,432,252,47.4979,19.0402,"Átmeneti",JSON_2024,"2025-07-24 14:34:07","2025-07-24 14:34:07",5
2046,Orfalu,"község",Vas,"Szentgotthárdi",694.0,71,37,47.4979,19.0402,"Átmeneti",JSON_2024,"2025-07-24 14:34:07","2025-07-24 14:34:07",5
2047,"Orfű","község",Baranya,"Pécsi",3215.0,1113,634,47.4979,19.0402,"Átmeneti",JSON_2024,"2025-07-24 14:34:07","2025-07-24 14:34:07",6
2048,"Orgovány","nagyközség","Bács-Kiskun","Kecskeméti",9916.0,3254,1600,47.4979,19.0402,"Átmeneti",JSON_2024,"2025-07-24 14:34:07","2025-07-24 14:34:07",6
2049,"Ormándlak","község",Zala,Zalaegerszegi,575.0,104,62,47.4979,19.0402,"Átmeneti",JSON_2024,"2025-07-24 14:34:07","2025-07-24 14:34:07",5
2050,"Ormosbánya","község","Borsod-Abaúj-Zemplén",Kazincbarcikai,754.0,1483,638,47.4979,19.0402,"Átmeneti",JSON_2024,"2025-07-24 14:34:07","2025-07-24 14:34:07",6
2051,"Orosháza","város","Békés","Orosházi",20222.0,25206,14140,47.4979,19.0402,"Átmeneti",JSON_2024,"2025-07-24 14:34:07","2025-07-24 14:34:07",7
2052,Oroszi,"község","Veszprém",Devecseri,474.0,131,80,47.4979,19.0402,"Átmeneti",JSON_2024,"2025-07-24 14:34:07","2025-07-24 14:34:07",5
2053,"Oroszlány","város","Komárom-Esztergom","Oroszlányi",7586.0,17873,8218,47.4979,19.0402,"Átmeneti",JSON_2024,"2025-07-24 14:34:07","2025-07-24 14:34:07",7
2054,"Oroszló","község",Baranya,"Komlói",612.0,286,112,47.4979,19.0402,"Átmeneti",JSON_2024,"2025-07-24 14:34:07","2025-07-24 14:34:07",5
2055,Orosztony,"község",Zala,Nagykanizsai,1845.0,360,217,47.4979,19.0402,"Átmeneti",JSON_2024,"2025-07-24 14:34:07","2025-07-24 14:34:07",5
2056,"Ortaháza","község",Zala,Lenti,703.0,82,52,47.4979,19.0402,"Átmeneti",JSON_2024,"2025-07-24 14:34:07","2025-07-24 14:34:07",5
2057,Osli,"község","Győr-Moson-Sopron","Kapuvári",1880.0,870,391,47.4979,19.0402,"Átmeneti",JSON_2024,"2025-07-24 14:34:07","2025-07-24 14:34:07",5
2058,Ostffyasszonyfa,"község",Vas,"Celldömölki",3431.0,726,373,47.4979,19.0402,"Átmeneti",JSON_2024,"2025-07-24 14:34:07","2025-07-24 14:34:07",5
2059,Ostoros,"község",Heves,Egri,2351.0,2901,1127,47.4979,19.0402,"Átmeneti",JSON_2024,"2025-07-24 14:34:07","2025-07-24 14:34:07",6
2060,"Oszkó","község",Vas,"Vasvári",2031.0,587,297,47.4979,19.0402,"Átmeneti",JSON_2024,"2025-07-24 14:34:07","2025-07-24 14:34:07",5
2061,"Oszlár","község","Borsod-Abaúj-Zemplén","Tiszaújvárosi",571.0,309,180,47.4979,19.0402,"Átmeneti",JSON_2024,"2025-07-24 14:34:07","2025-07-24 14:34:07",5
2062,"Osztopán","község",Somogy,"Kaposvári",2283.0,744,333,47.4979,19.0402,"Átmeneti",JSON_2024,"2025-07-24 14:34:07","2025-07-24 14:34:07",5
2063,"Ózd","város","Borsod-Abaúj-Zemplén","Ózdi",9226.0,30550,14266,47.4979,19.0402,"Átmeneti",JSON_2024,"2025-07-24 14:34:07","2025-07-24 14:34:07",7
2064,"Ózdfalu","község",Baranya,Sellyei,800.0,147,60,47.4979,19.0402,"Átmeneti",JSON_2024,"2025-07-24 14:34:07","2025-07-24 14:34:07",5
2065,"Ozmánbük","község",Zala,Zalaegerszegi,669.0,186,91,47.4979,19.0402,"Átmeneti",JSON_2024,"2025-07-24 14:34:07","2025-07-24 14:34:07",5
2066,Ozora,"község",Tolna,"Tamási",5956.0,1492,718,47.4979,19.0402,"Átmeneti",JSON_2024,"2025-07-24 14:34:07","2025-07-24 14:34:07",6
2067,"Öcs","község","Veszprém",Ajkai,1370.0,201,88,47.4979,19.0402,"Átmeneti",JSON_2024,"2025-07-24 14:34:07","2025-07-24 14:34:07",5
2068,"Őcsény","község",Tolna,"Szekszárdi",7260.0,2163,917,47.4979,19.0402,"Átmeneti",JSON_2024,"2025-07-24 14:34:07","2025-07-24 14:34:07",6
2069,"Öcsöd","nagyközség","Jász-Nagykun-Szolnok","Kunszentmártoni",10366.0,3018,1615,47.4979,19.0402,"Átmeneti",JSON_2024,"2025-07-24 14:34:07","2025-07-24 14:34:07",6
2070,"Ököritófülpös","nagyközség","Szabolcs-Szatmár-Bereg","Mátészalkai",3342.0,1700,612,47.4979,19.0402,"Átmeneti",JSON_2024,"2025-07-24 14:34:07","2025-07-24 14:34:07",6
2071,"Ölbő","község",Vas,"Sárvári",2353.0,683,303,47.4979,19.0402,"Átmeneti",JSON_2024,"2025-07-24 14:34:07","2025-07-24 14:34:07",5
2072,"Ömböly","község","Szabolcs-Szatmár-Bereg","Nyírbátori",3036.0,333,188,47.4979,19.0402,"Átmeneti",JSON_2024,"2025-07-24 14:34:07","2025-07-24 14:34:07",5
2073,"Őr","község","Szabolcs-Szatmár-Bereg","Mátészalkai",1778.0,1433,536,47.4979,19.0402,"Átmeneti",JSON_2024,"2025-07-24 14:34:07","2025-07-24 14:34:07",6
2074,"Őrbottyán","város",Pest,"Váci",2725.0,8186,3044,47.4979,19.0402,"Átmeneti",JSON_2024,"2025-07-24 14:34:07","2025-07-24 14:34:07",6
2075,"Öregcsertő","község","Bács-Kiskun",Kalocsai,4306.0,692,383,47.4979,19.0402,"Átmeneti",JSON_2024,"2025-07-24 14:34:07","2025-07-24 14:34:07",5
2076,"Öreglak","község",Somogy,"Fonyódi",2072.0,1497,548,47.4979,19.0402,"Átmeneti",JSON_2024,"2025-07-24 14:34:07","2025-07-24 14:34:07",6
2077,"Őrhalom","község","Nógrád",Balassagyarmati,1746.0,1007,395,47.4979,19.0402,"Átmeneti",JSON_2024,"2025-07-24 14:34:07","2025-07-24 14:34:07",6
2078,"Őrimagyarósd","község",Vas,"Körmendi",1229.0,212,127,47.4979,19.0402,"Átmeneti",JSON_2024,"2025-07-24 14:34:07","2025-07-24 14:34:07",5
2079,"Őriszentpéter","város",Vas,"Körmendi",3356.0,1022,515,47.4979,19.0402,"Átmeneti",JSON_2024,"2025-07-24 14:34:07","2025-07-24 14:34:07",6
2080,"Örkény","város",Pest,Dabasi,3644.0,4842,1728,47.4979,19.0402,"Átmeneti",JSON_2024,"2025-07-24 14:34:07","2025-07-24 14:34:07",6
2081,"Örményes","község","Jász-Nagykun-Szolnok","Törökszentmiklósi",3413.0,923,461,47.4979,19.0402,"Átmeneti",JSON_2024,"2025-07-24 14:34:07","2025-07-24 14:34:07",5
2082,"Örménykút","község","Békés",Szarvasi,5456.0,283,199,47.4979,19.0402,"Átmeneti",JSON_2024,"2025-07-24 14:34:07","2025-07-24 14:34:07",5
2083,"Őrtilos","község",Somogy,"Csurgói",2112.0,397,302,47.4979,19.0402,"Átmeneti",JSON_2024,"2025-07-24 14:34:07","2025-07-24 14:34:07",5
2084,"Örvényes","község","Veszprém","Balatonfüredi",446.0,166,108,47.4979,19.0402,"Átmeneti",JSON_2024,"2025-07-24 14:34:07","2025-07-24 14:34:07",5
2085,"Ősagárd","község","Nógrád","Rétsági",1092.0,299,161,47.4979,19.0402,"Átmeneti",JSON_2024,"2025-07-24 14:34:07","2025-07-24 14:34:07",5
2086,"Ősi","község","Veszprém","Várpalotai",3586.0,1987,765,47.4979,19.0402,"Átmeneti",JSON_2024,"2025-07-24 14:34:07","2025-07-24 14:34:07",6
2087,"Öskü","község","Veszprém","Várpalotai",4830.0,2150,860,47.4979,19.0402,"Átmeneti",JSON_2024,"2025-07-24 14:34:07","2025-07-24 14:34:07",6
2088,"Öttevény","község","Győr-Moson-Sopron","Győri",2366.0,2940,1107,47.4979,19.0402,"Átmeneti",JSON_2024,"2025-07-24 14:34:07","2025-07-24 14:34:07",6
2089,"Öttömös","község","Csongrád-Csanád","Mórahalmi",3091.0,600,382,47.4979,19.0402,"Átmeneti",JSON_2024,"2025-07-24 14:34:07","2025-07-24 14:34:07",5
2090,"Ötvöskónyi","község",Somogy,"Nagyatádi",2771.0,816,301,47.4979,19.0402,"Átmeneti",JSON_2024,"2025-07-24 14:34:07","2025-07-24 14:34:07",5
2091,"Pácin","község","Borsod-Abaúj-Zemplén","Cigándi",3393.0,1416,600,47.4979,19.0402,"Átmeneti",JSON_2024,"2025-07-24 14:34:07","2025-07-24 14:34:07",6
2092,Pacsa,"város",Zala,Zalaegerszegi,2271.0,1528,670,47.4979,19.0402,"Átmeneti",JSON_2024,"2025-07-24 14:34:07","2025-07-24 14:34:07",6
2093,"Pácsony","község",Vas,"Vasvári",1001.0,268,130,47.4979,19.0402,"Átmeneti",JSON_2024,"2025-07-24 14:34:07","2025-07-24 14:34:07",5
2094,"Padár","község",Zala,Zalaegerszegi,1069.0,122,77,47.4979,19.0402,"Átmeneti",JSON_2024,"2025-07-24 14:34:07","2025-07-24 14:34:07",5
2095,"Páhi","község","Bács-Kiskun","Kiskőrösi",3896.0,1131,643,47.4979,19.0402,"Átmeneti",JSON_2024,"2025-07-24 14:34:07","2025-07-24 14:34:07",6
2096,"Páka","község",Zala,Lenti,2318.0,945,527,47.4979,19.0402,"Átmeneti",JSON_2024,"2025-07-24 14:34:07","2025-07-24 14:34:07",5
2097,Pakod,"község",Zala,"Zalaszentgróti",1255.0,823,382,47.4979,19.0402,"Átmeneti",JSON_2024,"2025-07-24 14:34:07","2025-07-24 14:34:07",5
2098,"Pákozd","nagyközség","Fejér","Gárdonyi",4330.0,3722,1454,47.4979,19.0402,"Átmeneti",JSON_2024,"2025-07-24 14:34:07","2025-07-24 14:34:07",6
2099,Paks,"város",Tolna,Paksi,15408.0,17917,8582,47.4979,19.0402,"Átmeneti",JSON_2024,"2025-07-24 14:34:07","2025-07-24 14:34:07",7
2100,"Palé","község",Baranya,"Hegyháti",215.0,83,36,47.4979,19.0402,"Átmeneti",JSON_2024,"2025-07-24 14:34:07","2025-07-24 14:34:07",5
2101,"Pálfa","község",Tolna,Paksi,3474.0,1441,645,47.4979,19.0402,"Átmeneti",JSON_2024,"2025-07-24 14:34:07","2025-07-24 14:34:07",6
2102,"Pálfiszeg","község",Zala,Zalaegerszegi,559.0,148,65,47.4979,19.0402,"Átmeneti",JSON_2024,"2025-07-24 14:34:07","2025-07-24 14:34:07",5
2103,"Pálháza","város","Borsod-Abaúj-Zemplén","Sátoraljaújhelyi",675.0,935,414,47.4979,19.0402,"Átmeneti",JSON_2024,"2025-07-24 14:34:07","2025-07-24 14:34:07",6
2104,"Páli","község","Győr-Moson-Sopron",Csornai,1955.0,393,210,47.4979,19.0402,"Átmeneti",JSON_2024,"2025-07-24 14:34:07","2025-07-24 14:34:07",5
2105,Palkonya,"község",Baranya,"Siklósi",1000.0,235,119,47.4979,19.0402,"Átmeneti",JSON_2024,"2025-07-24 14:34:07","2025-07-24 14:34:07",5
2106,"Pálmajor","község",Somogy,"Kaposvári",624.0,356,86,47.4979,19.0402,"Átmeneti",JSON_2024,"2025-07-24 14:34:07","2025-07-24 14:34:07",5
2107,"Pálmonostora","község","Bács-Kiskun","Kiskunfélegyházi",5328.0,1588,945,47.4979,19.0402,"Átmeneti",JSON_2024,"2025-07-24 14:34:07","2025-07-24 14:34:07",6
2108,"Pálosvörösmart","község",Heves,"Gyöngyösi",584.0,589,285,47.4979,19.0402,"Átmeneti",JSON_2024,"2025-07-24 14:34:07","2025-07-24 14:34:07",5
2109,Palotabozsok,"község",Baranya,"Mohácsi",2019.0,773,401,47.4979,19.0402,"Átmeneti",JSON_2024,"2025-07-24 14:34:07","2025-07-24 14:34:07",5
2110,"Palotás","község","Nógrád","Pásztói",1707.0,1505,765,47.4979,19.0402,"Átmeneti",JSON_2024,"2025-07-24 14:34:07","2025-07-24 14:34:07",6
2111,Paloznak,"község","Veszprém","Balatonfüredi",880.0,554,256,47.4979,19.0402,"Átmeneti",JSON_2024,"2025-07-24 14:34:07","2025-07-24 14:34:07",5
2112,"Pamlény","község","Borsod-Abaúj-Zemplén","Szikszói",1240.0,57,42,47.4979,19.0402,"Átmeneti",JSON_2024,"2025-07-24 14:34:07","2025-07-24 14:34:07",5
2113,Pamuk,"község",Somogy,"Fonyódi",1196.0,249,119,47.4979,19.0402,"Átmeneti",JSON_2024,"2025-07-24 14:34:07","2025-07-24 14:34:07",5
2114,"Pánd","község",Pest,Monori,2221.0,1905,713,47.4979,19.0402,"Átmeneti",JSON_2024,"2025-07-24 14:34:07","2025-07-24 14:34:07",6
2115,Pankasz,"község",Vas,"Körmendi",927.0,392,183,47.4979,19.0402,"Átmeneti",JSON_2024,"2025-07-24 14:34:07","2025-07-24 14:34:07",5
2116,Pannonhalma,"város","Győr-Moson-Sopron",Pannonhalmi,2957.0,3919,1363,47.4979,19.0402,"Átmeneti",JSON_2024,"2025-07-24 14:34:07","2025-07-24 14:34:07",6
2117,"Pányok","község","Borsod-Abaúj-Zemplén","Gönci",846.0,84,77,47.4979,19.0402,"Átmeneti",JSON_2024,"2025-07-24 14:34:07","2025-07-24 14:34:07",5
2118,Panyola,"község","Szabolcs-Szatmár-Bereg","Fehérgyarmati",1220.0,470,279,47.4979,19.0402,"Átmeneti",JSON_2024,"2025-07-24 14:34:07","2025-07-24 14:34:07",5
2119,Pap,"község","Szabolcs-Szatmár-Bereg","Kisvárdai",1715.0,1698,645,47.4979,19.0402,"Átmeneti",JSON_2024,"2025-07-24 14:34:07","2025-07-24 14:34:07",6
2120,"Pápa","város","Veszprém","Pápai",9135.0,28549,14184,47.4979,19.0402,"Átmeneti",JSON_2024,"2025-07-24 14:34:07","2025-07-24 14:34:07",7
2121,"Pápadereske","község","Veszprém","Pápai",575.0,297,111,47.4979,19.0402,"Átmeneti",JSON_2024,"2025-07-24 14:34:07","2025-07-24 14:34:07",5
2122,"Pápakovácsi","község","Veszprém","Pápai",1392.0,514,187,47.4979,19.0402,"Átmeneti",JSON_2024,"2025-07-24 14:34:07","2025-07-24 14:34:07",5
2123,"Pápasalamon","község","Veszprém","Pápai",1395.0,331,158,47.4979,19.0402,"Átmeneti",JSON_2024,"2025-07-24 14:34:07","2025-07-24 14:34:07",5
2124,"Pápateszér","község","Veszprém","Pápai",3074.0,1199,485,47.4979,19.0402,"Átmeneti",JSON_2024,"2025-07-24 14:34:07","2025-07-24 14:34:07",6
2125,Papkeszi,"község","Veszprém","Balatonalmádi",2239.0,1451,548,47.4979,19.0402,"Átmeneti",JSON_2024,"2025-07-24 14:34:07","2025-07-24 14:34:07",6
2126,"Pápoc","község",Vas,"Celldömölki",3132.0,297,290,47.4979,19.0402,"Átmeneti",JSON_2024,"2025-07-24 14:34:07","2025-07-24 14:34:07",5
2127,Papos,"község","Szabolcs-Szatmár-Bereg","Mátészalkai",1067.0,764,311,47.4979,19.0402,"Átmeneti",JSON_2024,"2025-07-24 14:34:07","2025-07-24 14:34:07",5
2128,"Páprád","község",Baranya,Sellyei,1211.0,136,77,47.4979,19.0402,"Átmeneti",JSON_2024,"2025-07-24 14:34:07","2025-07-24 14:34:07",5
2129,"Parád","nagyközség",Heves,"Pétervásárai",3720.0,1795,1103,47.4979,19.0402,"Átmeneti",JSON_2024,"2025-07-24 14:34:07","2025-07-24 14:34:07",6
2130,"Parádsasvár","község",Heves,"Pétervásárai",1694.0,325,253,47.4979,19.0402,"Átmeneti",JSON_2024,"2025-07-24 14:34:07","2025-07-24 14:34:07",5
2131,Parasznya,"község","Borsod-Abaúj-Zemplén",Miskolci,1676.0,1084,435,47.4979,19.0402,"Átmeneti",JSON_2024,"2025-07-24 14:34:07","2025-07-24 14:34:07",6
2132,"Pári","község",Tolna,"Tamási",1305.0,575,270,47.4979,19.0402,"Átmeneti",JSON_2024,"2025-07-24 14:34:07","2025-07-24 14:34:07",5
2133,Paszab,"község","Szabolcs-Szatmár-Bereg","Ibrányi",1296.0,1190,399,47.4979,19.0402,"Átmeneti",JSON_2024,"2025-07-24 14:34:07","2025-07-24 14:34:07",6
2134,"Pásztó","város","Nógrád","Pásztói",7260.0,8455,4165,47.4979,19.0402,"Átmeneti",JSON_2024,"2025-07-24 14:34:07","2025-07-24 14:34:07",6
2135,"Pásztori","község","Győr-Moson-Sopron",Csornai,852.0,390,113,47.4979,19.0402,"Átmeneti",JSON_2024,"2025-07-24 14:34:07","2025-07-24 14:34:07",5
2136,Pat,"község",Zala,Nagykanizsai,833.0,198,131,47.4979,19.0402,"Átmeneti",JSON_2024,"2025-07-24 14:34:07","2025-07-24 14:34:07",5
2137,Patak,"község","Nógrád",Balassagyarmati,1615.0,858,405,47.4979,19.0402,"Átmeneti",JSON_2024,"2025-07-24 14:34:07","2025-07-24 14:34:07",5
2138,Patalom,"község",Somogy,"Kaposvári",668.0,276,93,47.4979,19.0402,"Átmeneti",JSON_2024,"2025-07-24 14:34:07","2025-07-24 14:34:07",5
2139,Patapoklosi,"község",Baranya,"Szigetvári",1265.0,268,114,47.4979,19.0402,"Átmeneti",JSON_2024,"2025-07-24 14:34:07","2025-07-24 14:34:07",5
2140,Patca,"község",Somogy,"Kaposvári",496.0,54,37,47.4979,19.0402,"Átmeneti",JSON_2024,"2025-07-24 14:34:07","2025-07-24 14:34:07",5
2141,"Pátka","község","Fejér","Székesfehérvári",4038.0,1803,751,47.4979,19.0402,"Átmeneti",JSON_2024,"2025-07-24 14:34:07","2025-07-24 14:34:07",6
2142,Patosfa,"község",Somogy,Barcsi,1507.0,236,133,47.4979,19.0402,"Átmeneti",JSON_2024,"2025-07-24 14:34:07","2025-07-24 14:34:07",5
2143,"Pátroha","község","Szabolcs-Szatmár-Bereg","Kisvárdai",3923.0,2766,985,47.4979,19.0402,"Átmeneti",JSON_2024,"2025-07-24 14:34:07","2025-07-24 14:34:07",6
2144,Patvarc,"község","Nógrád",Balassagyarmati,784.0,714,283,47.4979,19.0402,"Átmeneti",JSON_2024,"2025-07-24 14:34:07","2025-07-24 14:34:07",5
2145,"Páty","község",Pest,Budakeszi,3932.0,8610,2953,47.4979,19.0402,"Átmeneti",JSON_2024,"2025-07-24 14:34:07","2025-07-24 14:34:07",6
2146,"Pátyod","község","Szabolcs-Szatmár-Bereg",Csengeri,910.0,584,286,47.4979,19.0402,"Átmeneti",JSON_2024,"2025-07-24 14:34:07","2025-07-24 14:34:07",5
2147,"Pázmánd","község","Fejér","Gárdonyi",2715.0,2280,897,47.4979,19.0402,"Átmeneti",JSON_2024,"2025-07-24 14:34:07","2025-07-24 14:34:07",6
2148,"Pázmándfalu","község","Győr-Moson-Sopron",Pannonhalmi,1939.0,1164,448,47.4979,19.0402,"Átmeneti",JSON_2024,"2025-07-24 14:34:07","2025-07-24 14:34:07",6
2149,"Pécel","város",Pest,"Gödöllői",4363.0,17377,6012,47.4979,19.0402,"Átmeneti",JSON_2024,"2025-07-24 14:34:07","2025-07-24 14:34:07",7
2150,"Pecöl","község",Vas,"Sárvári",1731.0,747,305,47.4979,19.0402,"Átmeneti",JSON_2024,"2025-07-24 14:34:07","2025-07-24 14:34:07",5
2151,"Pécs","megyeszékhely, megyei jogú város",Baranya,"Pécsi",16278.0,140330,74345,47.4979,19.0402,"Átmeneti",JSON_2024,"2025-07-24 14:34:07","2025-07-24 14:34:07",9
2152,"Pécsbagota","község",Baranya,"Szentlőrinci",607.0,102,44,47.4979,19.0402,"Átmeneti",JSON_2024,"2025-07-24 14:34:07","2025-07-24 14:34:07",5
2153,"Pécsdevecser","község",Baranya,"Siklósi",474.0,85,49,47.4979,19.0402,"Átmeneti",JSON_2024,"2025-07-24 14:34:07","2025-07-24 14:34:07",5
2154,"Pécsely","község","Veszprém","Balatonfüredi",2000.0,557,293,47.4979,19.0402,"Átmeneti",JSON_2024,"2025-07-24 14:34:07","2025-07-24 14:34:07",5
2155,"Pécsudvard","község",Baranya,"Pécsi",843.0,765,292,47.4979,19.0402,"Átmeneti",JSON_2024,"2025-07-24 14:34:07","2025-07-24 14:34:07",5
2156,"Pécsvárad","város",Baranya,"Pécsváradi",3603.0,3799,1626,47.4979,19.0402,"Átmeneti",JSON_2024,"2025-07-24 14:34:07","2025-07-24 14:34:07",6
2157,"Pellérd","község",Baranya,"Pécsi",2093.0,2327,867,47.4979,19.0402,"Átmeneti",JSON_2024,"2025-07-24 14:34:07","2025-07-24 14:34:07",6
2158,"Pély","község",Heves,Hevesi,9030.0,1306,627,47.4979,19.0402,"Átmeneti",JSON_2024,"2025-07-24 14:34:07","2025-07-24 14:34:07",6
2159,Penc,"község",Pest,"Váci",2134.0,1554,565,47.4979,19.0402,"Átmeneti",JSON_2024,"2025-07-24 14:34:07","2025-07-24 14:34:07",6
2160,"Penészlek","község","Szabolcs-Szatmár-Bereg","Nyírbátori",3693.0,912,417,47.4979,19.0402,"Átmeneti",JSON_2024,"2025-07-24 14:34:07","2025-07-24 14:34:07",5
2161,"Pénzesgyőr","község","Veszprém",Zirci,1765.0,323,142,47.4979,19.0402,"Átmeneti",JSON_2024,"2025-07-24 14:34:07","2025-07-24 14:34:07",5
2162,Penyige,"község","Szabolcs-Szatmár-Bereg","Fehérgyarmati",1889.0,695,285,47.4979,19.0402,"Átmeneti",JSON_2024,"2025-07-24 14:34:07","2025-07-24 14:34:07",5
2163,"Pér","község","Győr-Moson-Sopron","Győri",3150.0,2758,1077,47.4979,19.0402,"Átmeneti",JSON_2024,"2025-07-24 14:34:07","2025-07-24 14:34:07",6
2164,"Perbál","község",Pest,Budakeszi,2565.0,2118,729,47.4979,19.0402,"Átmeneti",JSON_2024,"2025-07-24 14:34:07","2025-07-24 14:34:07",6
2165,Pere,"község","Borsod-Abaúj-Zemplén","Gönci",953.0,328,161,47.4979,19.0402,"Átmeneti",JSON_2024,"2025-07-24 14:34:07","2025-07-24 14:34:07",5
2166,Perecse,"község","Borsod-Abaúj-Zemplén",Encsi,1254.0,17,30,47.4979,19.0402,"Átmeneti",JSON_2024,"2025-07-24 14:34:07","2025-07-24 14:34:07",5
2167,Pereked,"község",Baranya,"Pécsi",674.0,155,72,47.4979,19.0402,"Átmeneti",JSON_2024,"2025-07-24 14:34:07","2025-07-24 14:34:07",5
2168,Perenye,"község",Vas,Szombathelyi,1622.0,630,235,47.4979,19.0402,"Átmeneti",JSON_2024,"2025-07-24 14:34:07","2025-07-24 14:34:07",5
2169,Peresznye,"község",Vas,"Kőszegi",1073.0,492,189,47.4979,19.0402,"Átmeneti",JSON_2024,"2025-07-24 14:34:07","2025-07-24 14:34:07",5
2170,Pereszteg,"község","Győr-Moson-Sopron",Soproni,2251.0,1467,540,47.4979,19.0402,"Átmeneti",JSON_2024,"2025-07-24 14:34:07","2025-07-24 14:34:07",6
2171,"Perkáta","nagyközség","Fejér","Dunaújvárosi",7452.0,3882,1533,47.4979,19.0402,"Átmeneti",JSON_2024,"2025-07-24 14:34:07","2025-07-24 14:34:07",6
2172,Perkupa,"község","Borsod-Abaúj-Zemplén","Edelényi",1939.0,788,360,47.4979,19.0402,"Átmeneti",JSON_2024,"2025-07-24 14:34:07","2025-07-24 14:34:07",5
2173,"Perőcsény","község",Pest,Szobi,4136.0,356,229,47.4979,19.0402,"Átmeneti",JSON_2024,"2025-07-24 14:34:07","2025-07-24 14:34:07",5
2174,Peterd,"község",Baranya,"Siklósi",1060.0,209,90,47.4979,19.0402,"Átmeneti",JSON_2024,"2025-07-24 14:34:07","2025-07-24 14:34:07",5
2175,"Péterhida","község",Somogy,Barcsi,1162.0,139,93,47.4979,19.0402,"Átmeneti",JSON_2024,"2025-07-24 14:34:07","2025-07-24 14:34:07",5
2176,"Péteri","község",Pest,Monori,1189.0,2665,970,47.4979,19.0402,"Átmeneti",JSON_2024,"2025-07-24 14:34:07","2025-07-24 14:34:07",6
2177,"Pétervására","város",Heves,"Pétervásárai",3387.0,2076,896,47.4979,19.0402,"Átmeneti",JSON_2024,"2025-07-24 14:34:07","2025-07-24 14:34:07",6
2178,"Pétfürdő","nagyközség","Veszprém","Várpalotai",1732.0,4301,1955,47.4979,19.0402,"Átmeneti",JSON_2024,"2025-07-24 14:34:07","2025-07-24 14:34:07",6
2179,"Pethőhenye","község",Zala,Zalaegerszegi,887.0,423,190,47.4979,19.0402,"Átmeneti",JSON_2024,"2025-07-24 14:34:07","2025-07-24 14:34:07",5
2180,"Petneháza","község","Szabolcs-Szatmár-Bereg","Baktalórántházai",2420.0,1492,667,47.4979,19.0402,"Átmeneti",JSON_2024,"2025-07-24 14:34:07","2025-07-24 14:34:07",6
2181,"Petőfibánya","község",Heves,Hatvani,1111.0,2419,1373,47.4979,19.0402,"Átmeneti",JSON_2024,"2025-07-24 14:34:07","2025-07-24 14:34:07",6
2182,"Petőfiszállás","község","Bács-Kiskun","Kiskunfélegyházi",6779.0,1469,769,47.4979,19.0402,"Átmeneti",JSON_2024,"2025-07-24 14:34:07","2025-07-24 14:34:07",6
2183,"Petőháza","község","Győr-Moson-Sopron",Soproni,264.0,1063,467,47.4979,19.0402,"Átmeneti",JSON_2024,"2025-07-24 14:34:07","2025-07-24 14:34:07",6
2184,"Petőmihályfa","község",Vas,"Vasvári",995.0,203,114,47.4979,19.0402,"Átmeneti",JSON_2024,"2025-07-24 14:34:07","2025-07-24 14:34:07",5
2185,"Petrikeresztúr","község",Zala,Zalaegerszegi,877.0,335,164,47.4979,19.0402,"Átmeneti",JSON_2024,"2025-07-24 14:34:07","2025-07-24 14:34:07",5
2186,Petrivente,"község",Zala,Letenyei,765.0,306,131,47.4979,19.0402,"Átmeneti",JSON_2024,"2025-07-24 14:34:07","2025-07-24 14:34:07",5
2187,Pettend,"község",Baranya,"Szigetvári",598.0,155,49,47.4979,19.0402,"Átmeneti",JSON_2024,"2025-07-24 14:34:07","2025-07-24 14:34:07",5
2188,Piliny,"község","Nógrád","Szécsényi",1604.0,577,273,47.4979,19.0402,"Átmeneti",JSON_2024,"2025-07-24 14:34:07","2025-07-24 14:34:07",5
2189,Pilis,"város",Pest,Monori,4735.0,11806,4782,47.4979,19.0402,"Átmeneti",JSON_2024,"2025-07-24 14:34:07","2025-07-24 14:34:07",7
2190,"Pilisborosjenő","község",Pest,"Pilisvörösvári",927.0,4391,1603,47.4979,19.0402,"Átmeneti",JSON_2024,"2025-07-24 14:34:07","2025-07-24 14:34:07",6
2191,Piliscsaba,"város",Pest,"Pilisvörösvári",2557.0,8560,3077,47.4979,19.0402,"Átmeneti",JSON_2024,"2025-07-24 14:34:07","2025-07-24 14:34:07",6
2192,"Piliscsév","község","Komárom-Esztergom",Esztergomi,2491.0,2508,994,47.4979,19.0402,"Átmeneti",JSON_2024,"2025-07-24 14:34:07","2025-07-24 14:34:07",6
2193,"Pilisjászfalu","község",Pest,"Pilisvörösvári",697.0,2138,761,47.4979,19.0402,"Átmeneti",JSON_2024,"2025-07-24 14:34:07","2025-07-24 14:34:07",6
2194,"Pilismarót","község","Komárom-Esztergom",Esztergomi,4457.0,2166,843,47.4979,19.0402,"Átmeneti",JSON_2024,"2025-07-24 14:34:07","2025-07-24 14:34:07",6
2195,"Pilisvörösvár","város",Pest,"Pilisvörösvári",2430.0,14468,5290,47.4979,19.0402,"Átmeneti",JSON_2024,"2025-07-24 14:34:07","2025-07-24 14:34:07",7
2196,"Pilisszántó","község",Pest,"Pilisvörösvári",1596.0,2665,1521,47.4979,19.0402,"Átmeneti",JSON_2024,"2025-07-24 14:34:07","2025-07-24 14:34:07",6
2197,"Pilisszentiván","község",Pest,"Pilisvörösvári",812.0,4285,1630,47.4979,19.0402,"Átmeneti",JSON_2024,"2025-07-24 14:34:07","2025-07-24 14:34:07",6
2198,Pilisszentkereszt,"község",Pest,Szentendrei,1721.0,2147,858,47.4979,19.0402,"Átmeneti",JSON_2024,"2025-07-24 14:34:07","2025-07-24 14:34:07",6
2199,"Pilisszentlászló","község",Pest,Szentendrei,1775.0,1293,457,47.4979,19.0402,"Átmeneti",JSON_2024,"2025-07-24 14:34:07","2025-07-24 14:34:07",6
2200,Pincehely,"nagyközség",Tolna,"Tamási",5008.0,1988,1019,47.4979,19.0402,"Átmeneti",JSON_2024,"2025-07-24 14:34:07","2025-07-24 14:34:07",6
2201,Pinkamindszent,"község",Vas,"Körmendi",1101.0,175,110,47.4979,19.0402,"Átmeneti",JSON_2024,"2025-07-24 14:34:07","2025-07-24 14:34:07",5
2202,Pinnye,"község","Győr-Moson-Sopron",Soproni,864.0,324,153,47.4979,19.0402,"Átmeneti",JSON_2024,"2025-07-24 14:34:07","2025-07-24 14:34:07",5
2203,Piricse,"község","Szabolcs-Szatmár-Bereg","Nyírbátori",3699.0,1933,581,47.4979,19.0402,"Átmeneti",JSON_2024,"2025-07-24 14:34:07","2025-07-24 14:34:07",6
2204,"Pirtó","község","Bács-Kiskun",Kiskunhalasi,3450.0,805,414,47.4979,19.0402,"Átmeneti",JSON_2024,"2025-07-24 14:34:07","2025-07-24 14:34:07",5
2205,"Piskó","község",Baranya,Sellyei,1155.0,221,80,47.4979,19.0402,"Átmeneti",JSON_2024,"2025-07-24 14:34:07","2025-07-24 14:34:07",5
2206,Pitvaros,"község","Csongrád-Csanád","Makói",1314.0,1161,646,47.4979,19.0402,"Átmeneti",JSON_2024,"2025-07-24 14:34:07","2025-07-24 14:34:07",6
2207,"Pócsa","község",Baranya,"Bólyi",805.0,150,65,47.4979,19.0402,"Átmeneti",JSON_2024,"2025-07-24 14:34:07","2025-07-24 14:34:07",5
2208,Pocsaj,"nagyközség","Hajdú-Bihar",Derecskei,4955.0,2525,972,47.4979,19.0402,"Átmeneti",JSON_2024,"2025-07-24 14:34:07","2025-07-24 14:34:07",6
2209,"Pócsmegyer","község",Pest,Szentendrei,1308.0,2810,1393,47.4979,19.0402,"Átmeneti",JSON_2024,"2025-07-24 14:34:07","2025-07-24 14:34:07",6
2210,"Pócspetri","község","Szabolcs-Szatmár-Bereg","Nyírbátori",2636.0,1477,639,47.4979,19.0402,"Átmeneti",JSON_2024,"2025-07-24 14:34:07","2025-07-24 14:34:07",6
2211,"Pogány","község",Baranya,"Pécsi",1155.0,1354,472,47.4979,19.0402,"Átmeneti",JSON_2024,"2025-07-24 14:34:07","2025-07-24 14:34:07",6
2212,"Pogányszentpéter","község",Somogy,"Csurgói",1315.0,475,184,47.4979,19.0402,"Átmeneti",JSON_2024,"2025-07-24 14:34:07","2025-07-24 14:34:07",5
2213,"Pókaszepetk","község",Zala,Zalaegerszegi,1869.0,859,359,47.4979,19.0402,"Átmeneti",JSON_2024,"2025-07-24 14:34:07","2025-07-24 14:34:07",5
2214,"Polány","község",Somogy,"Kaposvári",1287.0,214,140,47.4979,19.0402,"Átmeneti",JSON_2024,"2025-07-24 14:34:07","2025-07-24 14:34:07",5
2215,"Polgár","város","Hajdú-Bihar","Hajdúnánási",9745.0,7841,3422,47.4979,19.0402,"Átmeneti",JSON_2024,"2025-07-24 14:34:07","2025-07-24 14:34:07",6
2216,"Polgárdi","város","Fejér","Székesfehérvári",7216.0,6633,2429,47.4979,19.0402,"Átmeneti",JSON_2024,"2025-07-24 14:34:07","2025-07-24 14:34:07",6
2217,"Pomáz","város",Pest,Szentendrei,4903.0,18410,7256,47.4979,19.0402,"Átmeneti",JSON_2024,"2025-07-24 14:34:07","2025-07-24 14:34:07",7
2218,Porcsalma,"nagyközség","Szabolcs-Szatmár-Bereg",Csengeri,3110.0,2576,993,47.4979,19.0402,"Átmeneti",JSON_2024,"2025-07-24 14:34:07","2025-07-24 14:34:07",6
2219,"Pornóapáti","község",Vas,Szombathelyi,1514.0,391,145,47.4979,19.0402,"Átmeneti",JSON_2024,"2025-07-24 14:34:07","2025-07-24 14:34:07",5
2220,"Poroszló","község",Heves,"Füzesabonyi",10904.0,2618,1443,47.4979,19.0402,"Átmeneti",JSON_2024,"2025-07-24 14:34:07","2025-07-24 14:34:07",6
2221,"Porpác","község",Vas,"Sárvári",620.0,166,77,47.4979,19.0402,"Átmeneti",JSON_2024,"2025-07-24 14:34:07","2025-07-24 14:34:07",5
2222,Porrog,"község",Somogy,"Csurgói",1402.0,182,123,47.4979,19.0402,"Átmeneti",JSON_2024,"2025-07-24 14:34:07","2025-07-24 14:34:07",5
2223,"Porrogszentkirály","község",Somogy,"Csurgói",1365.0,251,144,47.4979,19.0402,"Átmeneti",JSON_2024,"2025-07-24 14:34:07","2025-07-24 14:34:07",5
2224,"Porrogszentpál","község",Somogy,"Csurgói",354.0,70,43,47.4979,19.0402,"Átmeneti",JSON_2024,"2025-07-24 14:34:07","2025-07-24 14:34:07",5
2225,"Pórszombat","község",Zala,Lenti,1552.0,240,131,47.4979,19.0402,"Átmeneti",JSON_2024,"2025-07-24 14:34:07","2025-07-24 14:34:07",5
2226,Porva,"község","Veszprém",Zirci,2813.0,489,195,47.4979,19.0402,"Átmeneti",JSON_2024,"2025-07-24 14:34:07","2025-07-24 14:34:07",5
2227,"Pósfa","község",Vas,"Sárvári",535.0,260,111,47.4979,19.0402,"Átmeneti",JSON_2024,"2025-07-24 14:34:07","2025-07-24 14:34:07",5
2228,Potony,"község",Somogy,Barcsi,1590.0,200,115,47.4979,19.0402,"Átmeneti",JSON_2024,"2025-07-24 14:34:07","2025-07-24 14:34:07",5
2229,Potyond,"község","Győr-Moson-Sopron",Csornai,284.0,88,49,47.4979,19.0402,"Átmeneti",JSON_2024,"2025-07-24 14:34:07","2025-07-24 14:34:07",5
2230,"Pölöske","község",Zala,Zalaegerszegi,4523.0,747,313,47.4979,19.0402,"Átmeneti",JSON_2024,"2025-07-24 14:34:07","2025-07-24 14:34:07",5
2231,"Pölöskefő","község",Zala,Nagykanizsai,1232.0,386,161,47.4979,19.0402,"Átmeneti",JSON_2024,"2025-07-24 14:34:07","2025-07-24 14:34:07",5
2232,"Pörböly","község",Tolna,"Szekszárdi",1111.0,493,233,47.4979,19.0402,"Átmeneti",JSON_2024,"2025-07-24 14:34:07","2025-07-24 14:34:07",5
2233,"Pördefölde","község",Zala,Lenti,1912.0,67,40,47.4979,19.0402,"Átmeneti",JSON_2024,"2025-07-24 14:34:07","2025-07-24 14:34:07",5
2234,"Pötréte","község",Zala,Nagykanizsai,1412.0,278,151,47.4979,19.0402,"Átmeneti",JSON_2024,"2025-07-24 14:34:07","2025-07-24 14:34:07",5
2235,"Prügy","község","Borsod-Abaúj-Zemplén",Szerencsi,3139.0,2419,807,47.4979,19.0402,"Átmeneti",JSON_2024,"2025-07-24 14:34:07","2025-07-24 14:34:07",6
2236,Pula,"község","Veszprém","Veszprémi",1464.0,162,99,47.4979,19.0402,"Átmeneti",JSON_2024,"2025-07-24 14:34:07","2025-07-24 14:34:07",5
2237,"Pusztaapáti","község",Zala,Lenti,1059.0,20,15,47.4979,19.0402,"Átmeneti",JSON_2024,"2025-07-24 14:34:07","2025-07-24 14:34:07",5
2238,Pusztaberki,"község","Nógrád","Rétsági",685.0,190,115,47.4979,19.0402,"Átmeneti",JSON_2024,"2025-07-24 14:34:07","2025-07-24 14:34:07",5
2239,"Pusztacsalád","község","Győr-Moson-Sopron",Soproni,2406.0,277,134,47.4979,19.0402,"Átmeneti",JSON_2024,"2025-07-24 14:34:07","2025-07-24 14:34:07",5
2240,"Pusztacsó","község",Vas,"Kőszegi",726.0,165,62,47.4979,19.0402,"Átmeneti",JSON_2024,"2025-07-24 14:34:07","2025-07-24 14:34:07",5
2241,Pusztadobos,"község","Szabolcs-Szatmár-Bereg","Vásárosnaményi",1669.0,1352,511,47.4979,19.0402,"Átmeneti",JSON_2024,"2025-07-24 14:34:07","2025-07-24 14:34:07",6
2242,Pusztaederics,"község",Zala,Zalaegerszegi,955.0,165,93,47.4979,19.0402,"Átmeneti",JSON_2024,"2025-07-24 14:34:07","2025-07-24 14:34:07",5
2243,Pusztafalu,"község","Borsod-Abaúj-Zemplén","Sátoraljaújhelyi",700.0,175,105,47.4979,19.0402,"Átmeneti",JSON_2024,"2025-07-24 14:34:07","2025-07-24 14:34:07",5
2244,"Pusztaföldvár","község","Békés","Orosházi",5713.0,1436,824,47.4979,19.0402,"Átmeneti",JSON_2024,"2025-07-24 14:34:07","2025-07-24 14:34:07",6
2245,Pusztahencse,"község",Tolna,Paksi,3171.0,892,365,47.4979,19.0402,"Átmeneti",JSON_2024,"2025-07-24 14:34:07","2025-07-24 14:34:07",5
2246,"Pusztakovácsi","község",Somogy,Marcali,4338.0,792,337,47.4979,19.0402,"Átmeneti",JSON_2024,"2025-07-24 14:34:07","2025-07-24 14:34:07",5
2247,"Pusztamagyaród","község",Zala,Letenyei,1602.0,525,250,47.4979,19.0402,"Átmeneti",JSON_2024,"2025-07-24 14:34:07","2025-07-24 14:34:07",5
2248,"Pusztamérges","község","Csongrád-Csanád","Mórahalmi",2439.0,987,594,47.4979,19.0402,"Átmeneti",JSON_2024,"2025-07-24 14:34:07","2025-07-24 14:34:07",5
2249,Pusztamiske,"község","Veszprém",Devecseri,1781.0,397,142,47.4979,19.0402,"Átmeneti",JSON_2024,"2025-07-24 14:34:07","2025-07-24 14:34:07",5
2250,Pusztamonostor,"község","Jász-Nagykun-Szolnok","Jászberényi",2462.0,1567,732,47.4979,19.0402,"Átmeneti",JSON_2024,"2025-07-24 14:34:07","2025-07-24 14:34:07",6
2251,Pusztaottlaka,"község","Békés","Mezőkovácsházai",1887.0,320,210,47.4979,19.0402,"Átmeneti",JSON_2024,"2025-07-24 14:34:07","2025-07-24 14:34:07",5
2252,"Pusztaradvány","község","Borsod-Abaúj-Zemplén",Encsi,714.0,220,70,47.4979,19.0402,"Átmeneti",JSON_2024,"2025-07-24 14:34:07","2025-07-24 14:34:07",5
2253,Pusztaszabolcs,"város","Fejér","Dunaújvárosi",5167.0,5746,2295,47.4979,19.0402,"Átmeneti",JSON_2024,"2025-07-24 14:34:07","2025-07-24 14:34:07",6
2254,Pusztaszemes,"község",Somogy,"Siófoki",1039.0,376,198,47.4979,19.0402,"Átmeneti",JSON_2024,"2025-07-24 14:34:07","2025-07-24 14:34:07",5
2255,"Pusztaszentlászló","község",Zala,Zalaegerszegi,1034.0,516,272,47.4979,19.0402,"Átmeneti",JSON_2024,"2025-07-24 14:34:07","2025-07-24 14:34:07",5
2256,Pusztaszer,"község","Csongrád-Csanád",Kisteleki,4893.0,1299,765,47.4979,19.0402,"Átmeneti",JSON_2024,"2025-07-24 14:34:07","2025-07-24 14:34:07",6
2257,Pusztavacs,"község",Pest,Dabasi,7907.0,1279,552,47.4979,19.0402,"Átmeneti",JSON_2024,"2025-07-24 14:34:07","2025-07-24 14:34:07",6
2258,"Pusztavám","község","Fejér","Móri",3469.0,2395,988,47.4979,19.0402,"Átmeneti",JSON_2024,"2025-07-24 14:34:07","2025-07-24 14:34:07",6
2259,"Pusztazámor","község",Pest,"Érdi",927.0,1243,471,47.4979,19.0402,"Átmeneti",JSON_2024,"2025-07-24 14:34:07","2025-07-24 14:34:07",6
2260,Putnok,"város","Borsod-Abaúj-Zemplén",Putnoki,3472.0,6335,2416,47.4979,19.0402,"Átmeneti",JSON_2024,"2025-07-24 14:34:07","2025-07-24 14:34:07",6
2261,"Püski","község","Győr-Moson-Sopron","Mosonmagyaróvári",839.0,650,265,47.4979,19.0402,"Átmeneti",JSON_2024,"2025-07-24 14:34:07","2025-07-24 14:34:07",5
2262,"Püspökhatvan","község",Pest,"Váci",2472.0,1347,504,47.4979,19.0402,"Átmeneti",JSON_2024,"2025-07-24 14:34:07","2025-07-24 14:34:07",6
2263,"Püspökladány","város","Hajdú-Bihar","Püspökladányi",18694.0,13121,5803,47.4979,19.0402,"Átmeneti",JSON_2024,"2025-07-24 14:34:07","2025-07-24 14:34:07",7
2264,"Püspökmolnári","község",Vas,"Vasvári",1510.0,882,390,47.4979,19.0402,"Átmeneti",JSON_2024,"2025-07-24 14:34:07","2025-07-24 14:34:07",5
2265,"Püspökszilágy","község",Pest,"Váci",2530.0,743,310,47.4979,19.0402,"Átmeneti",JSON_2024,"2025-07-24 14:34:07","2025-07-24 14:34:07",5
2266,"Rábacsanak","község","Győr-Moson-Sopron",Csornai,1386.0,502,255,47.4979,19.0402,"Átmeneti",JSON_2024,"2025-07-24 14:34:07","2025-07-24 14:34:07",5
2267,"Rábacsécsény","község","Győr-Moson-Sopron","Téti",1568.0,612,243,47.4979,19.0402,"Átmeneti",JSON_2024,"2025-07-24 14:34:07","2025-07-24 14:34:07",5
2268,"Rábagyarmat","község",Vas,"Szentgotthárdi",1679.0,726,299,47.4979,19.0402,"Átmeneti",JSON_2024,"2025-07-24 14:34:07","2025-07-24 14:34:07",5
2269,"Rábahídvég","község",Vas,"Vasvári",2241.0,940,387,47.4979,19.0402,"Átmeneti",JSON_2024,"2025-07-24 14:34:07","2025-07-24 14:34:07",5
2270,"Rábakecöl","község","Győr-Moson-Sopron","Kapuvári",2303.0,659,346,47.4979,19.0402,"Átmeneti",JSON_2024,"2025-07-24 14:34:07","2025-07-24 14:34:07",5
2271,"Rábapatona","község","Győr-Moson-Sopron","Győri",3974.0,2940,1065,47.4979,19.0402,"Átmeneti",JSON_2024,"2025-07-24 14:34:07","2025-07-24 14:34:07",6
2272,"Rábapaty","község",Vas,"Sárvári",2141.0,1715,694,47.4979,19.0402,"Átmeneti",JSON_2024,"2025-07-24 14:34:07","2025-07-24 14:34:07",6
2273,"Rábapordány","község","Győr-Moson-Sopron",Csornai,2190.0,936,447,47.4979,19.0402,"Átmeneti",JSON_2024,"2025-07-24 14:34:07","2025-07-24 14:34:07",5
2274,"Rábasebes","község","Győr-Moson-Sopron",Csornai,539.0,76,85,47.4979,19.0402,"Átmeneti",JSON_2024,"2025-07-24 14:34:07","2025-07-24 14:34:07",5
2275,"Rábaszentandrás","község","Győr-Moson-Sopron",Csornai,1160.0,454,204,47.4979,19.0402,"Átmeneti",JSON_2024,"2025-07-24 14:34:07","2025-07-24 14:34:07",5
2276,"Rábaszentmihály","község","Győr-Moson-Sopron","Téti",1097.0,482,199,47.4979,19.0402,"Átmeneti",JSON_2024,"2025-07-24 14:34:07","2025-07-24 14:34:07",5
2277,"Rábaszentmiklós","község","Győr-Moson-Sopron","Téti",501.0,140,66,47.4979,19.0402,"Átmeneti",JSON_2024,"2025-07-24 14:34:07","2025-07-24 14:34:07",5
2278,"Rábatamási","község","Győr-Moson-Sopron",Csornai,2177.0,990,440,47.4979,19.0402,"Átmeneti",JSON_2024,"2025-07-24 14:34:07","2025-07-24 14:34:07",5
2279,"Rábatöttös","község",Vas,Szombathelyi,648.0,209,110,47.4979,19.0402,"Átmeneti",JSON_2024,"2025-07-24 14:34:07","2025-07-24 14:34:07",5
2280,"Rábcakapi","község","Győr-Moson-Sopron",Csornai,785.0,165,89,47.4979,19.0402,"Átmeneti",JSON_2024,"2025-07-24 14:34:07","2025-07-24 14:34:07",5
2281,"Rácalmás","város","Fejér","Dunaújvárosi",4064.0,4958,1882,47.4979,19.0402,"Átmeneti",JSON_2024,"2025-07-24 14:34:07","2025-07-24 14:34:07",6
2282,"Ráckeresztúr","község","Fejér","Martonvásári",3530.0,3583,1355,47.4979,19.0402,"Átmeneti",JSON_2024,"2025-07-24 14:34:07","2025-07-24 14:34:07",6
2283,"Ráckeve","város",Pest,"Ráckevei",6409.0,11080,4673,47.4979,19.0402,"Átmeneti",JSON_2024,"2025-07-24 14:34:07","2025-07-24 14:34:07",7
2284,"Rád","község",Pest,"Váci",1774.0,2020,714,47.4979,19.0402,"Átmeneti",JSON_2024,"2025-07-24 14:34:07","2025-07-24 14:34:07",6
2285,"Rádfalva","község",Baranya,"Siklósi",1288.0,187,86,47.4979,19.0402,"Átmeneti",JSON_2024,"2025-07-24 14:34:07","2025-07-24 14:34:07",5
2286,"Rádóckölked","község",Vas,"Körmendi",1895.0,311,120,47.4979,19.0402,"Átmeneti",JSON_2024,"2025-07-24 14:34:07","2025-07-24 14:34:07",5
2287,"Radostyán","község","Borsod-Abaúj-Zemplén",Miskolci,810.0,537,221,47.4979,19.0402,"Átmeneti",JSON_2024,"2025-07-24 14:34:07","2025-07-24 14:34:07",5
2288,"Ragály","község","Borsod-Abaúj-Zemplén",Putnoki,1554.0,567,235,47.4979,19.0402,"Átmeneti",JSON_2024,"2025-07-24 14:34:07","2025-07-24 14:34:07",5
2289,Rajka,"község","Győr-Moson-Sopron","Mosonmagyaróvári",5260.0,5588,2612,47.4979,19.0402,"Átmeneti",JSON_2024,"2025-07-24 14:34:07","2025-07-24 14:34:07",6
2290,Rakaca,"község","Borsod-Abaúj-Zemplén","Edelényi",1900.0,805,266,47.4979,19.0402,"Átmeneti",JSON_2024,"2025-07-24 14:34:07","2025-07-24 14:34:07",5
2291,Rakacaszend,"község","Borsod-Abaúj-Zemplén","Edelényi",1571.0,238,157,47.4979,19.0402,"Átmeneti",JSON_2024,"2025-07-24 14:34:07","2025-07-24 14:34:07",5
2292,Rakamaz,"város","Szabolcs-Szatmár-Bereg","Nyíregyházi",4265.0,4186,1821,47.4979,19.0402,"Átmeneti",JSON_2024,"2025-07-24 14:34:07","2025-07-24 14:34:07",6
2293,"Rákóczibánya","község","Nógrád","Salgótarjáni",457.0,502,301,47.4979,19.0402,"Átmeneti",JSON_2024,"2025-07-24 14:34:07","2025-07-24 14:34:07",5
2294,"Rákóczifalva","város","Jász-Nagykun-Szolnok",Szolnoki,3594.0,5020,2233,47.4979,19.0402,"Átmeneti",JSON_2024,"2025-07-24 14:34:07","2025-07-24 14:34:07",6
2295,"Rákócziújfalu","község","Jász-Nagykun-Szolnok",Szolnoki,1961.0,1793,729,47.4979,19.0402,"Átmeneti",JSON_2024,"2025-07-24 14:34:07","2025-07-24 14:34:07",6
2296,"Ráksi","község",Somogy,"Kaposvári",1517.0,415,185,47.4979,19.0402,"Átmeneti",JSON_2024,"2025-07-24 14:34:07","2025-07-24 14:34:07",5
2297,Ramocsa,"község",Zala,Lenti,273.0,29,23,47.4979,19.0402,"Átmeneti",JSON_2024,"2025-07-24 14:34:07","2025-07-24 14:34:07",5
2298,"Ramocsaháza","község","Szabolcs-Szatmár-Bereg","Baktalórántházai",1812.0,1312,523,47.4979,19.0402,"Átmeneti",JSON_2024,"2025-07-24 14:34:07","2025-07-24 14:34:07",6
2299,"Rápolt","község","Szabolcs-Szatmár-Bereg","Mátészalkai",321.0,145,83,47.4979,19.0402,"Átmeneti",JSON_2024,"2025-07-24 14:34:07","2025-07-24 14:34:07",5
2300,Raposka,"község","Veszprém",Tapolcai,490.0,243,106,47.4979,19.0402,"Átmeneti",JSON_2024,"2025-07-24 14:34:07","2025-07-24 14:34:07",5
2301,"Rásonysápberencs","község","Borsod-Abaúj-Zemplén","Szikszói",912.0,519,187,47.4979,19.0402,"Átmeneti",JSON_2024,"2025-07-24 14:34:07","2025-07-24 14:34:07",5
2302,"Rátka","község","Borsod-Abaúj-Zemplén",Szerencsi,1178.0,896,418,47.4979,19.0402,"Átmeneti",JSON_2024,"2025-07-24 14:34:07","2025-07-24 14:34:07",5
2303,"Rátót","község",Vas,"Szentgotthárdi",727.0,243,102,47.4979,19.0402,"Átmeneti",JSON_2024,"2025-07-24 14:34:07","2025-07-24 14:34:07",5
2304,Ravazd,"község","Győr-Moson-Sopron",Pannonhalmi,2855.0,1231,485,47.4979,19.0402,"Átmeneti",JSON_2024,"2025-07-24 14:34:07","2025-07-24 14:34:07",6
2305,Recsk,"nagyközség",Heves,"Pétervásárai",4537.0,2441,1284,47.4979,19.0402,"Átmeneti",JSON_2024,"2025-07-24 14:34:07","2025-07-24 14:34:07",6
2306,"Réde","község","Komárom-Esztergom","Kisbéri",4587.0,1171,551,47.4979,19.0402,"Átmeneti",JSON_2024,"2025-07-24 14:34:07","2025-07-24 14:34:07",6
2307,"Rédics","község",Zala,Lenti,2533.0,878,372,47.4979,19.0402,"Átmeneti",JSON_2024,"2025-07-24 14:34:07","2025-07-24 14:34:07",5
2308,"Regéc","község","Borsod-Abaúj-Zemplén","Gönci",2721.0,64,72,47.4979,19.0402,"Átmeneti",JSON_2024,"2025-07-24 14:34:07","2025-07-24 14:34:07",5
2309,Regenye,"község",Baranya,"Pécsi",615.0,166,66,47.4979,19.0402,"Átmeneti",JSON_2024,"2025-07-24 14:34:07","2025-07-24 14:34:07",5
2310,"Regöly","község",Tolna,"Tamási",6267.0,963,521,47.4979,19.0402,"Átmeneti",JSON_2024,"2025-07-24 14:34:07","2025-07-24 14:34:07",5
2311,"Rém","község","Bács-Kiskun","Jánoshalmai",3993.0,1155,552,47.4979,19.0402,"Átmeneti",JSON_2024,"2025-07-24 14:34:07","2025-07-24 14:34:07",6
2312,"Remeteszőlős","község",Pest,Budakeszi,289.0,1059,456,47.4979,19.0402,"Átmeneti",JSON_2024,"2025-07-24 14:34:07","2025-07-24 14:34:07",6
2313,"Répáshuta","község","Borsod-Abaúj-Zemplén",Miskolci,1679.0,439,192,47.4979,19.0402,"Átmeneti",JSON_2024,"2025-07-24 14:34:07","2025-07-24 14:34:07",5
2314,"Répcelak","város",Vas,"Sárvári",1382.0,2398,1123,47.4979,19.0402,"Átmeneti",JSON_2024,"2025-07-24 14:34:07","2025-07-24 14:34:07",6
2315,"Répceszemere","község","Győr-Moson-Sopron","Kapuvári",942.0,267,138,47.4979,19.0402,"Átmeneti",JSON_2024,"2025-07-24 14:34:07","2025-07-24 14:34:07",5
2316,"Répceszentgyörgy","község",Vas,"Sárvári",575.0,139,75,47.4979,19.0402,"Átmeneti",JSON_2024,"2025-07-24 14:34:07","2025-07-24 14:34:07",5
2317,"Répcevis","község","Győr-Moson-Sopron",Soproni,608.0,320,147,47.4979,19.0402,"Átmeneti",JSON_2024,"2025-07-24 14:34:07","2025-07-24 14:34:07",5
2318,Resznek,"község",Zala,Lenti,1842.0,246,154,47.4979,19.0402,"Átmeneti",JSON_2024,"2025-07-24 14:34:07","2025-07-24 14:34:07",5
2319,"Rétalap","község","Győr-Moson-Sopron","Győri",1320.0,531,216,47.4979,19.0402,"Átmeneti",JSON_2024,"2025-07-24 14:34:07","2025-07-24 14:34:07",5
2320,"Rétközberencs","község","Szabolcs-Szatmár-Bereg","Kisvárdai",1580.0,1077,355,47.4979,19.0402,"Átmeneti",JSON_2024,"2025-07-24 14:34:07","2025-07-24 14:34:07",6
2321,"Rétság","város","Nógrád","Rétsági",1987.0,2635,1169,47.4979,19.0402,"Átmeneti",JSON_2024,"2025-07-24 14:34:07","2025-07-24 14:34:07",6
2322,"Révfülöp","nagyközség","Veszprém",Tapolcai,1036.0,1242,734,47.4979,19.0402,"Átmeneti",JSON_2024,"2025-07-24 14:34:07","2025-07-24 14:34:07",6
2323,"Révleányvár","község","Borsod-Abaúj-Zemplén","Cigándi",1650.0,387,261,47.4979,19.0402,"Átmeneti",JSON_2024,"2025-07-24 14:34:07","2025-07-24 14:34:07",5
2324,Rezi,"község",Zala,Keszthelyi,2977.0,1352,553,47.4979,19.0402,"Átmeneti",JSON_2024,"2025-07-24 14:34:07","2025-07-24 14:34:07",6
2325,Ricse,"nagyközség","Borsod-Abaúj-Zemplén","Cigándi",2475.0,1632,584,47.4979,19.0402,"Átmeneti",JSON_2024,"2025-07-24 14:34:07","2025-07-24 14:34:07",6
2326,"Rigács","község","Veszprém","Sümegi",617.0,190,93,47.4979,19.0402,"Átmeneti",JSON_2024,"2025-07-24 14:34:07","2025-07-24 14:34:07",5
2327,"Rigyác","község",Zala,Nagykanizsai,1536.0,378,150,47.4979,19.0402,"Átmeneti",JSON_2024,"2025-07-24 14:34:07","2025-07-24 14:34:07",5
2328,"Rimóc","község","Nógrád","Szécsényi",2925.0,1545,675,47.4979,19.0402,"Átmeneti",JSON_2024,"2025-07-24 14:34:07","2025-07-24 14:34:07",6
2329,"Rinyabesenyő","község",Somogy,"Nagyatádi",2863.0,177,70,47.4979,19.0402,"Átmeneti",JSON_2024,"2025-07-24 14:34:07","2025-07-24 14:34:07",5
2330,"Rinyakovácsi","község",Somogy,"Kaposvári",1109.0,175,66,47.4979,19.0402,"Átmeneti",JSON_2024,"2025-07-24 14:34:07","2025-07-24 14:34:07",5
2331,"Rinyaszentkirály","község",Somogy,"Nagyatádi",3056.0,370,152,47.4979,19.0402,"Átmeneti",JSON_2024,"2025-07-24 14:34:07","2025-07-24 14:34:07",5
2332,"Rinyaújlak","község",Somogy,Barcsi,2426.0,299,145,47.4979,19.0402,"Átmeneti",JSON_2024,"2025-07-24 14:34:07","2025-07-24 14:34:07",5
2333,"Rinyaújnép","község",Somogy,Barcsi,828.0,49,41,47.4979,19.0402,"Átmeneti",JSON_2024,"2025-07-24 14:34:07","2025-07-24 14:34:07",5
2334,Rohod,"község","Szabolcs-Szatmár-Bereg","Baktalórántházai",1956.0,1140,440,47.4979,19.0402,"Átmeneti",JSON_2024,"2025-07-24 14:34:07","2025-07-24 14:34:07",6
2335,"Románd","község","Győr-Moson-Sopron",Pannonhalmi,985.0,311,149,47.4979,19.0402,"Átmeneti",JSON_2024,"2025-07-24 14:34:07","2025-07-24 14:34:07",5
2336,"Romhány","község","Nógrád","Rétsági",2547.0,2108,925,47.4979,19.0402,"Átmeneti",JSON_2024,"2025-07-24 14:34:07","2025-07-24 14:34:07",6
2337,Romonya,"község",Baranya,"Pécsi",707.0,541,198,47.4979,19.0402,"Átmeneti",JSON_2024,"2025-07-24 14:34:07","2025-07-24 14:34:07",5
2338,"Rózsafa","község",Baranya,"Szigetvári",1664.0,319,140,47.4979,19.0402,"Átmeneti",JSON_2024,"2025-07-24 14:34:07","2025-07-24 14:34:07",5
2339,"Rozsály","község","Szabolcs-Szatmár-Bereg","Fehérgyarmati",1486.0,594,253,47.4979,19.0402,"Átmeneti",JSON_2024,"2025-07-24 14:34:07","2025-07-24 14:34:07",5
2340,"Rózsaszentmárton","község",Heves,Hatvani,1631.0,1832,885,47.4979,19.0402,"Átmeneti",JSON_2024,"2025-07-24 14:34:07","2025-07-24 14:34:07",6
2341,"Röjtökmuzsaj","község","Győr-Moson-Sopron",Soproni,1586.0,475,206,47.4979,19.0402,"Átmeneti",JSON_2024,"2025-07-24 14:34:07","2025-07-24 14:34:07",5
2342,"Rönök","község",Vas,"Szentgotthárdi",1722.0,341,159,47.4979,19.0402,"Átmeneti",JSON_2024,"2025-07-24 14:34:07","2025-07-24 14:34:07",5
2343,"Röszke","község","Csongrád-Csanád",Szegedi,3663.0,3362,1405,47.4979,19.0402,"Átmeneti",JSON_2024,"2025-07-24 14:34:07","2025-07-24 14:34:07",6
2344,"Rudabánya","város","Borsod-Abaúj-Zemplén",Kazincbarcikai,1646.0,2273,1105,47.4979,19.0402,"Átmeneti",JSON_2024,"2025-07-24 14:34:07","2025-07-24 14:34:07",6
2345,Rudolftelep,"község","Borsod-Abaúj-Zemplén",Kazincbarcikai,439.0,676,301,47.4979,19.0402,"Átmeneti",JSON_2024,"2025-07-24 14:34:07","2025-07-24 14:34:07",5
2346,Rum,"község",Vas,Szombathelyi,1685.0,1204,490,47.4979,19.0402,"Átmeneti",JSON_2024,"2025-07-24 14:34:07","2025-07-24 14:34:07",6
2347,Ruzsa,"község","Csongrád-Csanád","Mórahalmi",8468.0,2336,1274,47.4979,19.0402,"Átmeneti",JSON_2024,"2025-07-24 14:34:07","2025-07-24 14:34:07",6
2348,"Ságújfalu","község","Nógrád","Salgótarjáni",1203.0,936,374,47.4979,19.0402,"Átmeneti",JSON_2024,"2025-07-24 14:34:07","2025-07-24 14:34:07",5
2349,"Ságvár","község",Somogy,"Siófoki",3844.0,1924,748,47.4979,19.0402,"Átmeneti",JSON_2024,"2025-07-24 14:34:07","2025-07-24 14:34:07",6
2350,"Sajóbábony","város","Borsod-Abaúj-Zemplén",Miskolci,1343.0,2533,1082,47.4979,19.0402,"Átmeneti",JSON_2024,"2025-07-24 14:34:07","2025-07-24 14:34:07",6
2351,"Sajóecseg","község","Borsod-Abaúj-Zemplén",Miskolci,794.0,971,427,47.4979,19.0402,"Átmeneti",JSON_2024,"2025-07-24 14:34:07","2025-07-24 14:34:07",5
2352,"Sajógalgóc","község","Borsod-Abaúj-Zemplén",Kazincbarcikai,1006.0,308,135,47.4979,19.0402,"Átmeneti",JSON_2024,"2025-07-24 14:34:07","2025-07-24 14:34:07",5
2353,"Sajóhídvég","község","Borsod-Abaúj-Zemplén",Miskolci,1344.0,1026,314,47.4979,19.0402,"Átmeneti",JSON_2024,"2025-07-24 14:34:07","2025-07-24 14:34:07",6
2354,"Sajóivánka","község","Borsod-Abaúj-Zemplén",Kazincbarcikai,1023.0,584,239,47.4979,19.0402,"Átmeneti",JSON_2024,"2025-07-24 14:34:07","2025-07-24 14:34:07",5
2355,"Sajókápolna","község","Borsod-Abaúj-Zemplén",Miskolci,1051.0,360,152,47.4979,19.0402,"Átmeneti",JSON_2024,"2025-07-24 14:34:07","2025-07-24 14:34:07",5
2356,"Sajókaza","község","Borsod-Abaúj-Zemplén",Kazincbarcikai,3072.0,2991,955,47.4979,19.0402,"Átmeneti",JSON_2024,"2025-07-24 14:34:07","2025-07-24 14:34:07",6
2357,"Sajókeresztúr","község","Borsod-Abaúj-Zemplén",Miskolci,1640.0,1512,575,47.4979,19.0402,"Átmeneti",JSON_2024,"2025-07-24 14:34:07","2025-07-24 14:34:07",6
2358,"Sajólád","község","Borsod-Abaúj-Zemplén",Miskolci,1268.0,2864,968,47.4979,19.0402,"Átmeneti",JSON_2024,"2025-07-24 14:34:07","2025-07-24 14:34:07",6
2359,"Sajólászlófalva","község","Borsod-Abaúj-Zemplén",Miskolci,662.0,436,148,47.4979,19.0402,"Átmeneti",JSON_2024,"2025-07-24 14:34:07","2025-07-24 14:34:07",5
2360,"Sajómercse","község","Borsod-Abaúj-Zemplén",Putnoki,1118.0,175,125,47.4979,19.0402,"Átmeneti",JSON_2024,"2025-07-24 14:34:07","2025-07-24 14:34:07",5
2361,"Sajónémeti","község","Borsod-Abaúj-Zemplén",Putnoki,739.0,411,212,47.4979,19.0402,"Átmeneti",JSON_2024,"2025-07-24 14:34:07","2025-07-24 14:34:07",5
2362,"Sajóörös","község","Borsod-Abaúj-Zemplén","Tiszaújvárosi",844.0,1500,581,47.4979,19.0402,"Átmeneti",JSON_2024,"2025-07-24 14:34:07","2025-07-24 14:34:07",6
2363,"Sajópálfala","község","Borsod-Abaúj-Zemplén",Miskolci,711.0,706,290,47.4979,19.0402,"Átmeneti",JSON_2024,"2025-07-24 14:34:07","2025-07-24 14:34:07",5
2364,"Sajópetri","község","Borsod-Abaúj-Zemplén",Miskolci,928.0,1443,481,47.4979,19.0402,"Átmeneti",JSON_2024,"2025-07-24 14:34:07","2025-07-24 14:34:07",6
2365,"Sajópüspöki","község","Borsod-Abaúj-Zemplén",Putnoki,945.0,465,196,47.4979,19.0402,"Átmeneti",JSON_2024,"2025-07-24 14:34:07","2025-07-24 14:34:07",5
2366,"Sajósenye","község","Borsod-Abaúj-Zemplén",Miskolci,847.0,409,143,47.4979,19.0402,"Átmeneti",JSON_2024,"2025-07-24 14:34:07","2025-07-24 14:34:07",5
2367,"Sajószentpéter","város","Borsod-Abaúj-Zemplén",Kazincbarcikai,3485.0,11251,4445,47.4979,19.0402,"Átmeneti",JSON_2024,"2025-07-24 14:34:07","2025-07-24 14:34:07",7
2368,"Sajószöged","község","Borsod-Abaúj-Zemplén","Tiszaújvárosi",1362.0,2384,1007,47.4979,19.0402,"Átmeneti",JSON_2024,"2025-07-24 14:34:07","2025-07-24 14:34:07",6
2369,"Sajóvámos","község","Borsod-Abaúj-Zemplén",Miskolci,3122.0,1996,786,47.4979,19.0402,"Átmeneti",JSON_2024,"2025-07-24 14:34:07","2025-07-24 14:34:07",6
2370,"Sajóvelezd","község","Borsod-Abaúj-Zemplén",Putnoki,2302.0,685,297,47.4979,19.0402,"Átmeneti",JSON_2024,"2025-07-24 14:34:07","2025-07-24 14:34:07",5
2371,"Sajtoskál","község",Vas,"Sárvári",941.0,374,167,47.4979,19.0402,"Átmeneti",JSON_2024,"2025-07-24 14:34:07","2025-07-24 14:34:07",5
2372,"Salföld","község","Veszprém",Tapolcai,518.0,67,46,47.4979,19.0402,"Átmeneti",JSON_2024,"2025-07-24 14:34:07","2025-07-24 14:34:07",5
2373,"Salgótarján","megyeszékhely, megyei jogú város","Nógrád","Salgótarjáni",9300.0,30910,18054,47.4979,19.0402,"Átmeneti",JSON_2024,"2025-07-24 14:34:07","2025-07-24 14:34:07",9
2374,"Salköveskút","község",Vas,Szombathelyi,1320.0,446,196,47.4979,19.0402,"Átmeneti",JSON_2024,"2025-07-24 14:34:07","2025-07-24 14:34:07",5
2375,"Salomvár","község",Zala,Zalaegerszegi,1611.0,559,243,47.4979,19.0402,"Átmeneti",JSON_2024,"2025-07-24 14:34:07","2025-07-24 14:34:07",5
2376,"Sály","község","Borsod-Abaúj-Zemplén","Mezőkövesdi",2557.0,1521,648,47.4979,19.0402,"Átmeneti",JSON_2024,"2025-07-24 14:34:07","2025-07-24 14:34:07",6
2377,"Sámod","község",Baranya,Sellyei,620.0,193,78,47.4979,19.0402,"Átmeneti",JSON_2024,"2025-07-24 14:34:07","2025-07-24 14:34:07",5
2378,"Sámsonháza","község","Nógrád","Salgótarjáni",1271.0,244,152,47.4979,19.0402,"Átmeneti",JSON_2024,"2025-07-24 14:34:07","2025-07-24 14:34:07",5
2379,Sand,"község",Zala,Nagykanizsai,748.0,346,193,47.4979,19.0402,"Átmeneti",JSON_2024,"2025-07-24 14:34:07","2025-07-24 14:34:07",5
2380,"Sándorfalva","város","Csongrád-Csanád",Szegedi,5577.0,8146,3503,47.4979,19.0402,"Átmeneti",JSON_2024,"2025-07-24 14:34:07","2025-07-24 14:34:07",6
2381,"Sántos","község",Somogy,"Kaposvári",1138.0,463,188,47.4979,19.0402,"Átmeneti",JSON_2024,"2025-07-24 14:34:07","2025-07-24 14:34:07",5
2382,"Sáp","község","Hajdú-Bihar","Püspökladányi",1922.0,770,351,47.4979,19.0402,"Átmeneti",JSON_2024,"2025-07-24 14:34:07","2025-07-24 14:34:07",5
2383,"Sáránd","község","Hajdú-Bihar",Derecskei,2268.0,2115,848,47.4979,19.0402,"Átmeneti",JSON_2024,"2025-07-24 14:34:07","2025-07-24 14:34:07",6
2384,"Sárazsadány","község","Borsod-Abaúj-Zemplén","Sárospataki",1531.0,236,179,47.4979,19.0402,"Átmeneti",JSON_2024,"2025-07-24 14:34:07","2025-07-24 14:34:07",5
2385,"Sárbogárd","város","Fejér","Sárbogárdi",18933.0,11518,4998,47.4979,19.0402,"Átmeneti",JSON_2024,"2025-07-24 14:34:07","2025-07-24 14:34:07",7
2386,"Sáregres","község","Fejér","Sárbogárdi",2616.0,677,332,47.4979,19.0402,"Átmeneti",JSON_2024,"2025-07-24 14:34:07","2025-07-24 14:34:07",5
2387,"Sárfimizdó","község",Vas,"Vasvári",746.0,85,58,47.4979,19.0402,"Átmeneti",JSON_2024,"2025-07-24 14:34:07","2025-07-24 14:34:07",5
2388,"Sárhida","község",Zala,Zalaegerszegi,509.0,709,261,47.4979,19.0402,"Átmeneti",JSON_2024,"2025-07-24 14:34:07","2025-07-24 14:34:07",5
2389,"Sárisáp","község","Komárom-Esztergom",Esztergomi,1422.0,2783,1103,47.4979,19.0402,"Átmeneti",JSON_2024,"2025-07-24 14:34:07","2025-07-24 14:34:07",6
2390,Sarkad,"város","Békés",Sarkadi,12557.0,9093,4292,47.4979,19.0402,"Átmeneti",JSON_2024,"2025-07-24 14:34:07","2025-07-24 14:34:07",6
2391,"Sarkadkeresztúr","község","Békés",Sarkadi,3530.0,1323,761,47.4979,19.0402,"Átmeneti",JSON_2024,"2025-07-24 14:34:07","2025-07-24 14:34:07",6
2392,"Sárkeresztes","község","Fejér","Székesfehérvári",2327.0,1489,588,47.4979,19.0402,"Átmeneti",JSON_2024,"2025-07-24 14:34:07","2025-07-24 14:34:07",6
2393,"Sárkeresztúr","község","Fejér","Sárbogárdi",4675.0,2496,716,47.4979,19.0402,"Átmeneti",JSON_2024,"2025-07-24 14:34:07","2025-07-24 14:34:07",6
2394,"Sárkeszi","község","Fejér","Székesfehérvári",1479.0,538,211,47.4979,19.0402,"Átmeneti",JSON_2024,"2025-07-24 14:34:07","2025-07-24 14:34:07",5
2395,"Sármellék","község",Zala,Keszthelyi,3537.0,1749,780,47.4979,19.0402,"Átmeneti",JSON_2024,"2025-07-24 14:34:07","2025-07-24 14:34:07",6
2396,"Sárok","község",Baranya,"Mohácsi",462.0,93,59,47.4979,19.0402,"Átmeneti",JSON_2024,"2025-07-24 14:34:07","2025-07-24 14:34:07",5
2397,"Sárosd","nagyközség","Fejér","Székesfehérvári",4812.0,3064,1150,47.4979,19.0402,"Átmeneti",JSON_2024,"2025-07-24 14:34:07","2025-07-24 14:34:07",6
2398,"Sárospatak","város","Borsod-Abaúj-Zemplén","Sárospataki",13909.0,10583,5289,47.4979,19.0402,"Átmeneti",JSON_2024,"2025-07-24 14:34:07","2025-07-24 14:34:07",7
2399,"Sárpilis","község",Tolna,"Szekszárdi",2170.0,564,209,47.4979,19.0402,"Átmeneti",JSON_2024,"2025-07-24 14:34:07","2025-07-24 14:34:07",5
2400,"Sárrétudvari","nagyközség","Hajdú-Bihar","Püspökladányi",5442.0,2659,1195,47.4979,19.0402,"Átmeneti",JSON_2024,"2025-07-24 14:34:07","2025-07-24 14:34:07",6
2401,"Sarród","község","Győr-Moson-Sopron",Soproni,4006.0,1059,489,47.4979,19.0402,"Átmeneti",JSON_2024,"2025-07-24 14:34:07","2025-07-24 14:34:07",6
2402,"Sárszentágota","község","Fejér","Sárbogárdi",4550.0,1308,509,47.4979,19.0402,"Átmeneti",JSON_2024,"2025-07-24 14:34:07","2025-07-24 14:34:07",6
2403,"Sárszentlőrinc","község",Tolna,Paksi,4669.0,967,475,47.4979,19.0402,"Átmeneti",JSON_2024,"2025-07-24 14:34:07","2025-07-24 14:34:07",5
2404,"Sárszentmihály","község","Fejér","Székesfehérvári",3740.0,3029,1167,47.4979,19.0402,"Átmeneti",JSON_2024,"2025-07-24 14:34:07","2025-07-24 14:34:07",6
2405,Sarud,"község",Heves,"Füzesabonyi",5162.0,967,598,47.4979,19.0402,"Átmeneti",JSON_2024,"2025-07-24 14:34:07","2025-07-24 14:34:07",5
2406,"Sárvár","város",Vas,"Sárvári",6465.0,14200,6963,47.4979,19.0402,"Átmeneti",JSON_2024,"2025-07-24 14:34:07","2025-07-24 14:34:07",7
2407,"Sásd","város",Baranya,"Hegyháti",1488.0,2810,1350,47.4979,19.0402,"Átmeneti",JSON_2024,"2025-07-24 14:34:07","2025-07-24 14:34:07",6
2408,"Sáska","község","Veszprém",Tapolcai,3746.0,246,129,47.4979,19.0402,"Átmeneti",JSON_2024,"2025-07-24 14:34:07","2025-07-24 14:34:07",5
2409,"Sáta","község","Borsod-Abaúj-Zemplén","Ózdi",1646.0,1063,479,47.4979,19.0402,"Átmeneti",JSON_2024,"2025-07-24 14:34:07","2025-07-24 14:34:07",6
2410,"Sátoraljaújhely","város","Borsod-Abaúj-Zemplén","Sátoraljaújhelyi",7345.0,12973,6548,47.4979,19.0402,"Átmeneti",JSON_2024,"2025-07-24 14:34:07","2025-07-24 14:34:07",7
2411,"Sátorhely","község",Baranya,"Mohácsi",1760.0,589,244,47.4979,19.0402,"Átmeneti",JSON_2024,"2025-07-24 14:34:07","2025-07-24 14:34:07",5
2412,"Sávoly","község",Somogy,Marcali,2684.0,437,223,47.4979,19.0402,"Átmeneti",JSON_2024,"2025-07-24 14:34:07","2025-07-24 14:34:07",5
2413,"Sé","község",Vas,Szombathelyi,603.0,1312,505,47.4979,19.0402,"Átmeneti",JSON_2024,"2025-07-24 14:34:07","2025-07-24 14:34:07",6
2414,Segesd,"község",Somogy,"Nagyatádi",7309.0,2176,861,47.4979,19.0402,"Átmeneti",JSON_2024,"2025-07-24 14:34:07","2025-07-24 14:34:07",6
2415,Selyeb,"község","Borsod-Abaúj-Zemplén","Szikszói",1664.0,550,163,47.4979,19.0402,"Átmeneti",JSON_2024,"2025-07-24 14:34:07","2025-07-24 14:34:07",5
2416,Sellye,"város",Baranya,Sellyei,2518.0,2340,1105,47.4979,19.0402,"Átmeneti",JSON_2024,"2025-07-24 14:34:07","2025-07-24 14:34:07",6
2417,"Semjén","község","Borsod-Abaúj-Zemplén","Cigándi",784.0,508,163,47.4979,19.0402,"Átmeneti",JSON_2024,"2025-07-24 14:34:07","2025-07-24 14:34:07",5
2418,"Semjénháza","község",Zala,Letenyei,470.0,528,217,47.4979,19.0402,"Átmeneti",JSON_2024,"2025-07-24 14:34:07","2025-07-24 14:34:07",5
2419,"Sénye","község",Zala,"Zalaszentgróti",304.0,79,35,47.4979,19.0402,"Átmeneti",JSON_2024,"2025-07-24 14:34:07","2025-07-24 14:34:07",5
2420,"Sényő","község","Szabolcs-Szatmár-Bereg","Nyíregyházi",1830.0,1377,504,47.4979,19.0402,"Átmeneti",JSON_2024,"2025-07-24 14:34:07","2025-07-24 14:34:07",6
2421,"Seregélyes","nagyközség","Fejér","Székesfehérvári",7819.0,4291,1675,47.4979,19.0402,"Átmeneti",JSON_2024,"2025-07-24 14:34:07","2025-07-24 14:34:07",6
2422,"Serényfalva","község","Borsod-Abaúj-Zemplén",Putnoki,1964.0,890,364,47.4979,19.0402,"Átmeneti",JSON_2024,"2025-07-24 14:34:07","2025-07-24 14:34:07",5
2423,"Sérsekszőlős","község",Somogy,Tabi,665.0,133,61,47.4979,19.0402,"Átmeneti",JSON_2024,"2025-07-24 14:34:07","2025-07-24 14:34:07",5
2424,"Sikátor","község","Győr-Moson-Sopron",Pannonhalmi,1373.0,336,144,47.4979,19.0402,"Átmeneti",JSON_2024,"2025-07-24 14:34:07","2025-07-24 14:34:07",5
2425,"Siklós","város",Baranya,"Siklósi",5092.0,8679,4091,47.4979,19.0402,"Átmeneti",JSON_2024,"2025-07-24 14:34:07","2025-07-24 14:34:07",6
2426,"Siklósbodony","község",Baranya,"Siklósi",433.0,147,46,47.4979,19.0402,"Átmeneti",JSON_2024,"2025-07-24 14:34:07","2025-07-24 14:34:07",5
2427,"Siklósnagyfalu","község",Baranya,"Siklósi",909.0,382,118,47.4979,19.0402,"Átmeneti",JSON_2024,"2025-07-24 14:34:07","2025-07-24 14:34:07",5
2428,Sima,"község","Borsod-Abaúj-Zemplén","Gönci",488.0,32,28,47.4979,19.0402,"Átmeneti",JSON_2024,"2025-07-24 14:34:07","2025-07-24 14:34:07",5
2429,"Simaság","község",Vas,"Sárvári",1013.0,518,237,47.4979,19.0402,"Átmeneti",JSON_2024,"2025-07-24 14:34:07","2025-07-24 14:34:07",5
2430,Simonfa,"község",Somogy,"Kaposvári",1100.0,364,146,47.4979,19.0402,"Átmeneti",JSON_2024,"2025-07-24 14:34:07","2025-07-24 14:34:07",5
2431,Simontornya,"város",Tolna,"Tamási",3383.0,3566,1844,47.4979,19.0402,"Átmeneti",JSON_2024,"2025-07-24 14:34:07","2025-07-24 14:34:07",6
2432,"Sióagárd","község",Tolna,"Szekszárdi",2440.0,1186,538,47.4979,19.0402,"Átmeneti",JSON_2024,"2025-07-24 14:34:07","2025-07-24 14:34:07",6
2433,"Siófok","város",Somogy,"Siófoki",12466.0,24021,15911,47.4979,19.0402,"Átmeneti",JSON_2024,"2025-07-24 14:34:07","2025-07-24 14:34:07",7
2434,"Siójut","község",Somogy,"Siófoki",1073.0,623,263,47.4979,19.0402,"Átmeneti",JSON_2024,"2025-07-24 14:34:07","2025-07-24 14:34:07",5
2435,Sirok,"község",Heves,"Pétervásárai",6339.0,1656,963,47.4979,19.0402,"Átmeneti",JSON_2024,"2025-07-24 14:34:07","2025-07-24 14:34:07",6
2436,Sitke,"község",Vas,"Sárvári",2720.0,690,331,47.4979,19.0402,"Átmeneti",JSON_2024,"2025-07-24 14:34:07","2025-07-24 14:34:07",5
2437,Sobor,"község","Győr-Moson-Sopron",Csornai,1670.0,276,143,47.4979,19.0402,"Átmeneti",JSON_2024,"2025-07-24 14:34:07","2025-07-24 14:34:07",5
2438,"Sokorópátka","község","Győr-Moson-Sopron","Győri",1685.0,1097,485,47.4979,19.0402,"Átmeneti",JSON_2024,"2025-07-24 14:34:07","2025-07-24 14:34:07",6
2439,Solt,"város","Bács-Kiskun",Kalocsai,13267.0,5874,2913,47.4979,19.0402,"Átmeneti",JSON_2024,"2025-07-24 14:34:07","2025-07-24 14:34:07",6
2440,Soltszentimre,"község","Bács-Kiskun","Kiskőrösi",4449.0,1283,638,47.4979,19.0402,"Átmeneti",JSON_2024,"2025-07-24 14:34:07","2025-07-24 14:34:07",6
2441,Soltvadkert,"város","Bács-Kiskun","Kiskőrösi",10886.0,6913,3391,47.4979,19.0402,"Átmeneti",JSON_2024,"2025-07-24 14:34:07","2025-07-24 14:34:07",6
2442,"Sóly","község","Veszprém","Veszprémi",1028.0,552,200,47.4979,19.0402,"Átmeneti",JSON_2024,"2025-07-24 14:34:07","2025-07-24 14:34:07",5
2443,"Solymár","nagyközség",Pest,"Pilisvörösvári",1786.0,11009,4048,47.4979,19.0402,"Átmeneti",JSON_2024,"2025-07-24 14:34:07","2025-07-24 14:34:07",6
2444,Som,"község",Somogy,"Siófoki",2335.0,685,265,47.4979,19.0402,"Átmeneti",JSON_2024,"2025-07-24 14:34:07","2025-07-24 14:34:07",5
2445,Somberek,"község",Baranya,"Mohácsi",3142.0,1308,519,47.4979,19.0402,"Átmeneti",JSON_2024,"2025-07-24 14:34:07","2025-07-24 14:34:07",6
2446,"Somlójenő","község","Veszprém",Devecseri,815.0,292,138,47.4979,19.0402,"Átmeneti",JSON_2024,"2025-07-24 14:34:07","2025-07-24 14:34:07",5
2447,"Somlószőlős","község","Veszprém",Devecseri,1945.0,598,297,47.4979,19.0402,"Átmeneti",JSON_2024,"2025-07-24 14:34:07","2025-07-24 14:34:07",5
2448,"Somlóvásárhely","község","Veszprém",Devecseri,2320.0,1010,455,47.4979,19.0402,"Átmeneti",JSON_2024,"2025-07-24 14:34:07","2025-07-24 14:34:07",6
2449,"Somlóvecse","község","Veszprém",Devecseri,493.0,74,53,47.4979,19.0402,"Átmeneti",JSON_2024,"2025-07-24 14:34:07","2025-07-24 14:34:07",5
2450,Somodor,"község",Somogy,"Kaposvári",1991.0,358,165,47.4979,19.0402,"Átmeneti",JSON_2024,"2025-07-24 14:34:07","2025-07-24 14:34:07",5
2451,Somogyacsa,"község",Somogy,Tabi,2446.0,150,163,47.4979,19.0402,"Átmeneti",JSON_2024,"2025-07-24 14:34:07","2025-07-24 14:34:07",5
2452,"Somogyapáti","község",Baranya,"Szigetvári",1070.0,478,198,47.4979,19.0402,"Átmeneti",JSON_2024,"2025-07-24 14:34:07","2025-07-24 14:34:07",5
2453,Somogyaracs,"község",Somogy,Barcsi,770.0,168,64,47.4979,19.0402,"Átmeneti",JSON_2024,"2025-07-24 14:34:07","2025-07-24 14:34:07",5
2454,"Somogyaszaló","község",Somogy,"Kaposvári",2212.0,726,286,47.4979,19.0402,"Átmeneti",JSON_2024,"2025-07-24 14:34:07","2025-07-24 14:34:07",5
2455,Somogybabod,"község",Somogy,"Fonyódi",1058.0,467,220,47.4979,19.0402,"Átmeneti",JSON_2024,"2025-07-24 14:34:07","2025-07-24 14:34:07",5
2456,"Somogybükkösd","község",Somogy,"Csurgói",1180.0,87,68,47.4979,19.0402,"Átmeneti",JSON_2024,"2025-07-24 14:34:07","2025-07-24 14:34:07",5
2457,"Somogycsicsó","község",Somogy,"Csurgói",1238.0,134,75,47.4979,19.0402,"Átmeneti",JSON_2024,"2025-07-24 14:34:07","2025-07-24 14:34:07",5
2458,"Somogydöröcske","község",Somogy,Tabi,1083.0,137,93,47.4979,19.0402,"Átmeneti",JSON_2024,"2025-07-24 14:34:07","2025-07-24 14:34:07",5
2459,Somogyegres,"község",Somogy,Tabi,1081.0,155,128,47.4979,19.0402,"Átmeneti",JSON_2024,"2025-07-24 14:34:07","2025-07-24 14:34:07",5
2460,Somogyfajsz,"község",Somogy,"Kaposvári",1826.0,485,215,47.4979,19.0402,"Átmeneti",JSON_2024,"2025-07-24 14:34:07","2025-07-24 14:34:07",5
2461,Somogygeszti,"község",Somogy,"Kaposvári",2171.0,409,192,47.4979,19.0402,"Átmeneti",JSON_2024,"2025-07-24 14:34:07","2025-07-24 14:34:07",5
2462,"Somogyhárságy","község",Baranya,"Szigetvári",3097.0,346,211,47.4979,19.0402,"Átmeneti",JSON_2024,"2025-07-24 14:34:07","2025-07-24 14:34:07",5
2463,Somogyhatvan,"község",Baranya,"Szigetvári",1352.0,315,124,47.4979,19.0402,"Átmeneti",JSON_2024,"2025-07-24 14:34:07","2025-07-24 14:34:07",5
2464,"Somogyjád","község",Somogy,"Kaposvári",2506.0,1451,561,47.4979,19.0402,"Átmeneti",JSON_2024,"2025-07-24 14:34:07","2025-07-24 14:34:07",6
2465,Somogymeggyes,"község",Somogy,Tabi,1565.0,448,228,47.4979,19.0402,"Átmeneti",JSON_2024,"2025-07-24 14:34:07","2025-07-24 14:34:07",5
2466,"Somogysámson","község",Somogy,Marcali,2177.0,685,276,47.4979,19.0402,"Átmeneti",JSON_2024,"2025-07-24 14:34:07","2025-07-24 14:34:07",5
2467,"Somogysárd","község",Somogy,"Kaposvári",3636.0,1154,489,47.4979,19.0402,"Átmeneti",JSON_2024,"2025-07-24 14:34:07","2025-07-24 14:34:07",6
2468,Somogysimonyi,"község",Somogy,Marcali,1582.0,80,53,47.4979,19.0402,"Átmeneti",JSON_2024,"2025-07-24 14:34:07","2025-07-24 14:34:07",5
2469,"Somogyszentpál","község",Somogy,Marcali,2896.0,769,361,47.4979,19.0402,"Átmeneti",JSON_2024,"2025-07-24 14:34:07","2025-07-24 14:34:07",5
2470,Somogyszil,"község",Somogy,"Kaposvári",3846.0,644,331,47.4979,19.0402,"Átmeneti",JSON_2024,"2025-07-24 14:34:07","2025-07-24 14:34:07",5
2471,Somogyszob,"község",Somogy,"Nagyatádi",4008.0,1382,625,47.4979,19.0402,"Átmeneti",JSON_2024,"2025-07-24 14:34:07","2025-07-24 14:34:07",6
2472,"Somogytúr","község",Somogy,"Fonyódi",3530.0,437,203,47.4979,19.0402,"Átmeneti",JSON_2024,"2025-07-24 14:34:07","2025-07-24 14:34:07",5
2473,Somogyudvarhely,"község",Somogy,"Csurgói",4042.0,931,434,47.4979,19.0402,"Átmeneti",JSON_2024,"2025-07-24 14:34:07","2025-07-24 14:34:07",5
2474,"Somogyvámos","község",Somogy,"Fonyódi",2502.0,697,331,47.4979,19.0402,"Átmeneti",JSON_2024,"2025-07-24 14:34:07","2025-07-24 14:34:07",5
2475,"Somogyvár","község",Somogy,"Fonyódi",5299.0,1653,718,47.4979,19.0402,"Átmeneti",JSON_2024,"2025-07-24 14:34:07","2025-07-24 14:34:07",6
2476,"Somogyviszló","község",Baranya,"Szigetvári",1263.0,219,111,47.4979,19.0402,"Átmeneti",JSON_2024,"2025-07-24 14:34:07","2025-07-24 14:34:07",5
2477,Somogyzsitfa,"község",Somogy,Marcali,2722.0,512,297,47.4979,19.0402,"Átmeneti",JSON_2024,"2025-07-24 14:34:07","2025-07-24 14:34:07",5
2478,"Somoskőújfalu","község","Nógrád","Salgótarjáni",1017.0,2015,1069,47.4979,19.0402,"Átmeneti",JSON_2024,"2025-07-24 14:34:07","2025-07-24 14:34:07",6
2479,"Sonkád","község","Szabolcs-Szatmár-Bereg","Fehérgyarmati",1981.0,643,236,47.4979,19.0402,"Átmeneti",JSON_2024,"2025-07-24 14:34:07","2025-07-24 14:34:07",5
2480,Soponya,"nagyközség","Fejér","Székesfehérvári",4996.0,1780,673,47.4979,19.0402,"Átmeneti",JSON_2024,"2025-07-24 14:34:07","2025-07-24 14:34:07",6
2481,Sopron,"megyei jogú város","Győr-Moson-Sopron",Soproni,16905.0,61589,29796,47.4979,19.0402,"Átmeneti",JSON_2024,"2025-07-24 14:34:07","2025-07-24 14:34:07",8
2482,"Sopronhorpács","község","Győr-Moson-Sopron",Soproni,2069.0,876,315,47.4979,19.0402,"Átmeneti",JSON_2024,"2025-07-24 14:34:07","2025-07-24 14:34:07",5
2483,"Sopronkövesd","község","Győr-Moson-Sopron",Soproni,2681.0,1449,566,47.4979,19.0402,"Átmeneti",JSON_2024,"2025-07-24 14:34:07","2025-07-24 14:34:07",6
2484,"Sopronnémeti","község","Győr-Moson-Sopron",Csornai,710.0,294,117,47.4979,19.0402,"Átmeneti",JSON_2024,"2025-07-24 14:34:07","2025-07-24 14:34:07",5
2485,Sorkifalud,"község",Vas,Szombathelyi,1737.0,639,262,47.4979,19.0402,"Átmeneti",JSON_2024,"2025-07-24 14:34:07","2025-07-24 14:34:07",5
2486,"Sorkikápolna","község",Vas,Szombathelyi,886.0,226,96,47.4979,19.0402,"Átmeneti",JSON_2024,"2025-07-24 14:34:07","2025-07-24 14:34:07",5
2487,"Sormás","község",Zala,Nagykanizsai,1637.0,757,319,47.4979,19.0402,"Átmeneti",JSON_2024,"2025-07-24 14:34:07","2025-07-24 14:34:07",5
2488,"Sorokpolány","község",Vas,Szombathelyi,1329.0,762,288,47.4979,19.0402,"Átmeneti",JSON_2024,"2025-07-24 14:34:07","2025-07-24 14:34:07",5
2489,"Sóshartyán","község","Nógrád","Salgótarjáni",1214.0,867,301,47.4979,19.0402,"Átmeneti",JSON_2024,"2025-07-24 14:34:07","2025-07-24 14:34:07",5
2490,"Sóskút","község",Pest,"Érdi",2489.0,3665,1460,47.4979,19.0402,"Átmeneti",JSON_2024,"2025-07-24 14:34:07","2025-07-24 14:34:07",6
2491,"Sóstófalva","község","Borsod-Abaúj-Zemplén",Miskolci,728.0,232,100,47.4979,19.0402,"Átmeneti",JSON_2024,"2025-07-24 14:34:07","2025-07-24 14:34:07",5
2492,"Sósvertike","község",Baranya,Sellyei,660.0,149,69,47.4979,19.0402,"Átmeneti",JSON_2024,"2025-07-24 14:34:07","2025-07-24 14:34:07",5
2493,"Sótony","község",Vas,"Sárvári",1493.0,589,283,47.4979,19.0402,"Átmeneti",JSON_2024,"2025-07-24 14:34:07","2025-07-24 14:34:07",5
2494,"Söjtör","község",Zala,Zalaegerszegi,3617.0,1440,613,47.4979,19.0402,"Átmeneti",JSON_2024,"2025-07-24 14:34:07","2025-07-24 14:34:07",6
2495,"Söpte","község",Vas,Szombathelyi,1278.0,762,280,47.4979,19.0402,"Átmeneti",JSON_2024,"2025-07-24 14:34:07","2025-07-24 14:34:07",5
2496,"Söréd","község","Fejér","Móri",625.0,551,217,47.4979,19.0402,"Átmeneti",JSON_2024,"2025-07-24 14:34:07","2025-07-24 14:34:07",5
2497,"Sukoró","község","Fejér","Gárdonyi",1627.0,2078,1025,47.4979,19.0402,"Átmeneti",JSON_2024,"2025-07-24 14:34:07","2025-07-24 14:34:07",6
2498,Sumony,"község",Baranya,"Szentlőrinci",2021.0,395,154,47.4979,19.0402,"Átmeneti",JSON_2024,"2025-07-24 14:34:07","2025-07-24 14:34:07",5
2499,"Súr","község","Komárom-Esztergom","Kisbéri",3737.0,1230,500,47.4979,19.0402,"Átmeneti",JSON_2024,"2025-07-24 14:34:07","2025-07-24 14:34:07",6
2500,Surd,"község",Zala,Nagykanizsai,2194.0,535,236,47.4979,19.0402,"Átmeneti",JSON_2024,"2025-07-24 14:34:07","2025-07-24 14:34:07",5
2501,"Sükösd","nagyközség","Bács-Kiskun",Bajai,9418.0,3359,1514,47.4979,19.0402,"Átmeneti",JSON_2024,"2025-07-24 14:34:07","2025-07-24 14:34:07",6
2502,"Sülysáp","város",Pest,"Nagykátai",4719.0,8539,3153,47.4979,19.0402,"Átmeneti",JSON_2024,"2025-07-24 14:34:07","2025-07-24 14:34:07",6
2503,"Sümeg","város","Veszprém","Sümegi",6413.0,5791,2647,47.4979,19.0402,"Átmeneti",JSON_2024,"2025-07-24 14:34:07","2025-07-24 14:34:07",6
2504,"Sümegcsehi","község",Zala,"Zalaszentgróti",1743.0,515,262,47.4979,19.0402,"Átmeneti",JSON_2024,"2025-07-24 14:34:07","2025-07-24 14:34:07",5
2505,"Sümegprága","község","Veszprém","Sümegi",578.0,564,249,47.4979,19.0402,"Átmeneti",JSON_2024,"2025-07-24 14:34:07","2025-07-24 14:34:07",5
2506,"Süttő","község","Komárom-Esztergom",Esztergomi,3446.0,1986,805,47.4979,19.0402,"Átmeneti",JSON_2024,"2025-07-24 14:34:07","2025-07-24 14:34:07",6
2507,"Szabadbattyán","nagyközség","Fejér","Székesfehérvári",3366.0,4741,1781,47.4979,19.0402,"Átmeneti",JSON_2024,"2025-07-24 14:34:07","2025-07-24 14:34:07",6
2508,"Szabadegyháza","község","Fejér","Gárdonyi",4164.0,2002,800,47.4979,19.0402,"Átmeneti",JSON_2024,"2025-07-24 14:34:07","2025-07-24 14:34:07",6
2509,"Szabadhídvég","község","Fejér",Enyingi,4410.0,807,363,47.4979,19.0402,"Átmeneti",JSON_2024,"2025-07-24 14:34:07","2025-07-24 14:34:07",5
2510,Szabadi,"község",Somogy,"Kaposvári",823.0,244,121,47.4979,19.0402,"Átmeneti",JSON_2024,"2025-07-24 14:34:07","2025-07-24 14:34:07",5
2511,"Szabadkígyós","község","Békés","Békéscsabai",4556.0,2345,1086,47.4979,19.0402,"Átmeneti",JSON_2024,"2025-07-24 14:34:07","2025-07-24 14:34:07",6
2512,"Szabadszállás","város","Bács-Kiskun","Kunszentmiklósi",16462.0,5955,3009,47.4979,19.0402,"Átmeneti",JSON_2024,"2025-07-24 14:34:07","2025-07-24 14:34:07",6
2513,"Szabadszentkirály","község",Baranya,"Szentlőrinci",1269.0,714,287,47.4979,19.0402,"Átmeneti",JSON_2024,"2025-07-24 14:34:07","2025-07-24 14:34:07",5
2514,"Szabás","község",Somogy,"Nagyatádi",1811.0,575,182,47.4979,19.0402,"Átmeneti",JSON_2024,"2025-07-24 14:34:07","2025-07-24 14:34:07",5
2515,Szabolcs,"község","Szabolcs-Szatmár-Bereg","Nyíregyházi",588.0,343,186,47.4979,19.0402,"Átmeneti",JSON_2024,"2025-07-24 14:34:07","2025-07-24 14:34:07",5
2516,"Szabolcsbáka","község","Szabolcs-Szatmár-Bereg","Kisvárdai",1984.0,1103,433,47.4979,19.0402,"Átmeneti",JSON_2024,"2025-07-24 14:34:07","2025-07-24 14:34:07",6
2517,Szabolcsveresmart,"község","Szabolcs-Szatmár-Bereg","Kisvárdai",2295.0,1432,545,47.4979,19.0402,"Átmeneti",JSON_2024,"2025-07-24 14:34:07","2025-07-24 14:34:07",6
2518,Szada,"nagyközség",Pest,"Gödöllői",1671.0,6499,2199,47.4979,19.0402,"Átmeneti",JSON_2024,"2025-07-24 14:34:07","2025-07-24 14:34:07",6
2519,"Szágy","község",Baranya,"Hegyháti",940.0,106,61,47.4979,19.0402,"Átmeneti",JSON_2024,"2025-07-24 14:34:07","2025-07-24 14:34:07",5
2520,Szajk,"község",Baranya,"Bólyi",1136.0,751,317,47.4979,19.0402,"Átmeneti",JSON_2024,"2025-07-24 14:34:07","2025-07-24 14:34:07",5
2521,Szajla,"község",Heves,"Pétervásárai",870.0,601,327,47.4979,19.0402,"Átmeneti",JSON_2024,"2025-07-24 14:34:07","2025-07-24 14:34:07",5
2522,Szajol,"község","Jász-Nagykun-Szolnok",Szolnoki,3697.0,3722,1584,47.4979,19.0402,"Átmeneti",JSON_2024,"2025-07-24 14:34:07","2025-07-24 14:34:07",6
2523,"Szakácsi","község","Borsod-Abaúj-Zemplén","Edelényi",863.0,211,59,47.4979,19.0402,"Átmeneti",JSON_2024,"2025-07-24 14:34:07","2025-07-24 14:34:07",5
2524,"Szakadát","község",Tolna,"Tamási",1070.0,205,146,47.4979,19.0402,"Átmeneti",JSON_2024,"2025-07-24 14:34:07","2025-07-24 14:34:07",5
2525,"Szakáld","község","Borsod-Abaúj-Zemplén","Tiszaújvárosi",1140.0,436,223,47.4979,19.0402,"Átmeneti",JSON_2024,"2025-07-24 14:34:07","2025-07-24 14:34:07",5
2526,"Szakály","község",Tolna,"Tamási",4102.0,1203,595,47.4979,19.0402,"Átmeneti",JSON_2024,"2025-07-24 14:34:07","2025-07-24 14:34:07",6
2527,Szakcs,"község",Tolna,"Dombóvári",5579.0,735,441,47.4979,19.0402,"Átmeneti",JSON_2024,"2025-07-24 14:34:07","2025-07-24 14:34:07",5
2528,"Szakmár","község","Bács-Kiskun",Kalocsai,7464.0,1062,591,47.4979,19.0402,"Átmeneti",JSON_2024,"2025-07-24 14:34:07","2025-07-24 14:34:07",6
2529,"Szaknyér","község",Vas,"Körmendi",293.0,44,44,47.4979,19.0402,"Átmeneti",JSON_2024,"2025-07-24 14:34:07","2025-07-24 14:34:07",5
2530,Szakoly,"község","Szabolcs-Szatmár-Bereg","Nagykállói",4145.0,2539,980,47.4979,19.0402,"Átmeneti",JSON_2024,"2025-07-24 14:34:07","2025-07-24 14:34:07",6
2531,Szakony,"község","Győr-Moson-Sopron",Soproni,1350.0,438,218,47.4979,19.0402,"Átmeneti",JSON_2024,"2025-07-24 14:34:07","2025-07-24 14:34:07",5
2532,Szakonyfalu,"község",Vas,"Szentgotthárdi",1119.0,323,139,47.4979,19.0402,"Átmeneti",JSON_2024,"2025-07-24 14:34:07","2025-07-24 14:34:07",5
2533,"Szákszend","község","Komárom-Esztergom","Oroszlányi",3593.0,1453,628,47.4979,19.0402,"Átmeneti",JSON_2024,"2025-07-24 14:34:07","2025-07-24 14:34:07",6
2534,"Szalafő","község",Vas,"Körmendi",2737.0,214,155,47.4979,19.0402,"Átmeneti",JSON_2024,"2025-07-24 14:34:07","2025-07-24 14:34:07",5
2535,"Szalánta","község",Baranya,"Pécsi",1708.0,1153,421,47.4979,19.0402,"Átmeneti",JSON_2024,"2025-07-24 14:34:07","2025-07-24 14:34:07",6
2536,Szalapa,"község",Zala,"Zalaszentgróti",452.0,167,93,47.4979,19.0402,"Átmeneti",JSON_2024,"2025-07-24 14:34:07","2025-07-24 14:34:07",5
2537,Szalaszend,"község","Borsod-Abaúj-Zemplén",Encsi,1822.0,1017,366,47.4979,19.0402,"Átmeneti",JSON_2024,"2025-07-24 14:34:07","2025-07-24 14:34:07",6
2538,Szalatnak,"község",Baranya,"Komlói",1028.0,294,169,47.4979,19.0402,"Átmeneti",JSON_2024,"2025-07-24 14:34:07","2025-07-24 14:34:07",5
2539,"Szálka","község",Tolna,"Szekszárdi",1708.0,579,256,47.4979,19.0402,"Átmeneti",JSON_2024,"2025-07-24 14:34:07","2025-07-24 14:34:07",5
2540,"Szalkszentmárton","község","Bács-Kiskun","Kunszentmiklósi",8208.0,2814,1314,47.4979,19.0402,"Átmeneti",JSON_2024,"2025-07-24 14:34:07","2025-07-24 14:34:07",6
2541,Szalmatercs,"község","Nógrád","Szécsényi",758.0,471,187,47.4979,19.0402,"Átmeneti",JSON_2024,"2025-07-24 14:34:07","2025-07-24 14:34:07",5
2542,Szalonna,"község","Borsod-Abaúj-Zemplén","Edelényi",2008.0,971,404,47.4979,19.0402,"Átmeneti",JSON_2024,"2025-07-24 14:34:07","2025-07-24 14:34:07",5
2543,Szamosangyalos,"község","Szabolcs-Szatmár-Bereg",Csengeri,804.0,485,187,47.4979,19.0402,"Átmeneti",JSON_2024,"2025-07-24 14:34:07","2025-07-24 14:34:07",5
2544,Szamosbecs,"község","Szabolcs-Szatmár-Bereg",Csengeri,671.0,315,166,47.4979,19.0402,"Átmeneti",JSON_2024,"2025-07-24 14:34:07","2025-07-24 14:34:07",5
2545,"Szamoskér","község","Szabolcs-Szatmár-Bereg","Mátészalkai",971.0,372,183,47.4979,19.0402,"Átmeneti",JSON_2024,"2025-07-24 14:34:07","2025-07-24 14:34:07",5
2546,"Szamossályi","község","Szabolcs-Szatmár-Bereg","Fehérgyarmati",1158.0,606,316,47.4979,19.0402,"Átmeneti",JSON_2024,"2025-07-24 14:34:07","2025-07-24 14:34:07",5
2547,"Szamostatárfalva","község","Szabolcs-Szatmár-Bereg",Csengeri,450.0,284,124,47.4979,19.0402,"Átmeneti",JSON_2024,"2025-07-24 14:34:07","2025-07-24 14:34:07",5
2548,"Szamosújlak","község","Szabolcs-Szatmár-Bereg","Fehérgyarmati",527.0,352,188,47.4979,19.0402,"Átmeneti",JSON_2024,"2025-07-24 14:34:07","2025-07-24 14:34:07",5
2549,Szamosszeg,"község","Szabolcs-Szatmár-Bereg","Mátészalkai",3530.0,1662,725,47.4979,19.0402,"Átmeneti",JSON_2024,"2025-07-24 14:34:07","2025-07-24 14:34:07",6
2550,Szanda,"község","Nógrád",Balassagyarmati,2148.0,518,409,47.4979,19.0402,"Átmeneti",JSON_2024,"2025-07-24 14:34:07","2025-07-24 14:34:07",5
2551,Szank,"község","Bács-Kiskun",Kiskunmajsai,7483.0,2170,1130,47.4979,19.0402,"Átmeneti",JSON_2024,"2025-07-24 14:34:07","2025-07-24 14:34:07",6
2552,"Szántód","község",Somogy,"Siófoki",791.0,583,824,47.4979,19.0402,"Átmeneti",JSON_2024,"2025-07-24 14:34:07","2025-07-24 14:34:07",5
2553,Szany,"nagyközség","Győr-Moson-Sopron",Csornai,3415.0,2016,973,47.4979,19.0402,"Átmeneti",JSON_2024,"2025-07-24 14:34:07","2025-07-24 14:34:07",6
2554,"Szápár","község","Veszprém",Zirci,709.0,477,192,47.4979,19.0402,"Átmeneti",JSON_2024,"2025-07-24 14:34:07","2025-07-24 14:34:07",5
2555,Szaporca,"község",Baranya,"Siklósi",965.0,201,97,47.4979,19.0402,"Átmeneti",JSON_2024,"2025-07-24 14:34:07","2025-07-24 14:34:07",5
2556,"Szár","község","Fejér",Bicskei,2263.0,1708,617,47.4979,19.0402,"Átmeneti",JSON_2024,"2025-07-24 14:34:07","2025-07-24 14:34:07",6
2557,"Szárász","község",Baranya,"Komlói",598.0,38,31,47.4979,19.0402,"Átmeneti",JSON_2024,"2025-07-24 14:34:07","2025-07-24 14:34:07",5
2558,"Szárazd","község",Tolna,"Tamási",779.0,213,121,47.4979,19.0402,"Átmeneti",JSON_2024,"2025-07-24 14:34:07","2025-07-24 14:34:07",5
2559,"Szárföld","község","Győr-Moson-Sopron","Kapuvári",1711.0,1042,431,47.4979,19.0402,"Átmeneti",JSON_2024,"2025-07-24 14:34:07","2025-07-24 14:34:07",6
2560,"Szárliget","község","Komárom-Esztergom","Tatabányai",1456.0,2366,892,47.4979,19.0402,"Átmeneti",JSON_2024,"2025-07-24 14:34:07","2025-07-24 14:34:07",6
2561,Szarvas,"város","Békés",Szarvasi,16157.0,14464,7760,47.4979,19.0402,"Átmeneti",JSON_2024,"2025-07-24 14:34:07","2025-07-24 14:34:07",7
2562,Szarvasgede,"község","Nógrád","Pásztói",999.0,396,207,47.4979,19.0402,"Átmeneti",JSON_2024,"2025-07-24 14:34:07","2025-07-24 14:34:07",5
2563,Szarvaskend,"község",Vas,"Körmendi",1034.0,206,120,47.4979,19.0402,"Átmeneti",JSON_2024,"2025-07-24 14:34:07","2025-07-24 14:34:07",5
2564,"Szarvaskő","község",Heves,Egri,1259.0,312,198,47.4979,19.0402,"Átmeneti",JSON_2024,"2025-07-24 14:34:07","2025-07-24 14:34:07",5
2565,"Szászberek","község","Jász-Nagykun-Szolnok",Szolnoki,3922.0,894,413,47.4979,19.0402,"Átmeneti",JSON_2024,"2025-07-24 14:34:07","2025-07-24 14:34:07",5
2566,"Szászfa","község","Borsod-Abaúj-Zemplén","Szikszói",1213.0,94,82,47.4979,19.0402,"Átmeneti",JSON_2024,"2025-07-24 14:34:07","2025-07-24 14:34:07",5
2567,"Szászvár","nagyközség",Baranya,"Komlói",2117.0,2158,1033,47.4979,19.0402,"Átmeneti",JSON_2024,"2025-07-24 14:34:07","2025-07-24 14:34:07",6
2568,"Szatmárcseke","község","Szabolcs-Szatmár-Bereg","Fehérgyarmati",3630.0,1468,584,47.4979,19.0402,"Átmeneti",JSON_2024,"2025-07-24 14:34:07","2025-07-24 14:34:07",6
2569,"Szátok","község","Nógrád","Rétsági",895.0,566,167,47.4979,19.0402,"Átmeneti",JSON_2024,"2025-07-24 14:34:07","2025-07-24 14:34:07",5
2570,Szatta,"község",Vas,"Körmendi",601.0,65,45,47.4979,19.0402,"Átmeneti",JSON_2024,"2025-07-24 14:34:07","2025-07-24 14:34:07",5
2571,Szatymaz,"község","Csongrád-Csanád",Szegedi,5372.0,4979,2523,47.4979,19.0402,"Átmeneti",JSON_2024,"2025-07-24 14:34:07","2025-07-24 14:34:07",6
2572,Szava,"község",Baranya,"Siklósi",1264.0,319,128,47.4979,19.0402,"Átmeneti",JSON_2024,"2025-07-24 14:34:07","2025-07-24 14:34:07",5
2573,"Százhalombatta","város",Pest,"Érdi",2806.0,17971,7803,47.4979,19.0402,"Átmeneti",JSON_2024,"2025-07-24 14:34:07","2025-07-24 14:34:07",7
2574,"Szebény","község",Baranya,"Mohácsi",1437.0,290,163,47.4979,19.0402,"Átmeneti",JSON_2024,"2025-07-24 14:34:07","2025-07-24 14:34:07",5
2575,"Szécsénke","község","Nógrád",Balassagyarmati,978.0,195,127,47.4979,19.0402,"Átmeneti",JSON_2024,"2025-07-24 14:34:07","2025-07-24 14:34:07",5
2576,"Szécsény","város","Nógrád","Szécsényi",4567.0,5155,2476,47.4979,19.0402,"Átmeneti",JSON_2024,"2025-07-24 14:34:07","2025-07-24 14:34:07",6
2577,"Szécsényfelfalu","község","Nógrád","Szécsényi",822.0,399,220,47.4979,19.0402,"Átmeneti",JSON_2024,"2025-07-24 14:34:07","2025-07-24 14:34:07",5
2578,"Szécsisziget","község",Zala,Lenti,620.0,192,105,47.4979,19.0402,"Átmeneti",JSON_2024,"2025-07-24 14:34:07","2025-07-24 14:34:07",5
2579,"Szederkény","község",Baranya,"Bólyi",1433.0,1640,681,47.4979,19.0402,"Átmeneti",JSON_2024,"2025-07-24 14:34:07","2025-07-24 14:34:07",6
2580,Szedres,"község",Tolna,"Szekszárdi",4631.0,1948,783,47.4979,19.0402,"Átmeneti",JSON_2024,"2025-07-24 14:34:07","2025-07-24 14:34:07",6
2581,Szeged,"megyeszékhely, megyei jogú város","Csongrád-Csanád",Szegedi,28100.0,157930,88608,47.4979,19.0402,"Átmeneti",JSON_2024,"2025-07-24 14:34:07","2025-07-24 14:34:07",9
2582,"Szegerdő","község",Somogy,Marcali,546.0,208,93,47.4979,19.0402,"Átmeneti",JSON_2024,"2025-07-24 14:34:07","2025-07-24 14:34:07",5
2583,Szeghalom,"város","Békés",Szeghalmi,21713.0,7945,3886,47.4979,19.0402,"Átmeneti",JSON_2024,"2025-07-24 14:34:07","2025-07-24 14:34:07",6
2584,Szegi,"község","Borsod-Abaúj-Zemplén",Tokaji,905.0,250,146,47.4979,19.0402,"Átmeneti",JSON_2024,"2025-07-24 14:34:07","2025-07-24 14:34:07",5
2585,Szegilong,"község","Borsod-Abaúj-Zemplén",Tokaji,694.0,208,120,47.4979,19.0402,"Átmeneti",JSON_2024,"2025-07-24 14:34:07","2025-07-24 14:34:07",5
2586,"Szegvár","nagyközség","Csongrád-Csanád",Szentesi,8622.0,3978,2095,47.4979,19.0402,"Átmeneti",JSON_2024,"2025-07-24 14:34:07","2025-07-24 14:34:07",6
2587,"Székely","község","Szabolcs-Szatmár-Bereg",Kemecsei,1608.0,1009,347,47.4979,19.0402,"Átmeneti",JSON_2024,"2025-07-24 14:34:07","2025-07-24 14:34:07",6
2588,"Székelyszabar","község",Baranya,"Mohácsi",1548.0,518,239,47.4979,19.0402,"Átmeneti",JSON_2024,"2025-07-24 14:34:07","2025-07-24 14:34:07",5
2589,"Székesfehérvár","megyeszékhely, megyei jogú város","Fejér","Székesfehérvári",17089.0,96024,48524,47.4979,19.0402,"Átmeneti",JSON_2024,"2025-07-24 14:34:07","2025-07-24 14:34:07",9
2590,"Székkutas","község","Csongrád-Csanád","Hódmezővásárhelyi",12561.0,1899,942,47.4979,19.0402,"Átmeneti",JSON_2024,"2025-07-24 14:34:07","2025-07-24 14:34:07",6
2591,"Szekszárd","megyeszékhely, megyei jogú város",Tolna,"Szekszárdi",9628.0,29707,15978,47.4979,19.0402,"Átmeneti",JSON_2024,"2025-07-24 14:34:07","2025-07-24 14:34:07",9
2592,Szeleste,"község",Vas,"Sárvári",2075.0,635,278,47.4979,19.0402,"Átmeneti",JSON_2024,"2025-07-24 14:34:07","2025-07-24 14:34:07",5
2593,"Szelevény","község","Jász-Nagykun-Szolnok","Kunszentmártoni",4539.0,924,593,47.4979,19.0402,"Átmeneti",JSON_2024,"2025-07-24 14:34:07","2025-07-24 14:34:07",5
2594,"Szellő","község",Baranya,"Pécsváradi",596.0,106,68,47.4979,19.0402,"Átmeneti",JSON_2024,"2025-07-24 14:34:07","2025-07-24 14:34:07",5
2595,Szemely,"község",Baranya,"Pécsi",947.0,468,191,47.4979,19.0402,"Átmeneti",JSON_2024,"2025-07-24 14:34:07","2025-07-24 14:34:07",5
2596,Szemenye,"község",Vas,"Vasvári",1180.0,339,187,47.4979,19.0402,"Átmeneti",JSON_2024,"2025-07-24 14:34:07","2025-07-24 14:34:07",5
2597,Szemere,"község","Borsod-Abaúj-Zemplén",Encsi,2630.0,394,140,47.4979,19.0402,"Átmeneti",JSON_2024,"2025-07-24 14:34:07","2025-07-24 14:34:07",5
2598,Szendehely,"község","Nógrád","Rétsági",1004.0,1648,668,47.4979,19.0402,"Átmeneti",JSON_2024,"2025-07-24 14:34:07","2025-07-24 14:34:07",6
2599,"Szendrő","város","Borsod-Abaúj-Zemplén","Edelényi",5356.0,3961,1386,47.4979,19.0402,"Átmeneti",JSON_2024,"2025-07-24 14:34:07","2025-07-24 14:34:07",6
2600,"Szendrőlád","község","Borsod-Abaúj-Zemplén","Edelényi",1770.0,2231,434,47.4979,19.0402,"Átmeneti",JSON_2024,"2025-07-24 14:34:07","2025-07-24 14:34:07",6
2601,Szenna,"község",Somogy,"Kaposvári",2698.0,729,284,47.4979,19.0402,"Átmeneti",JSON_2024,"2025-07-24 14:34:07","2025-07-24 14:34:07",5
2602,Szenta,"község",Somogy,"Csurgói",6447.0,335,153,47.4979,19.0402,"Átmeneti",JSON_2024,"2025-07-24 14:34:07","2025-07-24 14:34:07",5
2603,Szentantalfa,"község","Veszprém","Balatonfüredi",663.0,512,181,47.4979,19.0402,"Átmeneti",JSON_2024,"2025-07-24 14:34:07","2025-07-24 14:34:07",5
2604,"Szentbalázs","község",Somogy,"Kaposvári",1214.0,314,113,47.4979,19.0402,"Átmeneti",JSON_2024,"2025-07-24 14:34:07","2025-07-24 14:34:07",5
2605,"Szentbékkálla","község","Veszprém",Tapolcai,1070.0,189,124,47.4979,19.0402,"Átmeneti",JSON_2024,"2025-07-24 14:34:07","2025-07-24 14:34:07",5
2606,"Szentborbás","község",Somogy,Barcsi,747.0,102,63,47.4979,19.0402,"Átmeneti",JSON_2024,"2025-07-24 14:34:07","2025-07-24 14:34:07",5
2607,"Szentdénes","község",Baranya,"Szentlőrinci",1215.0,321,134,47.4979,19.0402,"Átmeneti",JSON_2024,"2025-07-24 14:34:07","2025-07-24 14:34:07",5
2608,Szentdomonkos,"község",Heves,"Pétervásárai",1840.0,456,208,47.4979,19.0402,"Átmeneti",JSON_2024,"2025-07-24 14:34:07","2025-07-24 14:34:07",5
2609,Szente,"község","Nógrád","Rétsági",753.0,280,161,47.4979,19.0402,"Átmeneti",JSON_2024,"2025-07-24 14:34:07","2025-07-24 14:34:07",5
2610,"Szentegát","község",Baranya,"Szigetvári",2778.0,326,148,47.4979,19.0402,"Átmeneti",JSON_2024,"2025-07-24 14:34:07","2025-07-24 14:34:07",5
2611,Szentendre,"város",Pest,Szentendrei,4382.0,28444,11647,47.4979,19.0402,"Átmeneti",JSON_2024,"2025-07-24 14:34:07","2025-07-24 14:34:07",7
2612,Szentes,"város","Csongrád-Csanád",Szentesi,35325.0,24905,12510,47.4979,19.0402,"Átmeneti",JSON_2024,"2025-07-24 14:34:07","2025-07-24 14:34:07",7
2613,"Szentgál","község","Veszprém","Veszprémi",9502.0,2631,1006,47.4979,19.0402,"Átmeneti",JSON_2024,"2025-07-24 14:34:07","2025-07-24 14:34:07",6
2614,"Szentgáloskér","község",Somogy,"Kaposvári",2725.0,472,236,47.4979,19.0402,"Átmeneti",JSON_2024,"2025-07-24 14:34:07","2025-07-24 14:34:07",5
2615,"Szentgotthárd","város",Vas,"Szentgotthárdi",6773.0,8287,3524,47.4979,19.0402,"Átmeneti",JSON_2024,"2025-07-24 14:34:07","2025-07-24 14:34:07",6
2616,"Szentgyörgyvár","község",Zala,Keszthelyi,1165.0,363,180,47.4979,19.0402,"Átmeneti",JSON_2024,"2025-07-24 14:34:07","2025-07-24 14:34:07",5
2617,"Szentgyörgyvölgy","község",Zala,Lenti,2958.0,354,211,47.4979,19.0402,"Átmeneti",JSON_2024,"2025-07-24 14:34:07","2025-07-24 14:34:07",5
2618,Szentimrefalva,"község","Veszprém","Sümegi",1087.0,166,95,47.4979,19.0402,"Átmeneti",JSON_2024,"2025-07-24 14:34:07","2025-07-24 14:34:07",5
2619,"Szentistván","nagyközség","Borsod-Abaúj-Zemplén","Mezőkövesdi",5107.0,2357,1112,47.4979,19.0402,"Átmeneti",JSON_2024,"2025-07-24 14:34:07","2025-07-24 14:34:07",6
2620,"Szentistvánbaksa","község","Borsod-Abaúj-Zemplén","Szikszói",656.0,249,129,47.4979,19.0402,"Átmeneti",JSON_2024,"2025-07-24 14:34:07","2025-07-24 14:34:07",5
2621,Szentjakabfa,"község","Veszprém","Balatonfüredi",576.0,116,51,47.4979,19.0402,"Átmeneti",JSON_2024,"2025-07-24 14:34:07","2025-07-24 14:34:07",5
2622,Szentkatalin,"község",Baranya,"Szentlőrinci",1331.0,93,66,47.4979,19.0402,"Átmeneti",JSON_2024,"2025-07-24 14:34:07","2025-07-24 14:34:07",5
2623,"Szentkirály","község","Bács-Kiskun","Tiszakécskei",10189.0,1874,913,47.4979,19.0402,"Átmeneti",JSON_2024,"2025-07-24 14:34:07","2025-07-24 14:34:07",6
2624,"Szentkirályszabadja","község","Veszprém","Veszprémi",2238.0,2023,717,47.4979,19.0402,"Átmeneti",JSON_2024,"2025-07-24 14:34:07","2025-07-24 14:34:07",6
2625,Szentkozmadombja,"község",Zala,Zalaegerszegi,508.0,76,66,47.4979,19.0402,"Átmeneti",JSON_2024,"2025-07-24 14:34:07","2025-07-24 14:34:07",5
2626,"Szentlászló","község",Baranya,"Szigetvári",1406.0,760,285,47.4979,19.0402,"Átmeneti",JSON_2024,"2025-07-24 14:34:07","2025-07-24 14:34:07",5
2627,"Szentliszló","község",Zala,Letenyei,689.0,255,130,47.4979,19.0402,"Átmeneti",JSON_2024,"2025-07-24 14:34:07","2025-07-24 14:34:07",5
2628,"Szentlőrinc","város",Baranya,"Szentlőrinci",2781.0,5986,2548,47.4979,19.0402,"Átmeneti",JSON_2024,"2025-07-24 14:34:07","2025-07-24 14:34:07",6
2629,"Szentlőrinckáta","község",Pest,"Nagykátai",2015.0,1888,834,47.4979,19.0402,"Átmeneti",JSON_2024,"2025-07-24 14:34:07","2025-07-24 14:34:07",6
2630,Szentmargitfalva,"község",Zala,Letenyei,312.0,79,65,47.4979,19.0402,"Átmeneti",JSON_2024,"2025-07-24 14:34:07","2025-07-24 14:34:07",5
2631,"Szentmártonkáta","nagyközség",Pest,"Nagykátai",5218.0,4877,2002,47.4979,19.0402,"Átmeneti",JSON_2024,"2025-07-24 14:34:07","2025-07-24 14:34:07",6
2632,"Szentpéterfa","község",Vas,Szombathelyi,3124.0,962,385,47.4979,19.0402,"Átmeneti",JSON_2024,"2025-07-24 14:34:07","2025-07-24 14:34:07",5
2633,"Szentpéterfölde","község",Zala,Zalaegerszegi,1199.0,107,79,47.4979,19.0402,"Átmeneti",JSON_2024,"2025-07-24 14:34:07","2025-07-24 14:34:07",5
2634,"Szentpéterszeg","község","Hajdú-Bihar","Berettyóújfalui",2551.0,967,471,47.4979,19.0402,"Átmeneti",JSON_2024,"2025-07-24 14:34:07","2025-07-24 14:34:07",5
2635,"Szentpéterúr","község",Zala,Zalaegerszegi,1596.0,946,408,47.4979,19.0402,"Átmeneti",JSON_2024,"2025-07-24 14:34:07","2025-07-24 14:34:07",5
2636,"Szenyér","község",Somogy,Marcali,2019.0,299,135,47.4979,19.0402,"Átmeneti",JSON_2024,"2025-07-24 14:34:07","2025-07-24 14:34:07",5
2637,Szepetnek,"község",Zala,Nagykanizsai,3039.0,1436,547,47.4979,19.0402,"Átmeneti",JSON_2024,"2025-07-24 14:34:07","2025-07-24 14:34:07",6
2638,Szerecseny,"község","Győr-Moson-Sopron","Téti",1238.0,838,367,47.4979,19.0402,"Átmeneti",JSON_2024,"2025-07-24 14:34:07","2025-07-24 14:34:07",5
2639,Szeremle,"község","Bács-Kiskun",Bajai,3406.0,1261,610,47.4979,19.0402,"Átmeneti",JSON_2024,"2025-07-24 14:34:07","2025-07-24 14:34:07",6
2640,Szerencs,"város","Borsod-Abaúj-Zemplén",Szerencsi,3668.0,8360,3776,47.4979,19.0402,"Átmeneti",JSON_2024,"2025-07-24 14:34:07","2025-07-24 14:34:07",6
2641,Szerep,"község","Hajdú-Bihar","Püspökladányi",5604.0,1438,503,47.4979,19.0402,"Átmeneti",JSON_2024,"2025-07-24 14:34:07","2025-07-24 14:34:07",6
2642,"Szergény","község",Vas,"Celldömölki",1561.0,249,164,47.4979,19.0402,"Átmeneti",JSON_2024,"2025-07-24 14:34:07","2025-07-24 14:34:07",5
2643,Szigetbecse,"község",Pest,"Ráckevei",1712.0,1390,630,47.4979,19.0402,"Átmeneti",JSON_2024,"2025-07-24 14:34:07","2025-07-24 14:34:07",6
2644,"Szigetcsép","község",Pest,"Ráckevei",1820.0,2785,1108,47.4979,19.0402,"Átmeneti",JSON_2024,"2025-07-24 14:34:07","2025-07-24 14:34:07",6
2645,Szigethalom,"város",Pest,"Szigetszentmiklósi",912.0,18331,6645,47.4979,19.0402,"Átmeneti",JSON_2024,"2025-07-24 14:34:07","2025-07-24 14:34:07",7
2646,Szigetmonostor,"község",Pest,Szentendrei,2351.0,2984,1497,47.4979,19.0402,"Átmeneti",JSON_2024,"2025-07-24 14:34:07","2025-07-24 14:34:07",6
2647,"Szigetszentmárton","község",Pest,"Ráckevei",1073.0,2630,1313,47.4979,19.0402,"Átmeneti",JSON_2024,"2025-07-24 14:34:07","2025-07-24 14:34:07",6
2648,"Szigetszentmiklós","város",Pest,"Szigetszentmiklósi",4565.0,40069,16656,47.4979,19.0402,"Átmeneti",JSON_2024,"2025-07-24 14:34:07","2025-07-24 14:34:07",7
2649,"Szigetújfalu","község",Pest,"Ráckevei",1083.0,2167,930,47.4979,19.0402,"Átmeneti",JSON_2024,"2025-07-24 14:34:07","2025-07-24 14:34:07",6
2650,"Szigetvár","város",Baranya,"Szigetvári",3952.0,9496,4918,47.4979,19.0402,"Átmeneti",JSON_2024,"2025-07-24 14:34:07","2025-07-24 14:34:07",6
2651,Szigliget,"község","Veszprém",Tapolcai,3426.0,827,412,47.4979,19.0402,"Átmeneti",JSON_2024,"2025-07-24 14:34:07","2025-07-24 14:34:07",5
2652,Szihalom,"község",Heves,"Füzesabonyi",3417.0,1992,984,47.4979,19.0402,"Átmeneti",JSON_2024,"2025-07-24 14:34:07","2025-07-24 14:34:07",6
2653,"Szijártóháza","község",Zala,Lenti,378.0,45,27,47.4979,19.0402,"Átmeneti",JSON_2024,"2025-07-24 14:34:07","2025-07-24 14:34:07",5
2654,"Szikszó","város","Borsod-Abaúj-Zemplén","Szikszói",3623.0,5455,2119,47.4979,19.0402,"Átmeneti",JSON_2024,"2025-07-24 14:34:07","2025-07-24 14:34:07",6
2655,Szil,"község","Győr-Moson-Sopron",Csornai,3103.0,1313,600,47.4979,19.0402,"Átmeneti",JSON_2024,"2025-07-24 14:34:07","2025-07-24 14:34:07",6
2656,"Szilágy","község",Baranya,"Pécsi",1155.0,280,134,47.4979,19.0402,"Átmeneti",JSON_2024,"2025-07-24 14:34:07","2025-07-24 14:34:07",5
2657,Szilaspogony,"község","Nógrád","Salgótarjáni",1440.0,319,167,47.4979,19.0402,"Átmeneti",JSON_2024,"2025-07-24 14:34:07","2025-07-24 14:34:07",5
2658,"Szilsárkány","község","Győr-Moson-Sopron",Csornai,1670.0,685,317,47.4979,19.0402,"Átmeneti",JSON_2024,"2025-07-24 14:34:07","2025-07-24 14:34:07",5
2659,"Szilvágy","község",Zala,Lenti,2427.0,190,93,47.4979,19.0402,"Átmeneti",JSON_2024,"2025-07-24 14:34:07","2025-07-24 14:34:07",5
2660,"Szilvás","község",Baranya,"Pécsi",604.0,124,57,47.4979,19.0402,"Átmeneti",JSON_2024,"2025-07-24 14:34:07","2025-07-24 14:34:07",5
2661,"Szilvásvárad","község",Heves,"Bélapátfalvai",3782.0,1376,751,47.4979,19.0402,"Átmeneti",JSON_2024,"2025-07-24 14:34:07","2025-07-24 14:34:07",6
2662,"Szilvásszentmárton","község",Somogy,"Kaposvári",708.0,176,64,47.4979,19.0402,"Átmeneti",JSON_2024,"2025-07-24 14:34:07","2025-07-24 14:34:07",5
2663,Szin,"község","Borsod-Abaúj-Zemplén","Edelényi",1810.0,789,241,47.4979,19.0402,"Átmeneti",JSON_2024,"2025-07-24 14:34:07","2025-07-24 14:34:07",5
2664,Szinpetri,"község","Borsod-Abaúj-Zemplén","Edelényi",971.0,189,99,47.4979,19.0402,"Átmeneti",JSON_2024,"2025-07-24 14:34:07","2025-07-24 14:34:07",5
2665,"Szirák","község","Nógrád","Pásztói",1909.0,1094,427,47.4979,19.0402,"Átmeneti",JSON_2024,"2025-07-24 14:34:07","2025-07-24 14:34:07",6
2666,"Szirmabesenyő","nagyközség","Borsod-Abaúj-Zemplén",Miskolci,1575.0,4381,1664,47.4979,19.0402,"Átmeneti",JSON_2024,"2025-07-24 14:34:07","2025-07-24 14:34:07",6
2667,Szob,"város",Pest,Szobi,1797.0,2491,1101,47.4979,19.0402,"Átmeneti",JSON_2024,"2025-07-24 14:34:07","2025-07-24 14:34:07",6
2668,Szokolya,"község",Pest,Szobi,5905.0,1940,789,47.4979,19.0402,"Átmeneti",JSON_2024,"2025-07-24 14:34:07","2025-07-24 14:34:07",6
2669,"Szólád","község",Somogy,"Siófoki",1998.0,524,296,47.4979,19.0402,"Átmeneti",JSON_2024,"2025-07-24 14:34:07","2025-07-24 14:34:07",5
2670,Szolnok,"megyeszékhely, megyei jogú város","Jász-Nagykun-Szolnok",Szolnoki,18724.0,66426,35959,47.4979,19.0402,"Átmeneti",JSON_2024,"2025-07-24 14:34:07","2025-07-24 14:34:07",9
2671,Szombathely,"megyeszékhely, megyei jogú város",Vas,Szombathelyi,9870.0,77757,36675,47.4979,19.0402,"Átmeneti",JSON_2024,"2025-07-24 14:34:07","2025-07-24 14:34:07",9
2672,"Szomód","község","Komárom-Esztergom",Tatai,2839.0,2326,901,47.4979,19.0402,"Átmeneti",JSON_2024,"2025-07-24 14:34:07","2025-07-24 14:34:07",6
2673,Szomolya,"község","Borsod-Abaúj-Zemplén","Mezőkövesdi",2269.0,1462,706,47.4979,19.0402,"Átmeneti",JSON_2024,"2025-07-24 14:34:07","2025-07-24 14:34:07",6
2674,Szomor,"község","Komárom-Esztergom","Tatabányai",1319.0,1087,404,47.4979,19.0402,"Átmeneti",JSON_2024,"2025-07-24 14:34:07","2025-07-24 14:34:07",6
2675,Szorgalmatos,"község","Szabolcs-Szatmár-Bereg","Tiszavasvári",844.0,758,332,47.4979,19.0402,"Átmeneti",JSON_2024,"2025-07-24 14:34:07","2025-07-24 14:34:07",5
2676,Szorosad,"község",Somogy,Tabi,648.0,102,54,47.4979,19.0402,"Átmeneti",JSON_2024,"2025-07-24 14:34:07","2025-07-24 14:34:07",5
2677,"Szőc","község","Veszprém",Ajkai,754.0,462,118,47.4979,19.0402,"Átmeneti",JSON_2024,"2025-07-24 14:34:07","2025-07-24 14:34:07",5
2678,"Szőce","község",Vas,"Körmendi",1871.0,327,219,47.4979,19.0402,"Átmeneti",JSON_2024,"2025-07-24 14:34:07","2025-07-24 14:34:07",5
2679,"Sződ","község",Pest,"Váci",1354.0,3480,1121,47.4979,19.0402,"Átmeneti",JSON_2024,"2025-07-24 14:34:07","2025-07-24 14:34:07",6
2680,"Sződliget","nagyközség",Pest,"Váci",731.0,4818,1715,47.4979,19.0402,"Átmeneti",JSON_2024,"2025-07-24 14:34:07","2025-07-24 14:34:07",6
2681,"Szögliget","község","Borsod-Abaúj-Zemplén","Edelényi",3474.0,515,391,47.4979,19.0402,"Átmeneti",JSON_2024,"2025-07-24 14:34:07","2025-07-24 14:34:07",5
2682,"Szőke","község",Baranya,"Pécsi",648.0,130,52,47.4979,19.0402,"Átmeneti",JSON_2024,"2025-07-24 14:34:07","2025-07-24 14:34:07",5
2683,"Szőkéd","község",Baranya,"Pécsi",958.0,348,139,47.4979,19.0402,"Átmeneti",JSON_2024,"2025-07-24 14:34:07","2025-07-24 14:34:07",5
2684,"Szőkedencs","község",Somogy,Marcali,1869.0,267,189,47.4979,19.0402,"Átmeneti",JSON_2024,"2025-07-24 14:34:07","2025-07-24 14:34:07",5
2685,"Szőlősardó","község","Borsod-Abaúj-Zemplén","Edelényi",1066.0,101,87,47.4979,19.0402,"Átmeneti",JSON_2024,"2025-07-24 14:34:07","2025-07-24 14:34:07",5
2686,"Szőlősgyörök","község",Somogy,"Fonyódi",1863.0,1202,605,47.4979,19.0402,"Átmeneti",JSON_2024,"2025-07-24 14:34:07","2025-07-24 14:34:07",6
2687,"Szörény","község",Baranya,"Szigetvári",441.0,75,33,47.4979,19.0402,"Átmeneti",JSON_2024,"2025-07-24 14:34:07","2025-07-24 14:34:07",5
2688,"Szúcs","község",Heves,Egri,849.0,351,164,47.4979,19.0402,"Átmeneti",JSON_2024,"2025-07-24 14:34:07","2025-07-24 14:34:07",5
2689,Szuha,"község","Nógrád","Bátonyterenyei",1756.0,570,373,47.4979,19.0402,"Átmeneti",JSON_2024,"2025-07-24 14:34:07","2025-07-24 14:34:07",5
2690,"Szuhafő","község","Borsod-Abaúj-Zemplén",Putnoki,1605.0,95,81,47.4979,19.0402,"Átmeneti",JSON_2024,"2025-07-24 14:34:07","2025-07-24 14:34:07",5
2691,"Szuhakálló","község","Borsod-Abaúj-Zemplén",Kazincbarcikai,696.0,942,378,47.4979,19.0402,"Átmeneti",JSON_2024,"2025-07-24 14:34:07","2025-07-24 14:34:07",5
2692,Szuhogy,"község","Borsod-Abaúj-Zemplén","Edelényi",1700.0,1005,435,47.4979,19.0402,"Átmeneti",JSON_2024,"2025-07-24 14:34:07","2025-07-24 14:34:07",6
2693,"Szulimán","község",Baranya,"Szigetvári",1049.0,236,108,47.4979,19.0402,"Átmeneti",JSON_2024,"2025-07-24 14:34:07","2025-07-24 14:34:07",5
2694,Szulok,"község",Somogy,Barcsi,2791.0,575,291,47.4979,19.0402,"Átmeneti",JSON_2024,"2025-07-24 14:34:07","2025-07-24 14:34:07",5
2695,"Szurdokpüspöki","község","Nógrád","Pásztói",2670.0,1795,893,47.4979,19.0402,"Átmeneti",JSON_2024,"2025-07-24 14:34:07","2025-07-24 14:34:07",6
2696,"Szűcsi","község",Heves,Hatvani,1738.0,1426,653,47.4979,19.0402,"Átmeneti",JSON_2024,"2025-07-24 14:34:07","2025-07-24 14:34:07",6
2697,"Szügy","község","Nógrád",Balassagyarmati,1950.0,1377,518,47.4979,19.0402,"Átmeneti",JSON_2024,"2025-07-24 14:34:07","2025-07-24 14:34:07",6
2698,"Szűr","község",Baranya,"Mohácsi",784.0,236,122,47.4979,19.0402,"Átmeneti",JSON_2024,"2025-07-24 14:34:07","2025-07-24 14:34:07",5
2699,Tab,"város",Somogy,Tabi,2586.0,4063,1905,47.4979,19.0402,"Átmeneti",JSON_2024,"2025-07-24 14:34:07","2025-07-24 14:34:07",6
2700,Tabajd,"község","Fejér",Bicskei,2657.0,978,366,47.4979,19.0402,"Átmeneti",JSON_2024,"2025-07-24 14:34:07","2025-07-24 14:34:07",5
2701,Tabdi,"község","Bács-Kiskun","Kiskőrösi",2139.0,1013,542,47.4979,19.0402,"Átmeneti",JSON_2024,"2025-07-24 14:34:07","2025-07-24 14:34:07",6
2702,"Táborfalva","nagyközség",Pest,Dabasi,4205.0,3337,1505,47.4979,19.0402,"Átmeneti",JSON_2024,"2025-07-24 14:34:07","2025-07-24 14:34:07",6
2703,"Tác","község","Fejér","Székesfehérvári",4569.0,1687,616,47.4979,19.0402,"Átmeneti",JSON_2024,"2025-07-24 14:34:07","2025-07-24 14:34:07",6
2704,Tagyon,"község","Veszprém","Balatonfüredi",276.0,117,40,47.4979,19.0402,"Átmeneti",JSON_2024,"2025-07-24 14:34:07","2025-07-24 14:34:07",5
2705,"Tahitótfalu","község",Pest,Szentendrei,3917.0,6228,2428,47.4979,19.0402,"Átmeneti",JSON_2024,"2025-07-24 14:34:07","2025-07-24 14:34:07",6
2706,"Takácsi","község","Veszprém","Pápai",1913.0,797,355,47.4979,19.0402,"Átmeneti",JSON_2024,"2025-07-24 14:34:07","2025-07-24 14:34:07",5
2707,"Tákos","község","Szabolcs-Szatmár-Bereg","Vásárosnaményi",1082.0,346,138,47.4979,19.0402,"Átmeneti",JSON_2024,"2025-07-24 14:34:07","2025-07-24 14:34:07",5
2708,Taksony,"nagyközség",Pest,"Szigetszentmiklósi",2085.0,6882,2537,47.4979,19.0402,"Átmeneti",JSON_2024,"2025-07-24 14:34:07","2025-07-24 14:34:07",6
2709,"Taktabáj","község","Borsod-Abaúj-Zemplén",Tokaji,1682.0,578,204,47.4979,19.0402,"Átmeneti",JSON_2024,"2025-07-24 14:34:07","2025-07-24 14:34:07",5
2710,"Taktaharkány","nagyközség","Borsod-Abaúj-Zemplén",Szerencsi,3913.0,3461,1284,47.4979,19.0402,"Átmeneti",JSON_2024,"2025-07-24 14:34:07","2025-07-24 14:34:07",6
2711,"Taktakenéz","község","Borsod-Abaúj-Zemplén",Szerencsi,1974.0,1098,368,47.4979,19.0402,"Átmeneti",JSON_2024,"2025-07-24 14:34:07","2025-07-24 14:34:07",6
2712,Taktaszada,"község","Borsod-Abaúj-Zemplén",Szerencsi,2574.0,1755,634,47.4979,19.0402,"Átmeneti",JSON_2024,"2025-07-24 14:34:07","2025-07-24 14:34:07",6
2713,"Taliándörögd","község","Veszprém",Tapolcai,2807.0,723,316,47.4979,19.0402,"Átmeneti",JSON_2024,"2025-07-24 14:34:07","2025-07-24 14:34:07",5
2714,"Tállya","község","Borsod-Abaúj-Zemplén",Szerencsi,3796.0,1568,940,47.4979,19.0402,"Átmeneti",JSON_2024,"2025-07-24 14:34:07","2025-07-24 14:34:07",6
2715,"Tamási","város",Tolna,"Tamási",11195.0,7486,3824,47.4979,19.0402,"Átmeneti",JSON_2024,"2025-07-24 14:34:07","2025-07-24 14:34:07",6
2716,Tanakajd,"község",Vas,Szombathelyi,1182.0,772,279,47.4979,19.0402,"Átmeneti",JSON_2024,"2025-07-24 14:34:07","2025-07-24 14:34:07",5
2717,"Táp","község","Győr-Moson-Sopron",Pannonhalmi,1988.0,724,299,47.4979,19.0402,"Átmeneti",JSON_2024,"2025-07-24 14:34:07","2025-07-24 14:34:07",5
2718,"Tápióbicske","község",Pest,"Nagykátai",4848.0,3596,1503,47.4979,19.0402,"Átmeneti",JSON_2024,"2025-07-24 14:34:07","2025-07-24 14:34:07",6
2719,"Tápiógyörgye","község",Pest,"Nagykátai",5331.0,3556,1492,47.4979,19.0402,"Átmeneti",JSON_2024,"2025-07-24 14:34:07","2025-07-24 14:34:07",6
2720,"Tápióság","község",Pest,"Nagykátai",3354.0,2735,1150,47.4979,19.0402,"Átmeneti",JSON_2024,"2025-07-24 14:34:07","2025-07-24 14:34:07",6
2721,"Tápiószecső","nagyközség",Pest,"Nagykátai",3838.0,6132,2404,47.4979,19.0402,"Átmeneti",JSON_2024,"2025-07-24 14:34:07","2025-07-24 14:34:07",6
2722,"Tápiószele","város",Pest,"Nagykátai",3699.0,5891,2365,47.4979,19.0402,"Átmeneti",JSON_2024,"2025-07-24 14:34:07","2025-07-24 14:34:07",6
2723,"Tápiószentmárton","nagyközség",Pest,"Nagykátai",10291.0,5733,2517,47.4979,19.0402,"Átmeneti",JSON_2024,"2025-07-24 14:34:07","2025-07-24 14:34:07",6
2724,"Tápiószőlős","község",Pest,"Ceglédi",3181.0,2889,1334,47.4979,19.0402,"Átmeneti",JSON_2024,"2025-07-24 14:34:07","2025-07-24 14:34:07",6
2725,"Táplánszentkereszt","község",Vas,Szombathelyi,2008.0,2617,889,47.4979,19.0402,"Átmeneti",JSON_2024,"2025-07-24 14:34:07","2025-07-24 14:34:07",6
2726,Tapolca,"város","Veszprém",Tapolcai,6345.0,14006,6888,47.4979,19.0402,"Átmeneti",JSON_2024,"2025-07-24 14:34:07","2025-07-24 14:34:07",7
2727,Tapsony,"község",Somogy,Marcali,3161.0,564,375,47.4979,19.0402,"Átmeneti",JSON_2024,"2025-07-24 14:34:07","2025-07-24 14:34:07",5
2728,"Tápszentmiklós","község","Győr-Moson-Sopron",Pannonhalmi,2075.0,901,343,47.4979,19.0402,"Átmeneti",JSON_2024,"2025-07-24 14:34:07","2025-07-24 14:34:07",5
2729,Tar,"község","Nógrád","Pásztói",2734.0,1728,832,47.4979,19.0402,"Átmeneti",JSON_2024,"2025-07-24 14:34:07","2025-07-24 14:34:07",6
2730,Tarany,"község",Somogy,"Nagyatádi",5468.0,1115,454,47.4979,19.0402,"Átmeneti",JSON_2024,"2025-07-24 14:34:07","2025-07-24 14:34:07",6
2731,Tarcal,"község","Borsod-Abaúj-Zemplén",Tokaji,5372.0,2611,1261,47.4979,19.0402,"Átmeneti",JSON_2024,"2025-07-24 14:34:07","2025-07-24 14:34:07",6
2732,Tard,"község","Borsod-Abaúj-Zemplén","Mezőkövesdi",4047.0,1039,561,47.4979,19.0402,"Átmeneti",JSON_2024,"2025-07-24 14:34:07","2025-07-24 14:34:07",6
2733,Tardona,"község","Borsod-Abaúj-Zemplén",Kazincbarcikai,1230.0,960,426,47.4979,19.0402,"Átmeneti",JSON_2024,"2025-07-24 14:34:07","2025-07-24 14:34:07",5
2734,Tardos,"község","Komárom-Esztergom",Tatai,2332.0,1621,706,47.4979,19.0402,"Átmeneti",JSON_2024,"2025-07-24 14:34:07","2025-07-24 14:34:07",6
2735,Tarhos,"község","Békés","Békési",5745.0,723,355,47.4979,19.0402,"Átmeneti",JSON_2024,"2025-07-24 14:34:07","2025-07-24 14:34:07",5
2736,"Tarján","község","Komárom-Esztergom","Tatabányai",4307.0,2751,1072,47.4979,19.0402,"Átmeneti",JSON_2024,"2025-07-24 14:34:07","2025-07-24 14:34:07",6
2737,"Tarjánpuszta","község","Győr-Moson-Sopron",Pannonhalmi,844.0,426,157,47.4979,19.0402,"Átmeneti",JSON_2024,"2025-07-24 14:34:07","2025-07-24 14:34:07",5
2738,"Tárkány","község","Komárom-Esztergom","Kisbéri",6494.0,1409,608,47.4979,19.0402,"Átmeneti",JSON_2024,"2025-07-24 14:34:07","2025-07-24 14:34:07",6
2739,Tarnabod,"község",Heves,Hevesi,1033.0,722,176,47.4979,19.0402,"Átmeneti",JSON_2024,"2025-07-24 14:34:07","2025-07-24 14:34:07",5
2740,Tarnalelesz,"község",Heves,"Pétervásárai",3713.0,1524,621,47.4979,19.0402,"Átmeneti",JSON_2024,"2025-07-24 14:34:07","2025-07-24 14:34:07",6
2741,"Tarnaméra","község",Heves,Hevesi,2826.0,1488,723,47.4979,19.0402,"Átmeneti",JSON_2024,"2025-07-24 14:34:07","2025-07-24 14:34:07",6
2742,"Tarnaörs","község",Heves,Hevesi,3028.0,1828,706,47.4979,19.0402,"Átmeneti",JSON_2024,"2025-07-24 14:34:07","2025-07-24 14:34:07",6
2743,"Tarnaszentmária","község",Heves,Egri,1100.0,222,180,47.4979,19.0402,"Átmeneti",JSON_2024,"2025-07-24 14:34:07","2025-07-24 14:34:07",5
2744,"Tarnaszentmiklós","község",Heves,Hevesi,3500.0,744,392,47.4979,19.0402,"Átmeneti",JSON_2024,"2025-07-24 14:34:07","2025-07-24 14:34:07",5
2745,"Tarnazsadány","község",Heves,Hevesi,2519.0,1218,443,47.4979,19.0402,"Átmeneti",JSON_2024,"2025-07-24 14:34:07","2025-07-24 14:34:07",6
2746,"Tárnok","nagyközség",Pest,"Érdi",2361.0,10488,3752,47.4979,19.0402,"Átmeneti",JSON_2024,"2025-07-24 14:34:07","2025-07-24 14:34:07",6
2747,"Tárnokréti","község","Győr-Moson-Sopron",Csornai,954.0,179,104,47.4979,19.0402,"Átmeneti",JSON_2024,"2025-07-24 14:34:07","2025-07-24 14:34:07",5
2748,Tarpa,"nagyközség","Szabolcs-Szatmár-Bereg","Vásárosnaményi",4973.0,2299,882,47.4979,19.0402,"Átmeneti",JSON_2024,"2025-07-24 14:34:07","2025-07-24 14:34:07",6
2749,"Tarrós","község",Baranya,"Hegyháti",529.0,99,52,47.4979,19.0402,"Átmeneti",JSON_2024,"2025-07-24 14:34:07","2025-07-24 14:34:07",5
2750,"Táska","község",Somogy,Marcali,2598.0,362,192,47.4979,19.0402,"Átmeneti",JSON_2024,"2025-07-24 14:34:07","2025-07-24 14:34:07",5
2751,Tass,"község","Bács-Kiskun","Kunszentmiklósi",7473.0,2834,1323,47.4979,19.0402,"Átmeneti",JSON_2024,"2025-07-24 14:34:07","2025-07-24 14:34:07",6
2752,"Taszár","község",Somogy,"Kaposvári",1729.0,1723,820,47.4979,19.0402,"Átmeneti",JSON_2024,"2025-07-24 14:34:07","2025-07-24 14:34:07",6
2753,"Tát","város","Komárom-Esztergom",Esztergomi,1206.0,5143,2066,47.4979,19.0402,"Átmeneti",JSON_2024,"2025-07-24 14:34:07","2025-07-24 14:34:07",6
2754,Tata,"város","Komárom-Esztergom",Tatai,7810.0,23549,10774,47.4979,19.0402,"Átmeneti",JSON_2024,"2025-07-24 14:34:07","2025-07-24 14:34:07",7
2755,"Tatabánya","megyeszékhely, megyei jogú város","Komárom-Esztergom","Tatabányai",9142.0,65861,31536,47.4979,19.0402,"Átmeneti",JSON_2024,"2025-07-24 14:34:07","2025-07-24 14:34:07",9
2756,"Tataháza","község","Bács-Kiskun","Bácsalmási",2610.0,1050,639,47.4979,19.0402,"Átmeneti",JSON_2024,"2025-07-24 14:34:07","2025-07-24 14:34:07",6
2757,"Tatárszentgyörgy","község",Pest,Dabasi,5506.0,1852,674,47.4979,19.0402,"Átmeneti",JSON_2024,"2025-07-24 14:34:07","2025-07-24 14:34:07",6
2758,"Tázlár","község","Bács-Kiskun","Kiskőrösi",7338.0,1661,821,47.4979,19.0402,"Átmeneti",JSON_2024,"2025-07-24 14:34:07","2025-07-24 14:34:07",6
2759,"Téglás","város","Hajdú-Bihar","Hajdúhadházi",3833.0,6276,2393,47.4979,19.0402,"Átmeneti",JSON_2024,"2025-07-24 14:34:07","2025-07-24 14:34:07",6
2760,Tekenye,"község",Zala,"Zalaszentgróti",696.0,421,249,47.4979,19.0402,"Átmeneti",JSON_2024,"2025-07-24 14:34:07","2025-07-24 14:34:07",5
2761,"Tékes","község",Baranya,"Hegyháti",1256.0,195,102,47.4979,19.0402,"Átmeneti",JSON_2024,"2025-07-24 14:34:07","2025-07-24 14:34:07",5
2762,Teklafalu,"község",Baranya,"Szigetvári",1676.0,338,126,47.4979,19.0402,"Átmeneti",JSON_2024,"2025-07-24 14:34:07","2025-07-24 14:34:07",5
2763,Telekes,"község",Vas,"Vasvári",1081.0,425,192,47.4979,19.0402,"Átmeneti",JSON_2024,"2025-07-24 14:34:07","2025-07-24 14:34:07",5
2764,"Telekgerendás","község","Békés","Békéscsabai",7237.0,1409,662,47.4979,19.0402,"Átmeneti",JSON_2024,"2025-07-24 14:34:07","2025-07-24 14:34:07",6
2765,Teleki,"község",Somogy,"Siófoki",805.0,192,107,47.4979,19.0402,"Átmeneti",JSON_2024,"2025-07-24 14:34:07","2025-07-24 14:34:07",5
2766,Telki,"község",Pest,Budakeszi,1047.0,4518,1529,47.4979,19.0402,"Átmeneti",JSON_2024,"2025-07-24 14:34:07","2025-07-24 14:34:07",6
2767,"Telkibánya","község","Borsod-Abaúj-Zemplén","Gönci",4682.0,565,373,47.4979,19.0402,"Átmeneti",JSON_2024,"2025-07-24 14:34:07","2025-07-24 14:34:07",5
2768,Tengelic,"község",Tolna,Paksi,7093.0,2010,979,47.4979,19.0402,"Átmeneti",JSON_2024,"2025-07-24 14:34:07","2025-07-24 14:34:07",6
2769,Tengeri,"község",Baranya,Sellyei,446.0,61,30,47.4979,19.0402,"Átmeneti",JSON_2024,"2025-07-24 14:34:07","2025-07-24 14:34:07",5
2770,"Tengőd","község",Somogy,Tabi,3021.0,375,259,47.4979,19.0402,"Átmeneti",JSON_2024,"2025-07-24 14:34:07","2025-07-24 14:34:07",5
2771,Tenk,"község",Heves,Hevesi,1234.0,1126,464,47.4979,19.0402,"Átmeneti",JSON_2024,"2025-07-24 14:34:07","2025-07-24 14:34:07",6
2772,"Tényő","község","Győr-Moson-Sopron","Győri",2638.0,1741,733,47.4979,19.0402,"Átmeneti",JSON_2024,"2025-07-24 14:34:07","2025-07-24 14:34:07",6
2773,"Tépe","község","Hajdú-Bihar",Derecskei,2322.0,998,405,47.4979,19.0402,"Átmeneti",JSON_2024,"2025-07-24 14:34:07","2025-07-24 14:34:07",5
2774,Terem,"község","Szabolcs-Szatmár-Bereg","Nyírbátori",4950.0,582,280,47.4979,19.0402,"Átmeneti",JSON_2024,"2025-07-24 14:34:07","2025-07-24 14:34:07",5
2775,"Terény","község","Nógrád",Balassagyarmati,2435.0,347,245,47.4979,19.0402,"Átmeneti",JSON_2024,"2025-07-24 14:34:07","2025-07-24 14:34:07",5
2776,Tereske,"község","Nógrád","Rétsági",1703.0,665,307,47.4979,19.0402,"Átmeneti",JSON_2024,"2025-07-24 14:34:07","2025-07-24 14:34:07",5
2777,Teresztenye,"község","Borsod-Abaúj-Zemplén","Edelényi",869.0,21,30,47.4979,19.0402,"Átmeneti",JSON_2024,"2025-07-24 14:34:07","2025-07-24 14:34:07",5
2778,Terpes,"község",Heves,"Pétervásárai",220.0,209,98,47.4979,19.0402,"Átmeneti",JSON_2024,"2025-07-24 14:34:07","2025-07-24 14:34:07",5
2779,"Tés","község","Veszprém","Várpalotai",4903.0,795,424,47.4979,19.0402,"Átmeneti",JSON_2024,"2025-07-24 14:34:07","2025-07-24 14:34:07",5
2780,"Tésa","község",Pest,Szobi,437.0,96,44,47.4979,19.0402,"Átmeneti",JSON_2024,"2025-07-24 14:34:07","2025-07-24 14:34:07",5
2781,"Tésenfa","község",Baranya,"Siklósi",840.0,151,81,47.4979,19.0402,"Átmeneti",JSON_2024,"2025-07-24 14:34:07","2025-07-24 14:34:07",5
2782,"Téseny","község",Baranya,Sellyei,1208.0,292,103,47.4979,19.0402,"Átmeneti",JSON_2024,"2025-07-24 14:34:07","2025-07-24 14:34:07",5
2783,"Teskánd","község",Zala,Zalaegerszegi,485.0,1253,475,47.4979,19.0402,"Átmeneti",JSON_2024,"2025-07-24 14:34:07","2025-07-24 14:34:07",6
2784,"Tét","város","Győr-Moson-Sopron","Téti",5636.0,4160,1666,47.4979,19.0402,"Átmeneti",JSON_2024,"2025-07-24 14:34:07","2025-07-24 14:34:07",6
2785,"Tetétlen","község","Hajdú-Bihar","Püspökladányi",3211.0,1236,505,47.4979,19.0402,"Átmeneti",JSON_2024,"2025-07-24 14:34:07","2025-07-24 14:34:07",6
2786,Tevel,"község",Tolna,"Bonyhádi",2527.0,1234,560,47.4979,19.0402,"Átmeneti",JSON_2024,"2025-07-24 14:34:07","2025-07-24 14:34:07",6
2787,"Tibolddaróc","község","Borsod-Abaúj-Zemplén","Mezőkövesdi",3032.0,1200,652,47.4979,19.0402,"Átmeneti",JSON_2024,"2025-07-24 14:34:07","2025-07-24 14:34:07",6
2788,"Tiborszállás","község","Szabolcs-Szatmár-Bereg","Mátészalkai",2552.0,872,360,47.4979,19.0402,"Átmeneti",JSON_2024,"2025-07-24 14:34:07","2025-07-24 14:34:07",5
2789,Tihany,"község","Veszprém","Balatonfüredi",2733.0,1338,834,47.4979,19.0402,"Átmeneti",JSON_2024,"2025-07-24 14:34:07","2025-07-24 14:34:07",6
2790,Tikos,"község",Somogy,Marcali,335.0,134,50,47.4979,19.0402,"Átmeneti",JSON_2024,"2025-07-24 14:34:07","2025-07-24 14:34:07",5
2791,Tilaj,"község",Zala,Zalaegerszegi,816.0,189,106,47.4979,19.0402,"Átmeneti",JSON_2024,"2025-07-24 14:34:07","2025-07-24 14:34:07",5
2792,"Timár","község","Szabolcs-Szatmár-Bereg","Nyíregyházi",2182.0,1164,479,47.4979,19.0402,"Átmeneti",JSON_2024,"2025-07-24 14:34:07","2025-07-24 14:34:07",6
2793,Tinnye,"község",Pest,"Pilisvörösvári",1614.0,1968,744,47.4979,19.0402,"Átmeneti",JSON_2024,"2025-07-24 14:34:07","2025-07-24 14:34:07",6
2794,Tiszaadony,"község","Szabolcs-Szatmár-Bereg","Vásárosnaményi",1563.0,584,243,47.4979,19.0402,"Átmeneti",JSON_2024,"2025-07-24 14:34:07","2025-07-24 14:34:07",5
2795,"Tiszaalpár","nagyközség","Bács-Kiskun","Tiszakécskei",9113.0,4810,2237,47.4979,19.0402,"Átmeneti",JSON_2024,"2025-07-24 14:34:07","2025-07-24 14:34:07",6
2796,"Tiszabábolna","község","Borsod-Abaúj-Zemplén","Mezőkövesdi",3269.0,273,278,47.4979,19.0402,"Átmeneti",JSON_2024,"2025-07-24 14:34:07","2025-07-24 14:34:07",5
2797,Tiszabecs,"nagyközség","Szabolcs-Szatmár-Bereg","Fehérgyarmati",1714.0,1088,419,47.4979,19.0402,"Átmeneti",JSON_2024,"2025-07-24 14:34:07","2025-07-24 14:34:07",6
2798,Tiszabercel,"község","Szabolcs-Szatmár-Bereg","Ibrányi",3138.0,1759,721,47.4979,19.0402,"Átmeneti",JSON_2024,"2025-07-24 14:34:07","2025-07-24 14:34:07",6
2799,"Tiszabezdéd","község","Szabolcs-Szatmár-Bereg","Záhonyi",1864.0,1725,651,47.4979,19.0402,"Átmeneti",JSON_2024,"2025-07-24 14:34:07","2025-07-24 14:34:07",6
2800,"Tiszabő","község","Jász-Nagykun-Szolnok",Kunhegyesi,3504.0,2174,432,47.4979,19.0402,"Átmeneti",JSON_2024,"2025-07-24 14:34:07","2025-07-24 14:34:07",6
2801,Tiszabura,"község","Jász-Nagykun-Szolnok",Kunhegyesi,4520.0,3120,848,47.4979,19.0402,"Átmeneti",JSON_2024,"2025-07-24 14:34:07","2025-07-24 14:34:07",6
2802,"Tiszacsécse","község","Szabolcs-Szatmár-Bereg","Fehérgyarmati",480.0,206,109,47.4979,19.0402,"Átmeneti",JSON_2024,"2025-07-24 14:34:07","2025-07-24 14:34:07",5
2803,Tiszacsege,"város","Hajdú-Bihar","Balmazújvárosi",13640.0,4234,2135,47.4979,19.0402,"Átmeneti",JSON_2024,"2025-07-24 14:34:07","2025-07-24 14:34:07",6
2804,Tiszacsermely,"község","Borsod-Abaúj-Zemplén","Cigándi",2028.0,439,176,47.4979,19.0402,"Átmeneti",JSON_2024,"2025-07-24 14:34:07","2025-07-24 14:34:07",5
2805,Tiszadada,"község","Szabolcs-Szatmár-Bereg","Tiszavasvári",4877.0,2011,902,47.4979,19.0402,"Átmeneti",JSON_2024,"2025-07-24 14:34:07","2025-07-24 14:34:07",6
2806,Tiszaderzs,"község","Jász-Nagykun-Szolnok","Tiszafüredi",2719.0,1010,627,47.4979,19.0402,"Átmeneti",JSON_2024,"2025-07-24 14:34:07","2025-07-24 14:34:07",6
2807,Tiszadob,"nagyközség","Szabolcs-Szatmár-Bereg","Tiszavasvári",8259.0,2532,1132,47.4979,19.0402,"Átmeneti",JSON_2024,"2025-07-24 14:34:07","2025-07-24 14:34:07",6
2808,Tiszadorogma,"község","Borsod-Abaúj-Zemplén","Mezőcsáti",4661.0,328,249,47.4979,19.0402,"Átmeneti",JSON_2024,"2025-07-24 14:34:07","2025-07-24 14:34:07",5
2809,"Tiszaeszlár","község","Szabolcs-Szatmár-Bereg","Tiszavasvári",5453.0,2339,924,47.4979,19.0402,"Átmeneti",JSON_2024,"2025-07-24 14:34:07","2025-07-24 14:34:07",6
2810,"Tiszaföldvár","város","Jász-Nagykun-Szolnok","Kunszentmártoni",8034.0,9901,4618,47.4979,19.0402,"Átmeneti",JSON_2024,"2025-07-24 14:34:07","2025-07-24 14:34:07",6
2811,"Tiszafüred","város","Jász-Nagykun-Szolnok","Tiszafüredi",16219.0,10642,5259,47.4979,19.0402,"Átmeneti",JSON_2024,"2025-07-24 14:34:07","2025-07-24 14:34:07",7
2812,Tiszagyenda,"község","Jász-Nagykun-Szolnok",Kunhegyesi,3693.0,925,511,47.4979,19.0402,"Átmeneti",JSON_2024,"2025-07-24 14:34:07","2025-07-24 14:34:07",5
2813,"Tiszagyulaháza","község","Hajdú-Bihar","Hajdúnánási",2078.0,675,347,47.4979,19.0402,"Átmeneti",JSON_2024,"2025-07-24 14:34:07","2025-07-24 14:34:07",5
2814,Tiszaigar,"község","Jász-Nagykun-Szolnok","Tiszafüredi",3404.0,687,381,47.4979,19.0402,"Átmeneti",JSON_2024,"2025-07-24 14:34:07","2025-07-24 14:34:07",5
2815,Tiszainoka,"község","Jász-Nagykun-Szolnok","Kunszentmártoni",1792.0,397,199,47.4979,19.0402,"Átmeneti",JSON_2024,"2025-07-24 14:34:07","2025-07-24 14:34:07",5
2816,"Tiszajenő","község","Jász-Nagykun-Szolnok",Szolnoki,2819.0,1445,820,47.4979,19.0402,"Átmeneti",JSON_2024,"2025-07-24 14:34:07","2025-07-24 14:34:07",6
2817,"Tiszakanyár","község","Szabolcs-Szatmár-Bereg","Kisvárdai",1551.0,1493,520,47.4979,19.0402,"Átmeneti",JSON_2024,"2025-07-24 14:34:07","2025-07-24 14:34:07",6
2818,"Tiszakarád","község","Borsod-Abaúj-Zemplén","Cigándi",4756.0,2138,868,47.4979,19.0402,"Átmeneti",JSON_2024,"2025-07-24 14:34:07","2025-07-24 14:34:07",6
2819,"Tiszakécske","város","Bács-Kiskun","Tiszakécskei",13327.0,11690,5588,47.4979,19.0402,"Átmeneti",JSON_2024,"2025-07-24 14:34:07","2025-07-24 14:34:07",7
2820,Tiszakerecseny,"község","Szabolcs-Szatmár-Bereg","Vásárosnaményi",2386.0,851,374,47.4979,19.0402,"Átmeneti",JSON_2024,"2025-07-24 14:34:07","2025-07-24 14:34:07",5
2821,Tiszakeszi,"község","Borsod-Abaúj-Zemplén","Mezőcsáti",4618.0,2442,1028,47.4979,19.0402,"Átmeneti",JSON_2024,"2025-07-24 14:34:07","2025-07-24 14:34:07",6
2822,"Tiszakóród","község","Szabolcs-Szatmár-Bereg","Fehérgyarmati",1669.0,720,297,47.4979,19.0402,"Átmeneti",JSON_2024,"2025-07-24 14:34:07","2025-07-24 14:34:07",5
2823,"Tiszakürt","község","Jász-Nagykun-Szolnok","Kunszentmártoni",2837.0,1239,689,47.4979,19.0402,"Átmeneti",JSON_2024,"2025-07-24 14:34:07","2025-07-24 14:34:07",6
2824,"Tiszaladány","község","Borsod-Abaúj-Zemplén",Tokaji,2219.0,575,313,47.4979,19.0402,"Átmeneti",JSON_2024,"2025-07-24 14:34:07","2025-07-24 14:34:07",5
2825,"Tiszalök","város","Szabolcs-Szatmár-Bereg","Tiszavasvári",5866.0,5347,2216,47.4979,19.0402,"Átmeneti",JSON_2024,"2025-07-24 14:34:07","2025-07-24 14:34:07",6
2826,"Tiszalúc","nagyközség","Borsod-Abaúj-Zemplén",Szerencsi,4488.0,4679,1797,47.4979,19.0402,"Átmeneti",JSON_2024,"2025-07-24 14:34:07","2025-07-24 14:34:07",6
2827,"Tiszamogyorós","község","Szabolcs-Szatmár-Bereg","Záhonyi",1025.0,618,249,47.4979,19.0402,"Átmeneti",JSON_2024,"2025-07-24 14:34:07","2025-07-24 14:34:07",5
2828,Tiszanagyfalu,"község","Szabolcs-Szatmár-Bereg","Nyíregyházi",2705.0,1728,672,47.4979,19.0402,"Átmeneti",JSON_2024,"2025-07-24 14:34:07","2025-07-24 14:34:07",6
2829,"Tiszanána","község",Heves,Hevesi,6814.0,2252,995,47.4979,19.0402,"Átmeneti",JSON_2024,"2025-07-24 14:34:07","2025-07-24 14:34:07",6
2830,"Tiszaörs","község","Jász-Nagykun-Szolnok","Tiszafüredi",3710.0,1241,687,47.4979,19.0402,"Átmeneti",JSON_2024,"2025-07-24 14:34:07","2025-07-24 14:34:07",6
2831,Tiszapalkonya,"község","Borsod-Abaúj-Zemplén","Tiszaújvárosi",1349.0,1426,618,47.4979,19.0402,"Átmeneti",JSON_2024,"2025-07-24 14:34:07","2025-07-24 14:34:07",6
2832,"Tiszapüspöki","község","Jász-Nagykun-Szolnok","Törökszentmiklósi",3745.0,2000,845,47.4979,19.0402,"Átmeneti",JSON_2024,"2025-07-24 14:34:07","2025-07-24 14:34:07",6
2833,"Tiszarád","község","Szabolcs-Szatmár-Bereg",Kemecsei,923.0,529,173,47.4979,19.0402,"Átmeneti",JSON_2024,"2025-07-24 14:34:07","2025-07-24 14:34:07",5
2834,Tiszaroff,"község","Jász-Nagykun-Szolnok",Kunhegyesi,5249.0,1544,863,47.4979,19.0402,"Átmeneti",JSON_2024,"2025-07-24 14:34:07","2025-07-24 14:34:07",6
2835,Tiszasas,"község","Jász-Nagykun-Szolnok","Kunszentmártoni",2879.0,985,566,47.4979,19.0402,"Átmeneti",JSON_2024,"2025-07-24 14:34:07","2025-07-24 14:34:07",5
2836,"Tiszasüly","község","Jász-Nagykun-Szolnok",Szolnoki,9177.0,1366,747,47.4979,19.0402,"Átmeneti",JSON_2024,"2025-07-24 14:34:07","2025-07-24 14:34:07",6
2837,Tiszaszalka,"község","Szabolcs-Szatmár-Bereg","Vásárosnaményi",1496.0,836,348,47.4979,19.0402,"Átmeneti",JSON_2024,"2025-07-24 14:34:07","2025-07-24 14:34:07",5
2838,Tiszaszentimre,"község","Jász-Nagykun-Szolnok","Tiszafüredi",6561.0,1825,979,47.4979,19.0402,"Átmeneti",JSON_2024,"2025-07-24 14:34:07","2025-07-24 14:34:07",6
2839,"Tiszaszentmárton","község","Szabolcs-Szatmár-Bereg","Záhonyi",1446.0,1080,404,47.4979,19.0402,"Átmeneti",JSON_2024,"2025-07-24 14:34:07","2025-07-24 14:34:07",6
2840,Tiszasziget,"község","Csongrád-Csanád",Szegedi,2688.0,1649,648,47.4979,19.0402,"Átmeneti",JSON_2024,"2025-07-24 14:34:07","2025-07-24 14:34:07",6
2841,"Tiszaszőlős","község","Jász-Nagykun-Szolnok","Tiszafüredi",4779.0,1172,685,47.4979,19.0402,"Átmeneti",JSON_2024,"2025-07-24 14:34:07","2025-07-24 14:34:07",6
2842,Tiszatardos,"község","Borsod-Abaúj-Zemplén",Tokaji,893.0,205,164,47.4979,19.0402,"Átmeneti",JSON_2024,"2025-07-24 14:34:07","2025-07-24 14:34:07",5
2843,"Tiszatarján","község","Borsod-Abaúj-Zemplén","Mezőcsáti",4039.0,1361,482,47.4979,19.0402,"Átmeneti",JSON_2024,"2025-07-24 14:34:07","2025-07-24 14:34:07",6
2844,Tiszatelek,"község","Szabolcs-Szatmár-Bereg","Ibrányi",3378.0,1239,520,47.4979,19.0402,"Átmeneti",JSON_2024,"2025-07-24 14:34:07","2025-07-24 14:34:07",6
2845,"Tiszatenyő","község","Jász-Nagykun-Szolnok","Törökszentmiklósi",2355.0,1485,655,47.4979,19.0402,"Átmeneti",JSON_2024,"2025-07-24 14:34:07","2025-07-24 14:34:07",6
2846,Tiszaug,"község","Bács-Kiskun","Tiszakécskei",2504.0,888,416,47.4979,19.0402,"Átmeneti",JSON_2024,"2025-07-24 14:34:07","2025-07-24 14:34:07",5
2847,"Tiszaújváros","város","Borsod-Abaúj-Zemplén","Tiszaújvárosi",4604.0,14700,7489,47.4979,19.0402,"Átmeneti",JSON_2024,"2025-07-24 14:34:07","2025-07-24 14:34:07",7
2848,Tiszavalk,"község","Borsod-Abaúj-Zemplén","Mezőkövesdi",1154.0,290,179,47.4979,19.0402,"Átmeneti",JSON_2024,"2025-07-24 14:34:07","2025-07-24 14:34:07",5
2849,"Tiszavárkony","község","Jász-Nagykun-Szolnok",Szolnoki,3562.0,1503,723,47.4979,19.0402,"Átmeneti",JSON_2024,"2025-07-24 14:34:07","2025-07-24 14:34:07",6
2850,"Tiszavasvári","város","Szabolcs-Szatmár-Bereg","Tiszavasvári",12855.0,12276,4499,47.4979,19.0402,"Átmeneti",JSON_2024,"2025-07-24 14:34:07","2025-07-24 14:34:07",7
2851,Tiszavid,"község","Szabolcs-Szatmár-Bereg","Vásárosnaményi",1075.0,526,185,47.4979,19.0402,"Átmeneti",JSON_2024,"2025-07-24 14:34:07","2025-07-24 14:34:07",5
2852,Tisztaberek,"község","Szabolcs-Szatmár-Bereg","Fehérgyarmati",1823.0,592,228,47.4979,19.0402,"Átmeneti",JSON_2024,"2025-07-24 14:34:07","2025-07-24 14:34:07",5
2853,Tivadar,"község","Szabolcs-Szatmár-Bereg","Fehérgyarmati",480.0,166,86,47.4979,19.0402,"Átmeneti",JSON_2024,"2025-07-24 14:34:07","2025-07-24 14:34:07",5
2854,"Tóalmás","község",Pest,"Nagykátai",3940.0,4002,1639,47.4979,19.0402,"Átmeneti",JSON_2024,"2025-07-24 14:34:07","2025-07-24 14:34:07",6
2855,"Tófalu","község",Heves,"Füzesabonyi",1448.0,545,264,47.4979,19.0402,"Átmeneti",JSON_2024,"2025-07-24 14:34:07","2025-07-24 14:34:07",5
2856,"Tófej","község",Zala,Zalaegerszegi,1532.0,643,286,47.4979,19.0402,"Átmeneti",JSON_2024,"2025-07-24 14:34:07","2025-07-24 14:34:07",5
2857,"Tófű","község",Baranya,"Komlói",434.0,90,58,47.4979,19.0402,"Átmeneti",JSON_2024,"2025-07-24 14:34:07","2025-07-24 14:34:07",5
2858,Tokaj,"város","Borsod-Abaúj-Zemplén",Tokaji,2820.0,3743,1701,47.4979,19.0402,"Átmeneti",JSON_2024,"2025-07-24 14:34:07","2025-07-24 14:34:07",6
2859,Tokod,"nagyközség","Komárom-Esztergom",Esztergomi,1491.0,4269,1640,47.4979,19.0402,"Átmeneti",JSON_2024,"2025-07-24 14:34:07","2025-07-24 14:34:07",6
2860,"Tokodaltáró","község","Komárom-Esztergom",Esztergomi,527.0,3026,1050,47.4979,19.0402,"Átmeneti",JSON_2024,"2025-07-24 14:34:07","2025-07-24 14:34:07",6
2861,Tokorcs,"község",Vas,"Celldömölki",640.0,389,169,47.4979,19.0402,"Átmeneti",JSON_2024,"2025-07-24 14:34:07","2025-07-24 14:34:07",5
2862,Tolcsva,"község","Borsod-Abaúj-Zemplén","Sárospataki",1648.0,1454,741,47.4979,19.0402,"Átmeneti",JSON_2024,"2025-07-24 14:34:07","2025-07-24 14:34:07",6
2863,Told,"község","Hajdú-Bihar","Berettyóújfalui",1491.0,303,99,47.4979,19.0402,"Átmeneti",JSON_2024,"2025-07-24 14:34:07","2025-07-24 14:34:07",5
2864,"Tolmács","község","Nógrád","Rétsági",1214.0,678,343,47.4979,19.0402,"Átmeneti",JSON_2024,"2025-07-24 14:34:07","2025-07-24 14:34:07",5
2865,Tolna,"város",Tolna,Tolnai,7107.0,10640,4575,47.4979,19.0402,"Átmeneti",JSON_2024,"2025-07-24 14:34:07","2025-07-24 14:34:07",7
2866,"Tolnanémedi","község",Tolna,"Tamási",2195.0,941,507,47.4979,19.0402,"Átmeneti",JSON_2024,"2025-07-24 14:34:07","2025-07-24 14:34:07",5
2867,Tomajmonostora,"község","Jász-Nagykun-Szolnok",Kunhegyesi,1376.0,719,346,47.4979,19.0402,"Átmeneti",JSON_2024,"2025-07-24 14:34:07","2025-07-24 14:34:07",5
2868,Tomor,"község","Borsod-Abaúj-Zemplén","Edelényi",1289.0,208,106,47.4979,19.0402,"Átmeneti",JSON_2024,"2025-07-24 14:34:07","2025-07-24 14:34:07",5
2869,Tompa,"város","Bács-Kiskun",Kiskunhalasi,8157.0,3932,1943,47.4979,19.0402,"Átmeneti",JSON_2024,"2025-07-24 14:34:07","2025-07-24 14:34:07",6
2870,"Tompaládony","község",Vas,"Sárvári",944.0,329,171,47.4979,19.0402,"Átmeneti",JSON_2024,"2025-07-24 14:34:07","2025-07-24 14:34:07",5
2871,Tordas,"község","Fejér","Martonvásári",1676.0,2312,760,47.4979,19.0402,"Átmeneti",JSON_2024,"2025-07-24 14:34:07","2025-07-24 14:34:07",6
2872,"Tormafölde","község",Zala,Lenti,1886.0,333,180,47.4979,19.0402,"Átmeneti",JSON_2024,"2025-07-24 14:34:07","2025-07-24 14:34:07",5
2873,"Tormás","község",Baranya,"Hegyháti",2470.0,243,125,47.4979,19.0402,"Átmeneti",JSON_2024,"2025-07-24 14:34:07","2025-07-24 14:34:07",5
2874,"Tormásliget","község",Vas,"Kőszegi",753.0,303,128,47.4979,19.0402,"Átmeneti",JSON_2024,"2025-07-24 14:34:07","2025-07-24 14:34:07",5
2875,Tornabarakony,"község","Borsod-Abaúj-Zemplén","Edelényi",819.0,23,39,47.4979,19.0402,"Átmeneti",JSON_2024,"2025-07-24 14:34:07","2025-07-24 14:34:07",5
2876,"Tornakápolna","község","Borsod-Abaúj-Zemplén","Edelényi",402.0,20,35,47.4979,19.0402,"Átmeneti",JSON_2024,"2025-07-24 14:34:07","2025-07-24 14:34:07",5
2877,"Tornanádaska","község","Borsod-Abaúj-Zemplén","Edelényi",783.0,795,124,47.4979,19.0402,"Átmeneti",JSON_2024,"2025-07-24 14:34:07","2025-07-24 14:34:07",5
2878,"Tornaszentandrás","község","Borsod-Abaúj-Zemplén","Edelényi",1565.0,160,131,47.4979,19.0402,"Átmeneti",JSON_2024,"2025-07-24 14:34:07","2025-07-24 14:34:07",5
2879,Tornaszentjakab,"község","Borsod-Abaúj-Zemplén","Edelényi",2822.0,211,126,47.4979,19.0402,"Átmeneti",JSON_2024,"2025-07-24 14:34:07","2025-07-24 14:34:07",5
2880,"Tornyiszentmiklós","község",Zala,Lenti,1856.0,474,302,47.4979,19.0402,"Átmeneti",JSON_2024,"2025-07-24 14:34:07","2025-07-24 14:34:07",5
2881,"Tornyosnémeti","község","Borsod-Abaúj-Zemplén","Gönci",1406.0,511,257,47.4979,19.0402,"Átmeneti",JSON_2024,"2025-07-24 14:34:07","2025-07-24 14:34:07",5
2882,"Tornyospálca","község","Szabolcs-Szatmár-Bereg","Kisvárdai",4361.0,2228,944,47.4979,19.0402,"Átmeneti",JSON_2024,"2025-07-24 14:34:07","2025-07-24 14:34:07",6
2883,Torony,"község",Vas,Szombathelyi,1283.0,1950,728,47.4979,19.0402,"Átmeneti",JSON_2024,"2025-07-24 14:34:07","2025-07-24 14:34:07",6
2884,Torvaj,"község",Somogy,Tabi,1142.0,201,144,47.4979,19.0402,"Átmeneti",JSON_2024,"2025-07-24 14:34:07","2025-07-24 14:34:07",5
2885,"Tószeg","község","Jász-Nagykun-Szolnok",Szolnoki,5917.0,4223,1819,47.4979,19.0402,"Átmeneti",JSON_2024,"2025-07-24 14:34:07","2025-07-24 14:34:07",6
2886,"Tótkomlós","város","Békés","Orosházi",12505.0,5238,2854,47.4979,19.0402,"Átmeneti",JSON_2024,"2025-07-24 14:34:07","2025-07-24 14:34:07",6
2887,"Tótszentgyörgy","község",Baranya,"Szigetvári",750.0,136,67,47.4979,19.0402,"Átmeneti",JSON_2024,"2025-07-24 14:34:07","2025-07-24 14:34:07",5
2888,"Tótszentmárton","község",Zala,Letenyei,1017.0,695,312,47.4979,19.0402,"Átmeneti",JSON_2024,"2025-07-24 14:34:07","2025-07-24 14:34:07",5
2889,"Tótszerdahely","község",Zala,Letenyei,1229.0,1085,421,47.4979,19.0402,"Átmeneti",JSON_2024,"2025-07-24 14:34:07","2025-07-24 14:34:07",6
2890,"Tótújfalu","község",Somogy,Barcsi,1327.0,209,143,47.4979,19.0402,"Átmeneti",JSON_2024,"2025-07-24 14:34:07","2025-07-24 14:34:07",5
2891,"Tótvázsony","község","Veszprém","Veszprémi",4251.0,1379,484,47.4979,19.0402,"Átmeneti",JSON_2024,"2025-07-24 14:34:07","2025-07-24 14:34:07",6
2892,"Tök","község",Pest,Budakeszi,2474.0,1546,489,47.4979,19.0402,"Átmeneti",JSON_2024,"2025-07-24 14:34:07","2025-07-24 14:34:07",6
2893,"Tököl","város",Pest,"Szigetszentmiklósi",3849.0,11349,4196,47.4979,19.0402,"Átmeneti",JSON_2024,"2025-07-24 14:34:07","2025-07-24 14:34:07",7
2894,"Töltéstava","község","Győr-Moson-Sopron","Győri",2317.0,2568,784,47.4979,19.0402,"Átmeneti",JSON_2024,"2025-07-24 14:34:07","2025-07-24 14:34:07",6
2895,"Tömörd","község",Vas,"Kőszegi",1536.0,272,112,47.4979,19.0402,"Átmeneti",JSON_2024,"2025-07-24 14:34:07","2025-07-24 14:34:07",5
2896,"Tömörkény","község","Csongrád-Csanád","Csongrádi",5391.0,1606,868,47.4979,19.0402,"Átmeneti",JSON_2024,"2025-07-24 14:34:07","2025-07-24 14:34:07",6
2897,"Törökbálint","város",Pest,"Érdi",2941.0,14517,5385,47.4979,19.0402,"Átmeneti",JSON_2024,"2025-07-24 14:34:07","2025-07-24 14:34:07",7
2898,"Törökkoppány","község",Somogy,Tabi,2580.0,454,224,47.4979,19.0402,"Átmeneti",JSON_2024,"2025-07-24 14:34:07","2025-07-24 14:34:07",5
2899,"Törökszentmiklós","város","Jász-Nagykun-Szolnok","Törökszentmiklósi",18516.0,19196,8982,47.4979,19.0402,"Átmeneti",JSON_2024,"2025-07-24 14:34:07","2025-07-24 14:34:07",7
2900,"Törtel","község",Pest,"Ceglédi",8416.0,4188,1817,47.4979,19.0402,"Átmeneti",JSON_2024,"2025-07-24 14:34:07","2025-07-24 14:34:07",6
2901,"Töttös","község",Baranya,"Bólyi",2299.0,538,244,47.4979,19.0402,"Átmeneti",JSON_2024,"2025-07-24 14:34:07","2025-07-24 14:34:07",5
2902,Trizs,"község","Borsod-Abaúj-Zemplén",Putnoki,1025.0,161,103,47.4979,19.0402,"Átmeneti",JSON_2024,"2025-07-24 14:34:07","2025-07-24 14:34:07",5
2903,Tunyogmatolcs,"község","Szabolcs-Szatmár-Bereg","Fehérgyarmati",2629.0,2276,924,47.4979,19.0402,"Átmeneti",JSON_2024,"2025-07-24 14:34:07","2025-07-24 14:34:07",6
2904,Tura,"város",Pest,"Aszódi",5592.0,7711,3002,47.4979,19.0402,"Átmeneti",JSON_2024,"2025-07-24 14:34:07","2025-07-24 14:34:07",6
2905,"Túristvándi","község","Szabolcs-Szatmár-Bereg","Fehérgyarmati",1522.0,656,249,47.4979,19.0402,"Átmeneti",JSON_2024,"2025-07-24 14:34:07","2025-07-24 14:34:07",5
2906,"Túrkeve","város","Jász-Nagykun-Szolnok","Mezőtúri",23652.0,7789,3934,47.4979,19.0402,"Átmeneti",JSON_2024,"2025-07-24 14:34:07","2025-07-24 14:34:07",6
2907,"Túrony","község",Baranya,"Siklósi",940.0,255,101,47.4979,19.0402,"Átmeneti",JSON_2024,"2025-07-24 14:34:07","2025-07-24 14:34:07",5
2908,"Túrricse","község","Szabolcs-Szatmár-Bereg","Fehérgyarmati",1299.0,559,221,47.4979,19.0402,"Átmeneti",JSON_2024,"2025-07-24 14:34:07","2025-07-24 14:34:07",5
2909,"Tuzsér","nagyközség","Szabolcs-Szatmár-Bereg","Záhonyi",1552.0,3194,1007,47.4979,19.0402,"Átmeneti",JSON_2024,"2025-07-24 14:34:07","2025-07-24 14:34:07",6
2910,"Türje","község",Zala,"Zalaszentgróti",3823.0,1547,693,47.4979,19.0402,"Átmeneti",JSON_2024,"2025-07-24 14:34:07","2025-07-24 14:34:07",6
2911,"Tüskevár","község","Veszprém",Devecseri,1700.0,544,268,47.4979,19.0402,"Átmeneti",JSON_2024,"2025-07-24 14:34:07","2025-07-24 14:34:07",5
2912,Tyukod,"nagyközség","Szabolcs-Szatmár-Bereg",Csengeri,6218.0,1824,875,47.4979,19.0402,"Átmeneti",JSON_2024,"2025-07-24 14:34:07","2025-07-24 14:34:07",6
2913,Udvar,"község",Baranya,"Mohácsi",440.0,117,66,47.4979,19.0402,"Átmeneti",JSON_2024,"2025-07-24 14:34:07","2025-07-24 14:34:07",5
2914,Udvari,"község",Tolna,"Tamási",1944.0,261,137,47.4979,19.0402,"Átmeneti",JSON_2024,"2025-07-24 14:34:07","2025-07-24 14:34:07",5
2915,Ugod,"község","Veszprém","Pápai",6278.0,1242,577,47.4979,19.0402,"Átmeneti",JSON_2024,"2025-07-24 14:34:07","2025-07-24 14:34:07",6
2916,"Újbarok","község","Fejér",Bicskei,149.0,458,201,47.4979,19.0402,"Átmeneti",JSON_2024,"2025-07-24 14:34:07","2025-07-24 14:34:07",5
2917,"Újcsanálos","község","Borsod-Abaúj-Zemplén",Miskolci,1220.0,722,312,47.4979,19.0402,"Átmeneti",JSON_2024,"2025-07-24 14:34:07","2025-07-24 14:34:07",5
2918,"Újdombrád","község","Szabolcs-Szatmár-Bereg","Kisvárdai",1078.0,597,211,47.4979,19.0402,"Átmeneti",JSON_2024,"2025-07-24 14:34:07","2025-07-24 14:34:07",5
2919,"Újfehértó","város","Szabolcs-Szatmár-Bereg","Nyíregyházi",14092.0,12183,4788,47.4979,19.0402,"Átmeneti",JSON_2024,"2025-07-24 14:34:07","2025-07-24 14:34:07",7
2920,"Újhartyán","város",Pest,Dabasi,2245.0,2858,1158,47.4979,19.0402,"Átmeneti",JSON_2024,"2025-07-24 14:34:07","2025-07-24 14:34:07",6
2921,"Újiráz","község","Hajdú-Bihar","Berettyóújfalui",1546.0,468,257,47.4979,19.0402,"Átmeneti",JSON_2024,"2025-07-24 14:34:07","2025-07-24 14:34:07",5
2922,"Újireg","község",Tolna,"Tamási",1090.0,244,133,47.4979,19.0402,"Átmeneti",JSON_2024,"2025-07-24 14:34:07","2025-07-24 14:34:07",5
2923,"Újkenéz","község","Szabolcs-Szatmár-Bereg","Kisvárdai",969.0,932,352,47.4979,19.0402,"Átmeneti",JSON_2024,"2025-07-24 14:34:07","2025-07-24 14:34:07",5
2924,"Újkér","község","Győr-Moson-Sopron",Soproni,3237.0,976,425,47.4979,19.0402,"Átmeneti",JSON_2024,"2025-07-24 14:34:07","2025-07-24 14:34:07",5
2925,"Újkígyós","város","Békés","Békéscsabai",5492.0,4675,2205,47.4979,19.0402,"Átmeneti",JSON_2024,"2025-07-24 14:34:07","2025-07-24 14:34:07",6
2926,"Újlengyel","község",Pest,Dabasi,2625.0,1806,724,47.4979,19.0402,"Átmeneti",JSON_2024,"2025-07-24 14:34:07","2025-07-24 14:34:07",6
2927,"Újléta","község","Hajdú-Bihar","Nyíradonyi",3042.0,1042,417,47.4979,19.0402,"Átmeneti",JSON_2024,"2025-07-24 14:34:07","2025-07-24 14:34:07",6
2928,"Újlőrincfalva","község",Heves,"Füzesabonyi",4808.0,193,126,47.4979,19.0402,"Átmeneti",JSON_2024,"2025-07-24 14:34:07","2025-07-24 14:34:07",5
2929,"Újpetre","község",Baranya,"Siklósi",1671.0,972,381,47.4979,19.0402,"Átmeneti",JSON_2024,"2025-07-24 14:34:07","2025-07-24 14:34:07",5
2930,"Újrónafő","község","Győr-Moson-Sopron","Mosonmagyaróvári",4864.0,842,325,47.4979,19.0402,"Átmeneti",JSON_2024,"2025-07-24 14:34:07","2025-07-24 14:34:07",5
2931,"Újsolt","község","Bács-Kiskun",Kalocsai,3298.0,151,117,47.4979,19.0402,"Átmeneti",JSON_2024,"2025-07-24 14:34:07","2025-07-24 14:34:07",5
2932,"Újszalonta","község","Békés",Sarkadi,2083.0,75,71,47.4979,19.0402,"Átmeneti",JSON_2024,"2025-07-24 14:34:07","2025-07-24 14:34:07",5
2933,"Újszász","város","Jász-Nagykun-Szolnok",Szolnoki,5820.0,5887,2505,47.4979,19.0402,"Átmeneti",JSON_2024,"2025-07-24 14:34:07","2025-07-24 14:34:07",6
2934,"Újszentiván","község","Csongrád-Csanád",Szegedi,1549.0,1935,720,47.4979,19.0402,"Átmeneti",JSON_2024,"2025-07-24 14:34:07","2025-07-24 14:34:07",6
2935,"Újszentmargita","község","Hajdú-Bihar","Balmazújvárosi",9622.0,1331,593,47.4979,19.0402,"Átmeneti",JSON_2024,"2025-07-24 14:34:07","2025-07-24 14:34:07",6
2936,"Újszilvás","község",Pest,"Ceglédi",3898.0,2660,1155,47.4979,19.0402,"Átmeneti",JSON_2024,"2025-07-24 14:34:07","2025-07-24 14:34:07",6
2937,"Újtelek","község","Bács-Kiskun",Kalocsai,956.0,351,253,47.4979,19.0402,"Átmeneti",JSON_2024,"2025-07-24 14:34:07","2025-07-24 14:34:07",5
2938,"Újtikos","község","Hajdú-Bihar","Hajdúnánási",3529.0,754,387,47.4979,19.0402,"Átmeneti",JSON_2024,"2025-07-24 14:34:07","2025-07-24 14:34:07",5
2939,"Újudvar","község",Zala,Nagykanizsai,1631.0,884,370,47.4979,19.0402,"Átmeneti",JSON_2024,"2025-07-24 14:34:07","2025-07-24 14:34:07",5
2940,"Újvárfalva","község",Somogy,"Kaposvári",1222.0,226,127,47.4979,19.0402,"Átmeneti",JSON_2024,"2025-07-24 14:34:07","2025-07-24 14:34:07",5
2941,Ukk,"község","Veszprém","Sümegi",1387.0,277,151,47.4979,19.0402,"Átmeneti",JSON_2024,"2025-07-24 14:34:07","2025-07-24 14:34:07",5
2942,Und,"község","Győr-Moson-Sopron",Soproni,679.0,326,165,47.4979,19.0402,"Átmeneti",JSON_2024,"2025-07-24 14:34:07","2025-07-24 14:34:07",5
2943,"Úny","község","Komárom-Esztergom",Esztergomi,1158.0,728,323,47.4979,19.0402,"Átmeneti",JSON_2024,"2025-07-24 14:34:07","2025-07-24 14:34:07",5
2944,Uppony,"község","Borsod-Abaúj-Zemplén","Ózdi",1281.0,271,209,47.4979,19.0402,"Átmeneti",JSON_2024,"2025-07-24 14:34:07","2025-07-24 14:34:07",5
2945,Ura,"község","Szabolcs-Szatmár-Bereg",Csengeri,3234.0,503,263,47.4979,19.0402,"Átmeneti",JSON_2024,"2025-07-24 14:34:07","2025-07-24 14:34:07",5
2946,"Uraiújfalu","község",Vas,"Sárvári",1908.0,830,389,47.4979,19.0402,"Átmeneti",JSON_2024,"2025-07-24 14:34:07","2025-07-24 14:34:07",5
2947,"Úrhida","község","Fejér","Székesfehérvári",725.0,2642,962,47.4979,19.0402,"Átmeneti",JSON_2024,"2025-07-24 14:34:07","2025-07-24 14:34:07",6
2948,"Úri","község",Pest,"Nagykátai",2219.0,2540,986,47.4979,19.0402,"Átmeneti",JSON_2024,"2025-07-24 14:34:07","2025-07-24 14:34:07",6
2949,"Úrkút","község","Veszprém",Ajkai,2013.0,1874,763,47.4979,19.0402,"Átmeneti",JSON_2024,"2025-07-24 14:34:07","2025-07-24 14:34:07",6
2950,Uszka,"község","Szabolcs-Szatmár-Bereg","Fehérgyarmati",735.0,477,116,47.4979,19.0402,"Átmeneti",JSON_2024,"2025-07-24 14:34:07","2025-07-24 14:34:07",5
2951,"Uszód","község","Bács-Kiskun",Kalocsai,2446.0,846,466,47.4979,19.0402,"Átmeneti",JSON_2024,"2025-07-24 14:34:07","2025-07-24 14:34:07",5
2952,Uzsa,"község","Veszprém",Tapolcai,1149.0,304,151,47.4979,19.0402,"Átmeneti",JSON_2024,"2025-07-24 14:34:07","2025-07-24 14:34:07",5
2953,"Üllés","nagyközség","Csongrád-Csanád","Mórahalmi",4993.0,3071,1480,47.4979,19.0402,"Átmeneti",JSON_2024,"2025-07-24 14:34:07","2025-07-24 14:34:07",6
2954,"Üllő","város",Pest,"Vecsési",4810.0,12605,4686,47.4979,19.0402,"Átmeneti",JSON_2024,"2025-07-24 14:34:07","2025-07-24 14:34:07",7
2955,"Üröm","község",Pest,"Pilisvörösvári",666.0,8272,3122,47.4979,19.0402,"Átmeneti",JSON_2024,"2025-07-24 14:34:07","2025-07-24 14:34:07",6
2956,"Vác","város",Pest,"Váci",6160.0,34001,15912,47.4979,19.0402,"Átmeneti",JSON_2024,"2025-07-24 14:34:07","2025-07-24 14:34:07",7
2957,"Vácduka","község",Pest,"Váci",840.0,1816,589,47.4979,19.0402,"Átmeneti",JSON_2024,"2025-07-24 14:34:07","2025-07-24 14:34:07",6
2958,"Vácegres","község",Pest,"Aszódi",1367.0,870,303,47.4979,19.0402,"Átmeneti",JSON_2024,"2025-07-24 14:34:07","2025-07-24 14:34:07",5
2959,"Váchartyán","község",Pest,"Váci",1211.0,1735,678,47.4979,19.0402,"Átmeneti",JSON_2024,"2025-07-24 14:34:07","2025-07-24 14:34:07",6
2960,"Váckisújfalu","község",Pest,"Váci",1070.0,483,173,47.4979,19.0402,"Átmeneti",JSON_2024,"2025-07-24 14:34:07","2025-07-24 14:34:07",5
2961,"Vácrátót","község",Pest,"Váci",1809.0,2476,924,47.4979,19.0402,"Átmeneti",JSON_2024,"2025-07-24 14:34:07","2025-07-24 14:34:07",6
2962,"Vácszentlászló","község",Pest,"Gödöllői",2987.0,2216,797,47.4979,19.0402,"Átmeneti",JSON_2024,"2025-07-24 14:34:07","2025-07-24 14:34:07",6
2963,Vadna,"község","Borsod-Abaúj-Zemplén",Kazincbarcikai,787.0,608,265,47.4979,19.0402,"Átmeneti",JSON_2024,"2025-07-24 14:34:07","2025-07-24 14:34:07",5
2964,Vadosfa,"község","Győr-Moson-Sopron","Kapuvári",419.0,81,45,47.4979,19.0402,"Átmeneti",JSON_2024,"2025-07-24 14:34:07","2025-07-24 14:34:07",5
2965,"Vág","község","Győr-Moson-Sopron",Csornai,1406.0,493,289,47.4979,19.0402,"Átmeneti",JSON_2024,"2025-07-24 14:34:07","2025-07-24 14:34:07",5
2966,"Vágáshuta","község","Borsod-Abaúj-Zemplén","Sátoraljaújhelyi",205.0,89,114,47.4979,19.0402,"Átmeneti",JSON_2024,"2025-07-24 14:34:07","2025-07-24 14:34:07",5
2967,Vaja,"város","Szabolcs-Szatmár-Bereg","Mátészalkai",2861.0,3368,1177,47.4979,19.0402,"Átmeneti",JSON_2024,"2025-07-24 14:34:07","2025-07-24 14:34:07",6
2968,"Vajdácska","község","Borsod-Abaúj-Zemplén","Sárospataki",2277.0,1177,461,47.4979,19.0402,"Átmeneti",JSON_2024,"2025-07-24 14:34:07","2025-07-24 14:34:07",6
2969,"Vajszló","nagyközség",Baranya,Sellyei,1771.0,1601,698,47.4979,19.0402,"Átmeneti",JSON_2024,"2025-07-24 14:34:07","2025-07-24 14:34:07",6
2970,Vajta,"község","Fejér","Sárbogárdi",2343.0,784,388,47.4979,19.0402,"Átmeneti",JSON_2024,"2025-07-24 14:34:07","2025-07-24 14:34:07",5
2971,"Vál","község","Fejér","Martonvásári",4048.0,2605,988,47.4979,19.0402,"Átmeneti",JSON_2024,"2025-07-24 14:34:07","2025-07-24 14:34:07",6
2972,"Valkó","nagyközség",Pest,"Gödöllői",3759.0,2527,870,47.4979,19.0402,"Átmeneti",JSON_2024,"2025-07-24 14:34:07","2025-07-24 14:34:07",6
2973,Valkonya,"község",Zala,Letenyei,755.0,57,41,47.4979,19.0402,"Átmeneti",JSON_2024,"2025-07-24 14:34:07","2025-07-24 14:34:07",5
2974,"Vállaj","község","Szabolcs-Szatmár-Bereg","Mátészalkai",2227.0,899,440,47.4979,19.0402,"Átmeneti",JSON_2024,"2025-07-24 14:34:07","2025-07-24 14:34:07",5
2975,"Vállus","község",Zala,Keszthelyi,2180.0,101,65,47.4979,19.0402,"Átmeneti",JSON_2024,"2025-07-24 14:34:07","2025-07-24 14:34:07",5
2976,"Vámosatya","község","Szabolcs-Szatmár-Bereg","Vásárosnaményi",2412.0,517,239,47.4979,19.0402,"Átmeneti",JSON_2024,"2025-07-24 14:34:07","2025-07-24 14:34:07",5
2977,"Vámoscsalád","község",Vas,"Sárvári",1178.0,275,154,47.4979,19.0402,"Átmeneti",JSON_2024,"2025-07-24 14:34:07","2025-07-24 14:34:07",5
2978,"Vámosgyörk","község",Heves,"Gyöngyösi",2182.0,1867,776,47.4979,19.0402,"Átmeneti",JSON_2024,"2025-07-24 14:34:07","2025-07-24 14:34:07",6
2979,"Vámosmikola","község",Pest,Szobi,2527.0,1461,656,47.4979,19.0402,"Átmeneti",JSON_2024,"2025-07-24 14:34:07","2025-07-24 14:34:07",6
2980,"Vámosoroszi","község","Szabolcs-Szatmár-Bereg","Fehérgyarmati",1315.0,451,175,47.4979,19.0402,"Átmeneti",JSON_2024,"2025-07-24 14:34:07","2025-07-24 14:34:07",5
2981,"Vámospércs","város","Hajdú-Bihar","Nyíradonyi",5819.0,5101,2063,47.4979,19.0402,"Átmeneti",JSON_2024,"2025-07-24 14:34:07","2025-07-24 14:34:07",6
2982,"Vámosújfalu","község","Borsod-Abaúj-Zemplén","Sárospataki",1064.0,689,323,47.4979,19.0402,"Átmeneti",JSON_2024,"2025-07-24 14:34:07","2025-07-24 14:34:07",5
2983,"Vámosszabadi","község","Győr-Moson-Sopron","Győri",2237.0,2961,1263,47.4979,19.0402,"Átmeneti",JSON_2024,"2025-07-24 14:34:07","2025-07-24 14:34:07",6
2984,"Váncsod","község","Hajdú-Bihar","Berettyóújfalui",3443.0,1005,517,47.4979,19.0402,"Átmeneti",JSON_2024,"2025-07-24 14:34:07","2025-07-24 14:34:07",6
2985,Vanyarc,"község","Nógrád","Pásztói",3223.0,1130,500,47.4979,19.0402,"Átmeneti",JSON_2024,"2025-07-24 14:34:07","2025-07-24 14:34:07",6
2986,Vanyola,"község","Veszprém","Pápai",1951.0,497,254,47.4979,19.0402,"Átmeneti",JSON_2024,"2025-07-24 14:34:07","2025-07-24 14:34:07",5
2987,"Várad","község",Baranya,"Szigetvári",793.0,120,43,47.4979,19.0402,"Átmeneti",JSON_2024,"2025-07-24 14:34:07","2025-07-24 14:34:07",5
2988,"Váralja","község",Tolna,"Bonyhádi",2113.0,749,359,47.4979,19.0402,"Átmeneti",JSON_2024,"2025-07-24 14:34:07","2025-07-24 14:34:07",5
2989,"Varászló","község",Somogy,Marcali,1276.0,130,93,47.4979,19.0402,"Átmeneti",JSON_2024,"2025-07-24 14:34:07","2025-07-24 14:34:07",5
2990,"Váraszó","község",Heves,"Pétervásárai",2705.0,468,227,47.4979,19.0402,"Átmeneti",JSON_2024,"2025-07-24 14:34:07","2025-07-24 14:34:07",5
2991,"Várbalog","község","Győr-Moson-Sopron","Mosonmagyaróvári",2270.0,425,258,47.4979,19.0402,"Átmeneti",JSON_2024,"2025-07-24 14:34:07","2025-07-24 14:34:07",5
2992,"Varbó","község","Borsod-Abaúj-Zemplén",Miskolci,2588.0,1002,420,47.4979,19.0402,"Átmeneti",JSON_2024,"2025-07-24 14:34:07","2025-07-24 14:34:07",6
2993,"Varbóc","község","Borsod-Abaúj-Zemplén","Edelényi",1010.0,51,59,47.4979,19.0402,"Átmeneti",JSON_2024,"2025-07-24 14:34:07","2025-07-24 14:34:07",5
2994,"Várda","község",Somogy,"Kaposvári",1036.0,412,184,47.4979,19.0402,"Átmeneti",JSON_2024,"2025-07-24 14:34:07","2025-07-24 14:34:07",5
2995,"Várdomb","község",Tolna,"Szekszárdi",956.0,1078,441,47.4979,19.0402,"Átmeneti",JSON_2024,"2025-07-24 14:34:07","2025-07-24 14:34:07",6
2996,"Várfölde","község",Zala,Letenyei,1487.0,184,98,47.4979,19.0402,"Átmeneti",JSON_2024,"2025-07-24 14:34:07","2025-07-24 14:34:07",5
2997,Varga,"község",Baranya,"Hegyháti",836.0,91,50,47.4979,19.0402,"Átmeneti",JSON_2024,"2025-07-24 14:34:07","2025-07-24 14:34:07",5
2998,"Várgesztes","község","Komárom-Esztergom","Tatabányai",1204.0,689,262,47.4979,19.0402,"Átmeneti",JSON_2024,"2025-07-24 14:34:07","2025-07-24 14:34:07",5
2999,"Várkesző","község","Veszprém","Pápai",641.0,143,110,47.4979,19.0402,"Átmeneti",JSON_2024,"2025-07-24 14:34:07","2025-07-24 14:34:07",5
3000,"Várong","község",Tolna,"Dombóvári",663.0,106,87,47.4979,19.0402,"Átmeneti",JSON_2024,"2025-07-24 14:34:07","2025-07-24 14:34:07",5
3001,"Városföld","község","Bács-Kiskun","Kecskeméti",6165.0,2139,850,47.4979,19.0402,"Átmeneti",JSON_2024,"2025-07-24 14:34:07","2025-07-24 14:34:07",6
3002,"Városlőd","község","Veszprém",Ajkai,2227.0,1223,530,47.4979,19.0402,"Átmeneti",JSON_2024,"2025-07-24 14:34:07","2025-07-24 14:34:07",6
3003,"Várpalota","város","Veszprém","Várpalotai",7726.0,19395,8874,47.4979,19.0402,"Átmeneti",JSON_2024,"2025-07-24 14:34:07","2025-07-24 14:34:07",7
3004,"Varsád","község",Tolna,"Tamási",2156.0,324,174,47.4979,19.0402,"Átmeneti",JSON_2024,"2025-07-24 14:34:07","2025-07-24 14:34:07",5
3005,"Varsány","község","Nógrád","Szécsényi",2558.0,1488,630,47.4979,19.0402,"Átmeneti",JSON_2024,"2025-07-24 14:34:07","2025-07-24 14:34:07",6
3006,"Várvölgy","község",Zala,Keszthelyi,2504.0,937,456,47.4979,19.0402,"Átmeneti",JSON_2024,"2025-07-24 14:34:07","2025-07-24 14:34:07",5
3007,Vasad,"község",Pest,Monori,3341.0,1993,799,47.4979,19.0402,"Átmeneti",JSON_2024,"2025-07-24 14:34:07","2025-07-24 14:34:07",6
3008,Vasalja,"község",Vas,"Körmendi",1124.0,300,150,47.4979,19.0402,"Átmeneti",JSON_2024,"2025-07-24 14:34:07","2025-07-24 14:34:07",5
3009,"Vásárosbéc","község",Baranya,"Szigetvári",2401.0,181,91,47.4979,19.0402,"Átmeneti",JSON_2024,"2025-07-24 14:34:07","2025-07-24 14:34:07",5
3010,"Vásárosdombó","község",Baranya,"Hegyháti",1174.0,1004,380,47.4979,19.0402,"Átmeneti",JSON_2024,"2025-07-24 14:34:07","2025-07-24 14:34:07",6
3011,"Vásárosfalu","község","Győr-Moson-Sopron","Kapuvári",420.0,144,70,47.4979,19.0402,"Átmeneti",JSON_2024,"2025-07-24 14:34:07","2025-07-24 14:34:07",5
3012,"Vásárosmiske","község",Vas,"Sárvári",1342.0,348,189,47.4979,19.0402,"Átmeneti",JSON_2024,"2025-07-24 14:34:07","2025-07-24 14:34:07",5
3013,"Vásárosnamény","város","Szabolcs-Szatmár-Bereg","Vásárosnaményi",6568.0,7895,3425,47.4979,19.0402,"Átmeneti",JSON_2024,"2025-07-24 14:34:07","2025-07-24 14:34:07",6
3014,Vasasszonyfa,"község",Vas,Szombathelyi,1065.0,431,164,47.4979,19.0402,"Átmeneti",JSON_2024,"2025-07-24 14:34:07","2025-07-24 14:34:07",5
3015,Vasboldogasszony,"község",Zala,Zalaegerszegi,1175.0,527,203,47.4979,19.0402,"Átmeneti",JSON_2024,"2025-07-24 14:34:07","2025-07-24 14:34:07",5
3016,Vasegerszeg,"község",Vas,"Sárvári",1272.0,322,143,47.4979,19.0402,"Átmeneti",JSON_2024,"2025-07-24 14:34:07","2025-07-24 14:34:07",5
3017,"Vashosszúfalu","község",Vas,"Sárvári",1392.0,352,200,47.4979,19.0402,"Átmeneti",JSON_2024,"2025-07-24 14:34:07","2025-07-24 14:34:07",5
3018,Vaskeresztes,"község",Vas,Szombathelyi,912.0,325,148,47.4979,19.0402,"Átmeneti",JSON_2024,"2025-07-24 14:34:07","2025-07-24 14:34:07",5
3019,"Vaskút","nagyközség","Bács-Kiskun",Bajai,7149.0,3102,1372,47.4979,19.0402,"Átmeneti",JSON_2024,"2025-07-24 14:34:07","2025-07-24 14:34:07",6
3020,Vasmegyer,"község","Szabolcs-Szatmár-Bereg",Kemecsei,2274.0,1669,555,47.4979,19.0402,"Átmeneti",JSON_2024,"2025-07-24 14:34:07","2025-07-24 14:34:07",6
3021,"Vaspör","község",Zala,Zalaegerszegi,1345.0,332,204,47.4979,19.0402,"Átmeneti",JSON_2024,"2025-07-24 14:34:07","2025-07-24 14:34:07",5
3022,"Vassurány","község",Vas,Szombathelyi,1009.0,712,270,47.4979,19.0402,"Átmeneti",JSON_2024,"2025-07-24 14:34:07","2025-07-24 14:34:07",5
3023,"Vasvár","város",Vas,"Vasvári",5510.0,3896,1926,47.4979,19.0402,"Átmeneti",JSON_2024,"2025-07-24 14:34:07","2025-07-24 14:34:07",6
3024,Vaszar,"község","Veszprém","Pápai",3369.0,1483,652,47.4979,19.0402,"Átmeneti",JSON_2024,"2025-07-24 14:34:07","2025-07-24 14:34:07",6
3025,"Vászoly","község","Veszprém","Balatonfüredi",854.0,280,130,47.4979,19.0402,"Átmeneti",JSON_2024,"2025-07-24 14:34:07","2025-07-24 14:34:07",5
3026,"Vasszécseny","község",Vas,Szombathelyi,1795.0,1300,493,47.4979,19.0402,"Átmeneti",JSON_2024,"2025-07-24 14:34:07","2025-07-24 14:34:07",6
3027,"Vasszentmihály","község",Vas,"Szentgotthárdi",641.0,349,167,47.4979,19.0402,"Átmeneti",JSON_2024,"2025-07-24 14:34:07","2025-07-24 14:34:07",5
3028,"Vasszilvágy","község",Vas,Szombathelyi,1180.0,384,166,47.4979,19.0402,"Átmeneti",JSON_2024,"2025-07-24 14:34:07","2025-07-24 14:34:07",5
3029,"Vát","község",Vas,Szombathelyi,2327.0,607,254,47.4979,19.0402,"Átmeneti",JSON_2024,"2025-07-24 14:34:07","2025-07-24 14:34:07",5
3030,Vatta,"község","Borsod-Abaúj-Zemplén","Mezőkövesdi",2334.0,822,365,47.4979,19.0402,"Átmeneti",JSON_2024,"2025-07-24 14:34:07","2025-07-24 14:34:07",5
3031,"Vázsnok","község",Baranya,"Hegyháti",475.0,117,65,47.4979,19.0402,"Átmeneti",JSON_2024,"2025-07-24 14:34:07","2025-07-24 14:34:07",5
3032,"Vécs","község",Heves,"Gyöngyösi",2566.0,569,371,47.4979,19.0402,"Átmeneti",JSON_2024,"2025-07-24 14:34:07","2025-07-24 14:34:07",5
3033,"Vecsés","város",Pest,"Vecsési",3617.0,21383,8472,47.4979,19.0402,"Átmeneti",JSON_2024,"2025-07-24 14:34:07","2025-07-24 14:34:07",7
3034,"Végegyháza","község","Békés","Mezőkovácsházai",2894.0,1094,694,47.4979,19.0402,"Átmeneti",JSON_2024,"2025-07-24 14:34:07","2025-07-24 14:34:07",6
3035,Vejti,"község",Baranya,Sellyei,976.0,153,80,47.4979,19.0402,"Átmeneti",JSON_2024,"2025-07-24 14:34:07","2025-07-24 14:34:07",5
3036,"Vékény","község",Baranya,"Komlói",936.0,138,62,47.4979,19.0402,"Átmeneti",JSON_2024,"2025-07-24 14:34:07","2025-07-24 14:34:07",5
3037,Vekerd,"község","Hajdú-Bihar","Berettyóújfalui",741.0,109,94,47.4979,19.0402,"Átmeneti",JSON_2024,"2025-07-24 14:34:07","2025-07-24 14:34:07",5
3038,Velem,"község",Vas,"Kőszegi",861.0,383,211,47.4979,19.0402,"Átmeneti",JSON_2024,"2025-07-24 14:34:07","2025-07-24 14:34:07",5
3039,"Velemér","község",Vas,"Körmendi",955.0,71,57,47.4979,19.0402,"Átmeneti",JSON_2024,"2025-07-24 14:34:07","2025-07-24 14:34:07",5
3040,Velence,"város","Fejér","Gárdonyi",3337.0,7817,3654,47.4979,19.0402,"Átmeneti",JSON_2024,"2025-07-24 14:34:07","2025-07-24 14:34:07",6
3041,"Velény","község",Baranya,"Szentlőrinci",709.0,144,63,47.4979,19.0402,"Átmeneti",JSON_2024,"2025-07-24 14:34:07","2025-07-24 14:34:07",5
3042,"Véménd","község",Baranya,"Mohácsi",3181.0,1152,574,47.4979,19.0402,"Átmeneti",JSON_2024,"2025-07-24 14:34:07","2025-07-24 14:34:07",6
3043,"Vének","község","Győr-Moson-Sopron","Győri",689.0,211,91,47.4979,19.0402,"Átmeneti",JSON_2024,"2025-07-24 14:34:07","2025-07-24 14:34:07",5
3044,"Vép","város",Vas,Szombathelyi,3289.0,3265,1208,47.4979,19.0402,"Átmeneti",JSON_2024,"2025-07-24 14:34:07","2025-07-24 14:34:07",6
3045,Vereb,"község","Fejér","Gárdonyi",2232.0,831,321,47.4979,19.0402,"Átmeneti",JSON_2024,"2025-07-24 14:34:07","2025-07-24 14:34:07",5
3046,"Veresegyház","város",Pest,"Gödöllői",2868.0,21039,7860,47.4979,19.0402,"Átmeneti",JSON_2024,"2025-07-24 14:34:07","2025-07-24 14:34:07",7
3047,"Verőce","község",Pest,Szobi,2033.0,4159,1666,47.4979,19.0402,"Átmeneti",JSON_2024,"2025-07-24 14:34:07","2025-07-24 14:34:07",6
3048,"Verpelét","város",Heves,Egri,5318.0,3692,1552,47.4979,19.0402,"Átmeneti",JSON_2024,"2025-07-24 14:34:07","2025-07-24 14:34:07",6
3049,Verseg,"község",Pest,"Aszódi",2957.0,1259,516,47.4979,19.0402,"Átmeneti",JSON_2024,"2025-07-24 14:34:07","2025-07-24 14:34:07",6
3050,Versend,"község",Baranya,"Bólyi",1413.0,874,294,47.4979,19.0402,"Átmeneti",JSON_2024,"2025-07-24 14:34:07","2025-07-24 14:34:07",5
3051,"Vértesacsa","község","Fejér",Bicskei,3619.0,1766,709,47.4979,19.0402,"Átmeneti",JSON_2024,"2025-07-24 14:34:07","2025-07-24 14:34:07",6
3052,"Vértesboglár","község","Fejér",Bicskei,2321.0,903,366,47.4979,19.0402,"Átmeneti",JSON_2024,"2025-07-24 14:34:07","2025-07-24 14:34:07",5
3053,"Vérteskethely","község","Komárom-Esztergom","Kisbéri",1746.0,550,243,47.4979,19.0402,"Átmeneti",JSON_2024,"2025-07-24 14:34:07","2025-07-24 14:34:07",5
3054,"Vértessomló","község","Komárom-Esztergom","Tatabányai",2230.0,1393,586,47.4979,19.0402,"Átmeneti",JSON_2024,"2025-07-24 14:34:07","2025-07-24 14:34:07",6
3055,"Vértestolna","község","Komárom-Esztergom",Tatai,1695.0,584,267,47.4979,19.0402,"Átmeneti",JSON_2024,"2025-07-24 14:34:07","2025-07-24 14:34:07",5
3056,"Vértesszőlős","község","Komárom-Esztergom","Tatabányai",1712.0,3575,1428,47.4979,19.0402,"Átmeneti",JSON_2024,"2025-07-24 14:34:07","2025-07-24 14:34:07",6
3057,"Vése","község",Somogy,Marcali,4292.0,680,316,47.4979,19.0402,"Átmeneti",JSON_2024,"2025-07-24 14:34:07","2025-07-24 14:34:07",5
3058,"Veszkény","község","Győr-Moson-Sopron","Kapuvári",1035.0,995,424,47.4979,19.0402,"Átmeneti",JSON_2024,"2025-07-24 14:34:07","2025-07-24 14:34:07",5
3059,"Veszprém","megyeszékhely, megyei jogú város","Veszprém","Veszprémi",12692.0,56029,27677,47.4979,19.0402,"Átmeneti",JSON_2024,"2025-07-24 14:34:07","2025-07-24 14:34:07",9
3060,"Veszprémfajsz","község","Veszprém","Veszprémi",1174.0,263,94,47.4979,19.0402,"Átmeneti",JSON_2024,"2025-07-24 14:34:07","2025-07-24 14:34:07",5
3061,"Veszprémgalsa","község","Veszprém","Sümegi",871.0,274,136,47.4979,19.0402,"Átmeneti",JSON_2024,"2025-07-24 14:34:07","2025-07-24 14:34:07",5
3062,"Veszprémvarsány","község","Győr-Moson-Sopron",Pannonhalmi,2118.0,993,418,47.4979,19.0402,"Átmeneti",JSON_2024,"2025-07-24 14:34:07","2025-07-24 14:34:07",5
3063,"Vésztő","város","Békés",Szeghalmi,12570.0,6087,2867,47.4979,19.0402,"Átmeneti",JSON_2024,"2025-07-24 14:34:07","2025-07-24 14:34:07",6
3064,Vezseny,"község","Jász-Nagykun-Szolnok",Szolnoki,2517.0,583,341,47.4979,19.0402,"Átmeneti",JSON_2024,"2025-07-24 14:34:07","2025-07-24 14:34:07",5
3065,Vid,"község","Veszprém",Devecseri,317.0,106,63,47.4979,19.0402,"Átmeneti",JSON_2024,"2025-07-24 14:34:07","2025-07-24 14:34:07",5
3066,"Vigántpetend","község","Veszprém",Tapolcai,1117.0,211,108,47.4979,19.0402,"Átmeneti",JSON_2024,"2025-07-24 14:34:07","2025-07-24 14:34:07",5
3067,"Villány","város",Baranya,"Siklósi",2202.0,2010,960,47.4979,19.0402,"Átmeneti",JSON_2024,"2025-07-24 14:34:07","2025-07-24 14:34:07",6
3068,"Villánykövesd","község",Baranya,"Siklósi",749.0,206,116,47.4979,19.0402,"Átmeneti",JSON_2024,"2025-07-24 14:34:07","2025-07-24 14:34:07",5
3069,"Vilmány","község","Borsod-Abaúj-Zemplén","Gönci",1251.0,1435,398,47.4979,19.0402,"Átmeneti",JSON_2024,"2025-07-24 14:34:07","2025-07-24 14:34:07",6
3070,Vilonya,"község","Veszprém","Várpalotai",1350.0,678,251,47.4979,19.0402,"Átmeneti",JSON_2024,"2025-07-24 14:34:07","2025-07-24 14:34:07",5
3071,"Vilyvitány","község","Borsod-Abaúj-Zemplén","Sátoraljaújhelyi",1312.0,278,162,47.4979,19.0402,"Átmeneti",JSON_2024,"2025-07-24 14:34:07","2025-07-24 14:34:07",5
3072,"Vinár","község","Veszprém","Pápai",459.0,199,90,47.4979,19.0402,"Átmeneti",JSON_2024,"2025-07-24 14:34:07","2025-07-24 14:34:07",5
3073,Vindornyafok,"község",Zala,Keszthelyi,350.0,114,68,47.4979,19.0402,"Átmeneti",JSON_2024,"2025-07-24 14:34:07","2025-07-24 14:34:07",5
3074,Vindornyalak,"község",Zala,Keszthelyi,451.0,98,53,47.4979,19.0402,"Átmeneti",JSON_2024,"2025-07-24 14:34:07","2025-07-24 14:34:07",5
3075,"Vindornyaszőlős","község",Zala,Keszthelyi,1055.0,341,168,47.4979,19.0402,"Átmeneti",JSON_2024,"2025-07-24 14:34:07","2025-07-24 14:34:07",5
3076,"Visegrád","város",Pest,Szentendrei,3327.0,1793,772,47.4979,19.0402,"Átmeneti",JSON_2024,"2025-07-24 14:34:07","2025-07-24 14:34:07",6
3077,Visnye,"község",Somogy,"Kaposvári",2438.0,220,107,47.4979,19.0402,"Átmeneti",JSON_2024,"2025-07-24 14:34:07","2025-07-24 14:34:07",5
3078,Visonta,"község",Heves,"Gyöngyösi",2529.0,1180,514,47.4979,19.0402,"Átmeneti",JSON_2024,"2025-07-24 14:34:07","2025-07-24 14:34:07",6
3079,Viss,"község","Borsod-Abaúj-Zemplén","Sárospataki",1391.0,443,279,47.4979,19.0402,"Átmeneti",JSON_2024,"2025-07-24 14:34:07","2025-07-24 14:34:07",5
3080,Visz,"község",Somogy,"Fonyódi",602.0,157,97,47.4979,19.0402,"Átmeneti",JSON_2024,"2025-07-24 14:34:07","2025-07-24 14:34:07",5
3081,"Viszák","község",Vas,"Körmendi",1013.0,251,111,47.4979,19.0402,"Átmeneti",JSON_2024,"2025-07-24 14:34:07","2025-07-24 14:34:07",5
3082,"Viszló","község","Borsod-Abaúj-Zemplén","Edelényi",1110.0,61,61,47.4979,19.0402,"Átmeneti",JSON_2024,"2025-07-24 14:34:07","2025-07-24 14:34:07",5
3083,Visznek,"község",Heves,"Gyöngyösi",2273.0,1098,528,47.4979,19.0402,"Átmeneti",JSON_2024,"2025-07-24 14:34:07","2025-07-24 14:34:07",6
3084,"Vitnyéd","község","Győr-Moson-Sopron","Kapuvári",3225.0,1502,554,47.4979,19.0402,"Átmeneti",JSON_2024,"2025-07-24 14:34:07","2025-07-24 14:34:07",6
3085,"Vízvár","község",Somogy,Barcsi,3224.0,433,322,47.4979,19.0402,"Átmeneti",JSON_2024,"2025-07-24 14:34:07","2025-07-24 14:34:07",5
3086,"Vizslás","község","Nógrád","Salgótarjáni",1012.0,1157,538,47.4979,19.0402,"Átmeneti",JSON_2024,"2025-07-24 14:34:07","2025-07-24 14:34:07",6
3087,Vizsoly,"község","Borsod-Abaúj-Zemplén","Gönci",1840.0,880,309,47.4979,19.0402,"Átmeneti",JSON_2024,"2025-07-24 14:34:07","2025-07-24 14:34:07",5
3088,"Vokány","község",Baranya,"Siklósi",1709.0,794,341,47.4979,19.0402,"Átmeneti",JSON_2024,"2025-07-24 14:34:07","2025-07-24 14:34:07",5
3089,Vonyarcvashegy,"nagyközség",Zala,Keszthelyi,1429.0,2431,1535,47.4979,19.0402,"Átmeneti",JSON_2024,"2025-07-24 14:34:07","2025-07-24 14:34:07",6
3090,"Vöckönd","község",Zala,Zalaegerszegi,279.0,103,45,47.4979,19.0402,"Átmeneti",JSON_2024,"2025-07-24 14:34:07","2025-07-24 14:34:07",5
3091,"Völcsej","község","Győr-Moson-Sopron",Soproni,932.0,401,174,47.4979,19.0402,"Átmeneti",JSON_2024,"2025-07-24 14:34:07","2025-07-24 14:34:07",5
3092,"Vönöck","község",Vas,"Celldömölki",1760.0,644,334,47.4979,19.0402,"Átmeneti",JSON_2024,"2025-07-24 14:34:07","2025-07-24 14:34:07",5
3093,"Vöröstó","község","Veszprém","Veszprémi",619.0,103,43,47.4979,19.0402,"Átmeneti",JSON_2024,"2025-07-24 14:34:07","2025-07-24 14:34:07",5
3094,"Vörs","község",Somogy,Marcali,2265.0,456,272,47.4979,19.0402,"Átmeneti",JSON_2024,"2025-07-24 14:34:07","2025-07-24 14:34:07",5
3095,Zabar,"község","Nógrád","Salgótarjáni",1817.0,456,220,47.4979,19.0402,"Átmeneti",JSON_2024,"2025-07-24 14:34:07","2025-07-24 14:34:07",5
3096,"Zádor","község",Baranya,"Szigetvári",1522.0,293,132,47.4979,19.0402,"Átmeneti",JSON_2024,"2025-07-24 14:34:07","2025-07-24 14:34:07",5
3097,"Zádorfalva","község","Borsod-Abaúj-Zemplén",Putnoki,1375.0,432,162,47.4979,19.0402,"Átmeneti",JSON_2024,"2025-07-24 14:34:07","2025-07-24 14:34:07",5
3098,"Zagyvarékas","község","Jász-Nagykun-Szolnok",Szolnoki,3171.0,3523,1451,47.4979,19.0402,"Átmeneti",JSON_2024,"2025-07-24 14:34:07","2025-07-24 14:34:07",6
3099,"Zagyvaszántó","község",Heves,Hatvani,952.0,1820,782,47.4979,19.0402,"Átmeneti",JSON_2024,"2025-07-24 14:34:07","2025-07-24 14:34:07",6
3100,"Záhony","város","Szabolcs-Szatmár-Bereg","Záhonyi",694.0,3712,1830,47.4979,19.0402,"Átmeneti",JSON_2024,"2025-07-24 14:34:07","2025-07-24 14:34:07",6
3101,Zajk,"község",Zala,Letenyei,1239.0,192,98,47.4979,19.0402,"Átmeneti",JSON_2024,"2025-07-24 14:34:07","2025-07-24 14:34:07",5
3102,Zajta,"község","Szabolcs-Szatmár-Bereg","Fehérgyarmati",918.0,373,148,47.4979,19.0402,"Átmeneti",JSON_2024,"2025-07-24 14:34:07","2025-07-24 14:34:07",5
3103,"Zákány","község",Somogy,"Csurgói",869.0,1060,561,47.4979,19.0402,"Átmeneti",JSON_2024,"2025-07-24 14:34:07","2025-07-24 14:34:07",6
3104,"Zákányfalu","község",Somogy,"Csurgói",709.0,381,235,47.4979,19.0402,"Átmeneti",JSON_2024,"2025-07-24 14:34:07","2025-07-24 14:34:07",5
3105,"Zákányszék","község","Csongrád-Csanád","Mórahalmi",6609.0,2672,1391,47.4979,19.0402,"Átmeneti",JSON_2024,"2025-07-24 14:34:07","2025-07-24 14:34:07",6
3106,Zala,"község",Somogy,Tabi,924.0,229,124,47.4979,19.0402,"Átmeneti",JSON_2024,"2025-07-24 14:34:07","2025-07-24 14:34:07",5
3107,"Zalaapáti","község",Zala,Keszthelyi,2342.0,1659,603,47.4979,19.0402,"Átmeneti",JSON_2024,"2025-07-24 14:34:07","2025-07-24 14:34:07",6
3108,Zalabaksa,"község",Zala,Lenti,1611.0,601,266,47.4979,19.0402,"Átmeneti",JSON_2024,"2025-07-24 14:34:07","2025-07-24 14:34:07",5
3109,"Zalabér","község",Zala,"Zalaszentgróti",1278.0,706,337,47.4979,19.0402,"Átmeneti",JSON_2024,"2025-07-24 14:34:07","2025-07-24 14:34:07",5
3110,Zalaboldogfa,"község",Zala,Zalaegerszegi,1147.0,369,149,47.4979,19.0402,"Átmeneti",JSON_2024,"2025-07-24 14:34:07","2025-07-24 14:34:07",5
3111,"Zalacsány","község",Zala,Keszthelyi,1607.0,1016,514,47.4979,19.0402,"Átmeneti",JSON_2024,"2025-07-24 14:34:07","2025-07-24 14:34:07",6
3112,"Zalacséb","község",Zala,Zalaegerszegi,963.0,474,198,47.4979,19.0402,"Átmeneti",JSON_2024,"2025-07-24 14:34:07","2025-07-24 14:34:07",5
3113,Zalaegerszeg,"megyeszékhely, megyei jogú város",Zala,Zalaegerszegi,10246.0,55152,27926,47.4979,19.0402,"Átmeneti",JSON_2024,"2025-07-24 14:34:07","2025-07-24 14:34:07",9
3114,"Zalaerdőd","község","Veszprém","Sümegi",1768.0,237,165,47.4979,19.0402,"Átmeneti",JSON_2024,"2025-07-24 14:34:07","2025-07-24 14:34:07",5
3115,"Zalagyömörő","község","Veszprém","Sümegi",1111.0,414,190,47.4979,19.0402,"Átmeneti",JSON_2024,"2025-07-24 14:34:07","2025-07-24 14:34:07",5
3116,"Zalahaláp","község","Veszprém",Tapolcai,2414.0,1167,490,47.4979,19.0402,"Átmeneti",JSON_2024,"2025-07-24 14:34:07","2025-07-24 14:34:07",6
3117,"Zalaháshágy","község",Zala,Zalaegerszegi,1213.0,354,163,47.4979,19.0402,"Átmeneti",JSON_2024,"2025-07-24 14:34:07","2025-07-24 14:34:07",5
3118,Zalaigrice,"község",Zala,Zalaegerszegi,773.0,94,63,47.4979,19.0402,"Átmeneti",JSON_2024,"2025-07-24 14:34:07","2025-07-24 14:34:07",5
3119,"Zalaistvánd","község",Zala,Zalaegerszegi,1080.0,330,158,47.4979,19.0402,"Átmeneti",JSON_2024,"2025-07-24 14:34:07","2025-07-24 14:34:07",5
3120,Zalakaros,"város",Zala,Nagykanizsai,1717.0,2355,1205,47.4979,19.0402,"Átmeneti",JSON_2024,"2025-07-24 14:34:07","2025-07-24 14:34:07",6
3121,"Zalakomár","nagyközség",Zala,Nagykanizsai,5488.0,2778,1046,47.4979,19.0402,"Átmeneti",JSON_2024,"2025-07-24 14:34:07","2025-07-24 14:34:07",6
3122,"Zalaköveskút","község",Zala,Keszthelyi,227.0,40,28,47.4979,19.0402,"Átmeneti",JSON_2024,"2025-07-24 14:34:07","2025-07-24 14:34:07",5
3123,"Zalalövő","város",Zala,Zalaegerszegi,5264.0,2727,1236,47.4979,19.0402,"Átmeneti",JSON_2024,"2025-07-24 14:34:07","2025-07-24 14:34:07",6
3124,Zalameggyes,"község","Veszprém","Sümegi",256.0,58,38,47.4979,19.0402,"Átmeneti",JSON_2024,"2025-07-24 14:34:07","2025-07-24 14:34:07",5
3125,Zalamerenye,"község",Zala,Nagykanizsai,1399.0,193,140,47.4979,19.0402,"Átmeneti",JSON_2024,"2025-07-24 14:34:07","2025-07-24 14:34:07",5
3126,"Zalasárszeg","község",Zala,Nagykanizsai,304.0,119,66,47.4979,19.0402,"Átmeneti",JSON_2024,"2025-07-24 14:34:07","2025-07-24 14:34:07",5
3127,Zalaszabar,"község",Zala,Nagykanizsai,1695.0,487,263,47.4979,19.0402,"Átmeneti",JSON_2024,"2025-07-24 14:34:07","2025-07-24 14:34:07",5
3128,"Zalaszántó","község",Zala,Keszthelyi,3773.0,906,539,47.4979,19.0402,"Átmeneti",JSON_2024,"2025-07-24 14:34:07","2025-07-24 14:34:07",5
3129,"Zalaszegvár","község","Veszprém","Sümegi",684.0,145,71,47.4979,19.0402,"Átmeneti",JSON_2024,"2025-07-24 14:34:07","2025-07-24 14:34:07",5
3130,"Zalaszentbalázs","község",Zala,Nagykanizsai,2099.0,785,345,47.4979,19.0402,"Átmeneti",JSON_2024,"2025-07-24 14:34:07","2025-07-24 14:34:07",5
3131,"Zalaszentgrót","város",Zala,"Zalaszentgróti",7465.0,5704,2899,47.4979,19.0402,"Átmeneti",JSON_2024,"2025-07-24 14:34:07","2025-07-24 14:34:07",6
3132,"Zalaszentgyörgy","község",Zala,Zalaegerszegi,983.0,406,153,47.4979,19.0402,"Átmeneti",JSON_2024,"2025-07-24 14:34:07","2025-07-24 14:34:07",5
3133,"Zalaszentiván","község",Zala,Zalaegerszegi,1310.0,1021,413,47.4979,19.0402,"Átmeneti",JSON_2024,"2025-07-24 14:34:07","2025-07-24 14:34:07",6
3134,Zalaszentjakab,"község",Zala,Nagykanizsai,701.0,299,151,47.4979,19.0402,"Átmeneti",JSON_2024,"2025-07-24 14:34:07","2025-07-24 14:34:07",5
3135,"Zalaszentlászló","község",Zala,"Zalaszentgróti",1966.0,762,377,47.4979,19.0402,"Átmeneti",JSON_2024,"2025-07-24 14:34:07","2025-07-24 14:34:07",5
3136,"Zalaszentlőrinc","község",Zala,Zalaegerszegi,489.0,254,124,47.4979,19.0402,"Átmeneti",JSON_2024,"2025-07-24 14:34:07","2025-07-24 14:34:07",5
3137,"Zalaszentmárton","község",Zala,Keszthelyi,498.0,57,53,47.4979,19.0402,"Átmeneti",JSON_2024,"2025-07-24 14:34:07","2025-07-24 14:34:07",5
3138,"Zalaszentmihály","község",Zala,Zalaegerszegi,2084.0,947,457,47.4979,19.0402,"Átmeneti",JSON_2024,"2025-07-24 14:34:07","2025-07-24 14:34:07",5
3139,Zalaszombatfa,"község",Zala,Lenti,589.0,38,39,47.4979,19.0402,"Átmeneti",JSON_2024,"2025-07-24 14:34:07","2025-07-24 14:34:07",5
3140,"Zaláta","község",Baranya,Sellyei,2183.0,205,131,47.4979,19.0402,"Átmeneti",JSON_2024,"2025-07-24 14:34:07","2025-07-24 14:34:07",5
3141,"Zalatárnok","község",Zala,Zalaegerszegi,2595.0,612,339,47.4979,19.0402,"Átmeneti",JSON_2024,"2025-07-24 14:34:07","2025-07-24 14:34:07",5
3142,"Zalaújlak","község",Zala,Nagykanizsai,965.0,97,86,47.4979,19.0402,"Átmeneti",JSON_2024,"2025-07-24 14:34:07","2025-07-24 14:34:07",5
3143,"Zalavár","község",Zala,Keszthelyi,3106.0,835,409,47.4979,19.0402,"Átmeneti",JSON_2024,"2025-07-24 14:34:07","2025-07-24 14:34:07",5
3144,"Zalavég","község",Zala,"Zalaszentgróti",1211.0,323,200,47.4979,19.0402,"Átmeneti",JSON_2024,"2025-07-24 14:34:07","2025-07-24 14:34:07",5
3145,Zalkod,"község","Borsod-Abaúj-Zemplén","Sárospataki",1020.0,184,134,47.4979,19.0402,"Átmeneti",JSON_2024,"2025-07-24 14:34:07","2025-07-24 14:34:07",5
3146,"Zamárdi","város",Somogy,"Siófoki",4515.0,2741,2117,47.4979,19.0402,"Átmeneti",JSON_2024,"2025-07-24 14:34:07","2025-07-24 14:34:07",6
3147,"Zámoly","község","Fejér","Székesfehérvári",4850.0,2249,846,47.4979,19.0402,"Átmeneti",JSON_2024,"2025-07-24 14:34:07","2025-07-24 14:34:07",6
3148,"Zánka","község","Veszprém","Balatonfüredi",1956.0,1009,529,47.4979,19.0402,"Átmeneti",JSON_2024,"2025-07-24 14:34:07","2025-07-24 14:34:07",6
3149,"Zaránk","község",Heves,Hevesi,1453.0,453,293,47.4979,19.0402,"Átmeneti",JSON_2024,"2025-07-24 14:34:07","2025-07-24 14:34:07",5
3150,"Závod","község",Tolna,"Bonyhádi",1291.0,248,141,47.4979,19.0402,"Átmeneti",JSON_2024,"2025-07-24 14:34:07","2025-07-24 14:34:07",5
3151,Zebecke,"község",Zala,Lenti,445.0,59,45,47.4979,19.0402,"Átmeneti",JSON_2024,"2025-07-24 14:34:07","2025-07-24 14:34:07",5
3152,"Zebegény","község",Pest,Szobi,963.0,1289,588,47.4979,19.0402,"Átmeneti",JSON_2024,"2025-07-24 14:34:07","2025-07-24 14:34:07",6
3153,"Zemplénagárd","község","Borsod-Abaúj-Zemplén","Cigándi",2909.0,567,345,47.4979,19.0402,"Átmeneti",JSON_2024,"2025-07-24 14:34:07","2025-07-24 14:34:07",5
3154,"Zengővárkony","község",Baranya,"Pécsváradi",1671.0,419,171,47.4979,19.0402,"Átmeneti",JSON_2024,"2025-07-24 14:34:07","2025-07-24 14:34:07",5
3155,"Zichyújfalu","község","Fejér","Gárdonyi",1082.0,854,280,47.4979,19.0402,"Átmeneti",JSON_2024,"2025-07-24 14:34:07","2025-07-24 14:34:07",5
3156,Zics,"község",Somogy,Tabi,1501.0,328,156,47.4979,19.0402,"Átmeneti",JSON_2024,"2025-07-24 14:34:07","2025-07-24 14:34:07",5
3157,Ziliz,"község","Borsod-Abaúj-Zemplén","Edelényi",926.0,348,129,47.4979,19.0402,"Átmeneti",JSON_2024,"2025-07-24 14:34:07","2025-07-24 14:34:07",5
3158,"Zimány","község",Somogy,"Kaposvári",1297.0,520,185,47.4979,19.0402,"Átmeneti",JSON_2024,"2025-07-24 14:34:07","2025-07-24 14:34:07",5
3159,Zirc,"város","Veszprém",Zirci,3740.0,6417,2779,47.4979,19.0402,"Átmeneti",JSON_2024,"2025-07-24 14:34:07","2025-07-24 14:34:07",6
3160,"Zók","község",Baranya,"Szentlőrinci",893.0,249,114,47.4979,19.0402,"Átmeneti",JSON_2024,"2025-07-24 14:34:07","2025-07-24 14:34:07",5
3161,Zomba,"község",Tolna,"Bonyhádi",5729.0,1817,821,47.4979,19.0402,"Átmeneti",JSON_2024,"2025-07-24 14:34:07","2025-07-24 14:34:07",6
3162,Zubogy,"község","Borsod-Abaúj-Zemplén",Putnoki,1143.0,443,222,47.4979,19.0402,"Átmeneti",JSON_2024,"2025-07-24 14:34:07","2025-07-24 14:34:07",5
3163,"Zsadány","község","Békés",Sarkadi,6584.0,1494,706,47.4979,19.0402,"Átmeneti",JSON_2024,"2025-07-24 14:34:07","2025-07-24 14:34:07",6
3164,"Zsáka","nagyközség","Hajdú-Bihar","Berettyóújfalui",7879.0,1395,682,47.4979,19.0402,"Átmeneti",JSON_2024,"2025-07-24 14:34:07","2025-07-24 14:34:07",6
3165,"Zsámbék","város",Pest,Budakeszi,3366.0,5836,1955,47.4979,19.0402,"Átmeneti",JSON_2024,"2025-07-24 14:34:07","2025-07-24 14:34:07",6
3166,"Zsámbok","község",Pest,"Gödöllői",2335.0,2354,995,47.4979,19.0402,"Átmeneti",JSON_2024,"2025-07-24 14:34:07","2025-07-24 14:34:07",6
3167,Zsana,"község","Bács-Kiskun",Kiskunhalasi,8794.0,666,405,47.4979,19.0402,"Átmeneti",JSON_2024,"2025-07-24 14:34:07","2025-07-24 14:34:07",5
3168,"Zsarolyán","község","Szabolcs-Szatmár-Bereg","Fehérgyarmati",639.0,355,153,47.4979,19.0402,"Átmeneti",JSON_2024,"2025-07-24 14:34:07","2025-07-24 14:34:07",5
3169,"Zsebeháza","község","Győr-Moson-Sopron",Csornai,465.0,121,65,47.4979,19.0402,"Átmeneti",JSON_2024,"2025-07-24 14:34:07","2025-07-24 14:34:07",5
3170,"Zsédeny","község",Vas,"Sárvári",643.0,212,101,47.4979,19.0402,"Átmeneti",JSON_2024,"2025-07-24 14:34:07","2025-07-24 14:34:07",5
3171,Zselickisfalud,"község",Somogy,"Kaposvári",2608.0,215,112,47.4979,19.0402,"Átmeneti",JSON_2024,"2025-07-24 14:34:07","2025-07-24 14:34:07",5
3172,Zselickislak,"község",Somogy,"Kaposvári",1039.0,430,182,47.4979,19.0402,"Átmeneti",JSON_2024,"2025-07-24 14:34:07","2025-07-24 14:34:07",5
3173,"Zselicszentpál","község",Somogy,"Kaposvári",1035.0,429,164,47.4979,19.0402,"Átmeneti",JSON_2024,"2025-07-24 14:34:07","2025-07-24 14:34:07",5
3174,Zsennye,"község",Vas,Szombathelyi,502.0,107,56,47.4979,19.0402,"Átmeneti",JSON_2024,"2025-07-24 14:34:07","2025-07-24 14:34:07",5
3175,Zsira,"község","Győr-Moson-Sopron",Soproni,1467.0,813,315,47.4979,19.0402,"Átmeneti",JSON_2024,"2025-07-24 14:34:07","2025-07-24 14:34:07",5
3176,"Zsombó","nagyközség","Csongrád-Csanád","Mórahalmi",2689.0,3390,1461,47.4979,19.0402,"Átmeneti",JSON_2024,"2025-07-24 14:34:07","2025-07-24 14:34:07",6
3177,Zsujta,"község","Borsod-Abaúj-Zemplén","Gönci",673.0,245,91,47.4979,19.0402,"Átmeneti",JSON_2024,"2025-07-24 14:34:07","2025-07-24 14:34:07",5
3178,Zsurk,"község","Szabolcs-Szatmár-Bereg","Záhonyi",1519.0,593,280,47.4979,19.0402,"Átmeneti",JSON_2024,"2025-07-24 14:34:07","2025-07-24 14:34:07",5
